<?xml version='1.0' encoding='UTF-8'?>
<!DOCTYPE Rule PUBLIC "sailpoint.dtd" "sailpoint.dtd">
<Rule language="beanshell" name="CF-ISAMLDAPAfterProvisioning-Rule" type="AfterProvisioning">
  <Description>ISAMLDAPAfterProvisioningRule</Description>
  <ReferencedRules>
    <Reference class="sailpoint.object.Rule" name="CF-Constants-Rule"/>
  </ReferencedRules>
  <Signature>
    <Inputs>
      <Argument name="log">
        <Description>
          The log object associated with the SailPointContext.
        </Description>
      </Argument>
      <Argument name="context">
        <Description>
          A sailpoint.api.SailPointContext object that can be used to query the database if necessary.
        </Description>
      </Argument>
      <Argument name="plan">
        <Description>
          The ProvisioningPlan object on its way to the Connector.
        </Description>
      </Argument>
      <Argument name="application">
        <Description>
          The application object that references this before/after script.
        </Description>
      </Argument>
      <Argument name="result">
        <Description>
          The ProvisioningResult object returned by the connectors provision method. This can be null and in many cases the connector will  not return a result and instead will annotate the plan's ProvisioningResult either at the plan or account level.        
        </Description>
      </Argument>
    </Inputs>
  </Signature>
  <Source>import sailpoint.object.*;
import sailpoint.object.ProvisioningPlan.AccountRequest;
  import sailpoint.object.ProvisioningPlan.AttributeRequest;
import sailpoint.object.ProvisioningPlan.AccountRequest.Operation;
import sailpoint.object.ProvisioningResult;
import org.apache.log4j.Logger;
import sailpoint.api.Provisioner;
import java.io.BufferedReader;
import java.io.IOException;
import java.io.InputStreamReader;
import java.io.OutputStream;
import java.io.OutputStreamWriter;
import java.net.HttpURLConnection;
import java.net.MalformedURLException;
import java.net.ProtocolException;
import java.net.URL;
import org.apache.log4j.Logger;
import java.net.URL;
import java.security.cert.X509Certificate;
import sailpoint.api.IdentityService;
import java.util.List;
import sailpoint.object.Application;
import sailpoint.object.Link;
import sailpoint.api.SailPointContext;

Logger loggerObj = Logger.getLogger("com.carefirst.ISAMAccountActivation");
loggerObj.info("Starting After Provisiioning Rule");

  
if (plan != null) {



    AccountRequest accountRequest = plan.getAccountRequest("ISAM LDAP");
    loggerObj.info("|||||accountRequest ::::" + accountRequest);



    Operation operation = accountRequest.getOperation();
    loggerObj.info("|||||accountRequest operation::::" + operation);
    loggerObj.info("|||||Boolean operation::::" + operation.equals(Operation.Create));
                

                
                String userName = plan.getNativeIdentity();
                Identity userIdentity = context.getObjectByName(Identity.class, userName);
                String userId = userIdentity.getAttribute("userid");

    String userLdapPwd = "";				
    String userPassword = "";

    if(context.decrypt(userIdentity.getPassword())!=null){
      userPassword = context.decrypt(userIdentity.getPassword());                   
    }else{
      userPassword = "Welcome2021";
    }
                

System.out.println("InsideCF-ISAMLDAPAfterProvisioning-Rule,userid="+userId);                
                List attrReq = accountRequest.getAttributeRequests();
                                String confluenceGSOAccess = "";
                                String attrName="";
                                String confluenceUser = "false";
      
  if(attrReq!=null){
  for (AttributeRequest singleAttrReq : attrReq) {
      
    
      
                                                if(singleAttrReq.getName().contains("confluence")){
                                                confluenceUser = "true";
        
          System.out.println("Inside CF-ISAMLDAPAfterProvisioning-Rule, inside for block, inside if block - confluence_users request.");        
               
          if((null != operation &amp;&amp; operation.equals(Operation.Create)) || (null != operation &amp;&amp; operation.equals(Operation.Modify))){
        
            System.out.println("Inside CF-ISAMLDAPAfterProvisioning-Rule, inside if block, user has pwdSynched.");        
                                
				confluenceGSOAccess = "rsrccred create WIKI rsrcuser "+userId+" rsrcpwd "+"\\\"" + userPassword + "\\\" rsrctype web user "+userId ;
				userLdapPwd = "User modify " + userId + " password " + "\\\"" +  userPassword  + "\\\""  ;
                                
            //Code to record GSO users processed begins here
            List GSONewUsers = new ArrayList();
            Custom gsoCustomObj = context.getObjectByName(Custom.class,"CF-ISAMGSOWikiUsersToProcess-Custom");
  
            if(gsoCustomObj.get("GSOWikiNewUsers")!=null){            
              for(String singleNewGSOUser : gsoCustomObj.get("GSOWikiNewUsers")){        
            GSONewUsers.add(singleNewGSOUser);    
              }
            }
              GSONewUsers.add(userName);

              gsoCustomObj.put("GSOWikiNewUsers",GSONewUsers);

              context.saveObject(gsoCustomObj);
              context.commitTransaction();
            
            System.out.println("Inside CF-ISAMLDAPAfterProvisioning-Rule, inside if block, confluence user added to custom file, user = "+userName);        
            
            //Code to record GSO users processed ends here
            
                                }
                                                                
        userIdentity.setAttribute("isamConfluenceUser","true");
        
        context.saveObject(userIdentity);
        context.commitTransaction();
        
        
        
                                                                break;
                                                }
                                }
  }

    if (null != operation &amp;&amp; (operation.equals(Operation.Create) || operation.equals(Operation.Enable) || operation.equals(Operation.Disable) || operation.equals(Operation.Delete) || confluenceUser=="true")) {
        String isamActiveStatus = "";
        String isamGSOStatus = "";
        if (operation.equals(Operation.Create) || operation.equals(Operation.Enable)) {
            isamActiveStatus = "yes";
            isamGSOStatus = "yes";
        }

        if (operation.equals(Operation.Disable)) {
            isamActiveStatus = "no";
            isamGSOStatus = "no";
        }
        loggerObj.info("Inside rule : ISAMAccountActivation");
        //  try{
        //   
        //   String a= singleAccountAggregation("ISAM LDAP",accountRequest.getNativeIdentity());
        //   }catch(Exception e){
        //   loggerObj.error("error");

        //   }

        String identityName = plan.getNativeIdentity();
        loggerObj.info("Inside LDAP AP rule identityName :" + identityName);
        Identity identity = context.getObjectByName(Identity.class, identityName);
        loggerObj.info("Inside LDAP AP rule identity :" + identity);

        Application ldapApp = context.getObjectByName(Application.class, "ISAM LDAP");

        IdentityService identityServ = new IdentityService(context);
        List links = identityServ.getLinks(identity, ldapApp);
        loggerObj.info("Inside LDAP AP rule links :" + links);
        

        loggerObj.info("Inside LDAP AP rule link :" + link);


        String uid = identity.getAttribute("userid");
        loggerObj.info("uid:::" + uid);
        String LDAPDN = accountRequest.getNativeIdentity();

        loggerObj.info("LDAPDN:::" + LDAPDN);
        
        /*
      Identity identity = plan.getIdentity();
      Application appObj  = context.getObjectByName(Application.class, "ISAM LDAP");
      linkObj = identity.getLink(appObj);    
      loggerObj.info("|||||linkObj toXml::::"+linkObj.toXml());
      loggerObj.info("|||||linkObj linkObj.getNativeIdentity()::::"+linkObj.getNativeIdentity());
    */


        // ************************this will be tolenized in SSB************************

        //String POST_PARAM = "{\r\n\"admin_id\":\"sec_master\",\r\n\"admin_pwd\":\"Cf1@m007\",\r\n\"commands\":\r\n[\"user import "+uid+" "+LDAPDN+"\"]\r\n}";
        String POST_PARAM = "{\r\n\"admin_id\":\"sec_master\",\r\n\"admin_pwd\":\"Cf1@m007\",\r\n\"commands\":\r\n[\"user import " + uid + " " + LDAPDN + "\",\n\"User modify " + uid + " account-valid " + isamActiveStatus + "\",\n\"User modify " + uid + " gsouser " + isamGSOStatus + "\"]\r\n}";
        // ************************this will be tolenized in SSB************************
         

        if (null != operation &amp;&amp; operation.equals(Operation.Delete)) {
            POST_PARAM = "{\r\n\"admin_id\":\"sec_master\",\r\n\"admin_pwd\":\"Cf1@m007\",\r\n\"commands\":\r\n[\"user delete -registry " + uid + "\"]\r\n}";
        }
                                
      if (confluenceUser == "true"){
        System.out.println("Inside CF-ISAMLDAPAfterProvisioning-Rule, confluenceUser flag is true, going to set POST_PARAM.");        
        POST_PARAM = "{\r\n\"admin_id\":\"sec_master\",\r\n\"admin_pwd\":\"Cf1@m007\",\r\n\"commands\":\r\n[\"" + confluenceGSOAccess + "\",\n\"" + userLdapPwd + "\"]\r\n}";
        //System.out.println("Inside CF-ISAMLDAPAfterProvisioning-Rule, confluenceUser flag is true, completed setting POST_PARAM. POST_PARAM = "+POST_PARAM);
      }
             
     

        //URL myURL = new URL("https://sal-isamprxe-p1.carefirst.com/isam/pdadmin");
        URL myURL = new URL("https://sal-isamprxe-p1/isam/pdadmin");
        //URL myURL = new URL(ISAM_LDAP_JMS_URL);

        HttpURLConnection postConnectionObj = (HttpURLConnection) myURL.openConnection();
        String basicAuth = "Basic " + new String(Base64.getEncoder().encode("admin@local:Cf1@m016".getBytes()));
        postConnectionObj.setRequestProperty("Authorization", basicAuth);
        postConnectionObj.setRequestMethod("POST");
        postConnectionObj.setRequestProperty("Content-Type", "application/x-www-form-urlencoded");
        postConnectionObj.setRequestProperty("Content-Language", "en-US");
        postConnectionObj.setRequestProperty("Accept", "application/json");
        postConnectionObj.setUseCaches(false);
        postConnectionObj.setDoInput(true);
        postConnectionObj.setDoOutput(true);
        OutputStream os = postConnectionObj.getOutputStream();
        os.write(POST_PARAM.getBytes());
        os.flush();
        os.close();
        int responseCode = postConnectionObj.getResponseCode();
        System.out.println("ISAM LDAP POST Response Code :  " + responseCode);
        System.out.println("ISAM LDAP POST Response Message : " + postConnectionObj.getResponseMessage());
      
        //return "Success return rule 1..."+responseCode+"     [message ] "+postConnectionObj.getResponseMessage();


    }
}
  System.out.println("#### Exiting CF-ISAMLDAPAfterProvisioning-Rule ####");

</Source>
</Rule>