<?xml version='1.0' encoding='UTF-8'?>
<!DOCTYPE Rule PUBLIC "sailpoint.dtd" "sailpoint.dtd">
<Rule language="beanshell" name="AdditionalEntitlement-DescriptionUpdate-AAR">
  <Description>
    Import template-defined Roles from a CSV file.
  </Description>
  <Signature returnType="Map">
    <Inputs>
      <Argument name="log">
        <Description>
          The log object associated with the SailPointContext.
        </Description>
      </Argument>
      <Argument name="context">
        <Description>
          A sailpoint.api.SailPointContext object that can be used to query the database if necessary.
        </Description>
      </Argument>
    </Inputs>
  </Signature>
  <Source>
  import java.io.File;
  import java.util.List;
  import java.util.HashMap;
  import sailpoint.tools.Util;
  import sailpoint.object.Application;
  import sailpoint.object.Bundle;
  import sailpoint.object.Classification;
  import sailpoint.object.ObjectClassification;
  import sailpoint.object.Identity;
  import sailpoint.object.IdentitySelector;
  import sailpoint.object.IdentitySelector.MatchExpression;
  import sailpoint.object.IdentitySelector.MatchTerm;
  import sailpoint.object.IdentitySelector.MatchTerm.Type;
  import sailpoint.object.Link;
  import sailpoint.object.Profile;
  import sailpoint.object.Filter;
  import sailpoint.object.QueryOptions;
  import sailpoint.object.Schema;
  import sailpoint.tools.RFC4180LineIterator;
  import sailpoint.tools.RFC4180LineParser;
  import org.apache.log4j.Logger;
  import sailpoint.object.Custom;
  import sailpoint.object.ManagedAttribute;


  public void updateadditionalEntitlement (HashMap EntHash) {
    System.out.println(" key Values Map "+EntHash);
    String strEntName = (String) EntHash.get("Workgroup") != null ? (String) EntHash.get("Workgroup") : "";
    String strEntDesc = (String) EntHash.get("Description") != null ? (String) EntHash.get("Description") : "";
    HashMap sysDescriptions=new HashMap();

    System.out.println("Role Name: '" + strRoleName);

    try{    

      QueryOptions ops = new QueryOptions();  
      Filter f = Filter.eq( "value",  strEntName);
      ops.addFilter(f);

      List m = context.getObjects(ManagedAttribute.class, ops);

      ManagedAttribute ma=m.get(0);
     if(ma!=null)
      {
      sysDescriptions.put("en_US",strEntDesc);
      ma.setDescriptions(sysDescriptions);
      
     }
     else{

        Custom customObj = context.getObjectByName(Custom.class,"Custom Test");
        if(customObj == null){
          customObj = new Custom();
          customObj.setName("Missing-Ent");
          customObj.put(strEntName, strEntDesc);

        }
        else{
          customObj.put(strRoleName, strRoleOwner);
        }

        context.saveObject(customObj);

      }

      context.saveObject(ma);
      context.commitTransaction();
      return;
    } catch(Exception e){
      System.out.println("Inside Catch Block Exception is "+e);
    }

  }
  // What delimiter do we want to use in the CSV file.
  String dlm = ",";

  String csvFileName ="/home/iqadmin/Data/WorkGroupAccessReviewGroup.csv";
  //return csvFileName;

  File testFile = new File(csvFileName);
  if ((!testFile.exists()) || (testFile.isDirectory())) {
    System.out.println("Unable to find file: " + csvFileName);
    return;
  }

  System.out.println("Importing desc from: '" + csvFileName + "' ...");
  //return csvFileName;
  // Open the CSV file for reading.
  BufferedReader fileIn = new BufferedReader(new FileReader(csvFileName));

  RFC4180LineParser parser = new RFC4180LineParser(dlm);
  System.out.println(" After RFC418 ");
  int lineCounter = 0;
  ArrayList headerStrings = new ArrayList();
  String thisLine = null;
  System.out.println(" Before while ");
  while (null != (thisLine = fileIn.readLine())) {
    System.out.println("Inside while ");

    List tokens = parser.parseLine(thisLine);
    System.out.println(" tokens: " + tokens);

    if (lineCounter == 0) {
      System.out.println(" Inside IF condition: ");
      // Header Line.
      // Assign indexes to each position.
      for (int i=0; i &lt; tokens.size(); i++) {
        headerStrings.add(tokens.get(i).trim());
      }
    } else {
      // Data Line. Read the data elements out.
      HashMap lineHash = new HashMap();
      System.out.println(" Inside else condition: ");
      for (int i=0; i &lt; tokens.size(); i++) {
        String headerString = headerStrings.get(i);
        String valueString = tokens.get(i);
        if (null != valueString) { valueString = valueString.trim(); }
        System.out.println ("header " + headerString + " == " + valueString);
        lineHash.put(headerString, valueString);
      }
      System.out.println(" Before calling  " );
      // return lineHash;
      updateadditionalEntitlement(lineHash);

      System.out.println(" After calling " );

    }

    lineCounter++;

    // Don't let objects accrue in memory, flush them out every so often.
    if ((lineCounter % 20) == 0) { context.decache(); }

  }

  fileIn.close();

  System.out.println("Additional Entitlement desc update Complete.");

  return "Success";

  </Source>
</Rule>