<?xml version='1.0' encoding='UTF-8'?>
<!DOCTYPE Rule PUBLIC "sailpoint.dtd" "sailpoint.dtd">
<Rule language="beanshell" name="CareFirst-Rule-RLOA-Trigger" type="IdentityTrigger">
  <Description>This rule can be used for Certification Events that use rule triggers. The previousIdentity and newIdentity hold snapshots of the identity before the update has occurred and the state of the identity after the update, respectively.</Description>
  <Signature returnType="boolean">
    <Inputs>
      <Argument name="log">
        <Description>
          The log object associated with the SailPointContext.
        </Description>
      </Argument>
      <Argument name="context">
        <Description>
          A sailpoint.api.SailPointContext object that can be used to query the database if necessary.
        </Description>
      </Argument>
      <Argument name="previousIdentity">
        <Description>
          The identity before the refresh/aggregation (this will be null when an
          identity is created).
        </Description>
      </Argument>
      <Argument name="newIdentity">
        <Description>
          The identity after the refresh/aggregation (this will be null when an
          identity is deleted).
        </Description>
      </Argument>
    </Inputs>
    <Returns>
      <Argument name="result">
        <Description>
          A boolean describing the result of the rule.
        </Description>
      </Argument>
    </Returns>
  </Signature>
  <Source>import sailpoint.tools.Util;
import org.apache.log4j.Logger;
import java.util.Calendar;
        import java.util.*;
      import java.text.SimpleDateFormat; 
Logger mylogger = Logger.getLogger("com.carefirst.loggers");
mylogger.info("Starting Carefirst RLOA Trigger Rule");
	try{
	 if(newIdentity != null &amp;&amp; previousIdentity != null){
	 String strAction = newIdentity.getAttribute("action") != null ? newIdentity.getAttribute("action") : "";
	 String strPrevAction = previousIdentity.getAttribute("action") != null ? previousIdentity.getAttribute("action") : "";
	if((previousIdentity.isInactive())){
	 
if(!(newIdentity.getAttribute("company").equals("SBP"))){
	SimpleDateFormat sdf = new SimpleDateFormat("dd-MMM-yy");

        String effDate=newIdentity.getAttribute("effdt");
System.out.println("Inside RLOA------"+effDate);
        Date actualeffdate=  sdf.parse(effDate);
		   Date currentDate = new Date();
        String currentDateString= sdf.format(currentDate);
        Date actualCurrentDate=  sdf.parse(currentDateString);
		System.out.println("Inside RLOA------"+actualeffdate+actualCurrentDate);
		
	 
	 mylogger.info("Starting Carefirst LOA Trigger Rule Action is "+strAction);
	 if(Util.isNotNullOrEmpty(strAction)&amp;&amp;  Util.isNotNullOrEmpty(strPrevAction)) {
             
		if((strAction.equalsIgnoreCase("RFD") || strAction.equalsIgnoreCase("RFL")|| strAction.equalsIgnoreCase("LOA")|| strAction.equalsIgnoreCase("PLA"))&amp;&amp; (actualCurrentDate.compareTo(actualeffdate) &gt;= 0)&amp;&amp; (newIdentity.getAttribute("employeestatus").equals("A") || newIdentity.getAttribute("employeestatus").equals("L") || newIdentity.getAttribute("employeestatus").equals("P"))){
			mylogger.info("Starting Carefirst LOA Trigger Rule Inside return if ");
			return true;  
	  }else{
	  return false;
	  }
	 }else{
	  return false;
	  }
	  
	}

else{
return false;
}
}
}else{
	   return false;
	  }
}
	catch(Exception e){
return false;
	}</Source>
</Rule>