<?xml version='1.0' encoding='UTF-8'?>
<!DOCTYPE Rule PUBLIC "sailpoint.dtd" "sailpoint.dtd">
<Rule language="beanshell" name="Carefirst-LifeCycleEvents-RehireCondition" type="IdentityTrigger">
  <Description>This rule can be used for Certification Events that use rule triggers. The previousIdentity and newIdentity hold snapshots of the identity before the update has occurred and the state of the identity after the update, respectively.</Description>
  <ReferencedRules>
    <Reference class="sailpoint.object.Rule" name="CF-Constants-Rule"/>
  </ReferencedRules>
  <Signature returnType="boolean"/>
  <Source>import sailpoint.tools.Util;
import org.apache.log4j.Logger;


Logger mylogger = Logger.getLogger("com.carefirst.loggers");
System.out.println("Starting Carefirst Rehire Trigger Rule");
	try{
    
    
 List usersList = new ArrayList();

 usersList.add("031860");
 //usersList.add("032322");
 //usersList.add("028671");
 //usersList.add("032835"); 

 //below lines to be deleted
  if(usersList.contains(newIdentity.getName())){
    return true;
  }
  else{
    return false;
  }
  //till above line to be deleted 
    
	if(newIdentity != null &amp;&amp; previousIdentity != null){
  
    if( (newIdentity.getAttribute("employeetype").toString().equalsIgnoreCase("ASSOCIATE")) @and !(newIdentity.getAttribute("company").equals("SBP"))){
      
	 String strAction = newIdentity.getAttribute(ATR_ACTION) != null ? newIdentity.getAttribute(ATR_ACTION) : "";
	 String strPrevAction = previousIdentity.getAttribute("action") != null ? previousIdentity.getAttribute("action") : "";
	  String strEmpType = newIdentity.getAttribute(ATR_EMPLOYEETYPE) != null ? newIdentity.getAttribute(ATR_EMPLOYEETYPE) : "";
	 if(!( (strPrevAction.equalsIgnoreCase(STR_REH)) )){
	
	 String strEmpStatus = newIdentity.getAttribute(ATR_EMPLOYEESTATUS) != null ? newIdentity.getAttribute(ATR_EMPLOYEESTATUS) : "";

    
   System.out.println("Starting Carefirst Leaver Trigger Rule Action is "+strAction);
   
    
	 if( Util.isNotNullOrEmpty(strAction) &amp;&amp;  Util.isNotNullOrEmpty(strEmpType)&amp;&amp;  Util.isNotNullOrEmpty(strEmpStatus)) {
             
		
       if(strEmpType.equalsIgnoreCase(STR_EMPLOYEE)&amp;&amp; (strAction.equalsIgnoreCase(STR_REH))  &amp;&amp; strEmpStatus.equalsIgnoreCase("A")  ){
		return true;
	  }
	 }else{
	 return false;
	 }
	 }
}else{
 return false;
}

}else{
 return false;
}
	}
	catch(Exception e){
return false;
	}</Source>
</Rule>