<?xml version='1.0' encoding='UTF-8'?>
<!DOCTYPE Rule PUBLIC "sailpoint.dtd" "sailpoint.dtd">
<Rule language="beanshell" name="CareFIrst-Rule-LOA-Trigger" type="IdentityTrigger">
  <Description>This rule can be used for Certification Events that use rule triggers. The previousIdentity and newIdentity hold snapshots of the identity before the update has occurred and the state of the identity after the update, respectively.</Description>
  <ReferencedRules>
    <Reference class="sailpoint.object.Rule" name="CF-Constants-Rule"/>
  </ReferencedRules>
  <Signature returnType="boolean"/>
  <Source>import sailpoint.tools.Util;
import org.apache.log4j.Logger;
   import java.util.Calendar;
        import java.util.*;
      import java.text.SimpleDateFormat; 
        import org.apache.log4j.Logger;
System.out.println("Inside LOA------");
Logger mylogger = Logger.getLogger("com.carefirst.loggers");
mylogger.info("Starting Carefirst LOA Trigger Rule");
try{

SimpleDateFormat sdf = new SimpleDateFormat("dd-MMM-yy");
if(newIdentity != null &amp;&amp; previousIdentity != null){
        String effDate=newIdentity.getAttribute("effdt");
		 String strAction =newIdentity.getAttribute("action");
	 String strPrevAction =previousIdentity.getAttribute("action");
	if(!(previousIdentity.isInactive())){
		 String company=newIdentity.getAttribute("company");
System.out.println("Inside LOA------"+effDate);
        Date actualeffdate=  sdf.parse(effDate);
		   Date currentDate = new Date();
        String currentDateString= sdf.format(currentDate);
        Date actualCurrentDate=  sdf.parse(currentDateString);
		System.out.println("Inside LOA------"+actualeffdate+actualCurrentDate+company);
 if(!(company.equalsIgnoreCase("SBP"))){
	
	// mylogger.info("Starting Carefirst LOA Trigger Rule Action is "+strAction);
	 //System.out.println("....................................."+newIdentity+previousIdentity);
	
         System.out.println(strAction+ strPrevAction+ newIdentity.getAttribute("employeestatus"));
		if( ((strAction.equalsIgnoreCase("LOA") &amp;&amp; newIdentity.getAttribute("employeestatus").equals("L"))  ||(strAction.equalsIgnoreCase("PLA")&amp;&amp;(newIdentity.getAttribute("employeestatus").equals("P"))) ) &amp;&amp; (actualCurrentDate.compareTo(actualeffdate) &gt;= 0)){

			mylogger.info("Starting Carefirst LOA Trigger Rule Inside return if ");
			return true;  
	  }
	  else{
      System.out.println("else1");
	 return false;
	 }
	 }else{
   System.out.println("else2");
	 return false;
	 }
	 }
	 }else{
  System.out.println("else3");
	 return false;
	 }
}catch(Exception e){
  System.out.println("inside catch "+e);
return false;
}</Source>
</Rule>