<?xml version='1.0' encoding='UTF-8'?>
<!DOCTYPE Rule PUBLIC "sailpoint.dtd" "sailpoint.dtd">
<Rule language="beanshell" name="CF-ADAfterProv-AggRule" type="AfterProvisioning">
  <Description>An IdentityIQ server-side rule that is executed after the connector's provisioning method is called. This gives the customer the ability to customize or react to anything in the ProvisioningPlan AFTER it has been sent out to the specific applications. 

This rule will be called for any application found in a plan that also has a configured 'afterProvisioningRule' configured.</Description>
  <Signature>
    <Inputs>
      <Argument name="log">
        <Description>
          The log object associated with the SailPointContext.
        </Description>
      </Argument>
      <Argument name="context">
        <Description>
          A sailpoint.api.SailPointContext object that can be used to query the database if necessary.
        </Description>
      </Argument>
      <Argument name="plan">
        <Description>
          The ProvisioningPlan object on its way to the Connector.
        </Description>
      </Argument>
      <Argument name="application">
        <Description>
          The application object that references this before/after script.
        </Description>
      </Argument>
      <Argument name="result">
        <Description>
          The ProvisioningResult object returned by the connectors provision method. This can be null and in many cases the connector will  not return a result and instead will annotate the plan's ProvisioningResult either at the plan or account level.        
        </Description>
      </Argument>
    </Inputs>
  </Signature>
  <Source>import sailpoint.object.Application;
import sailpoint.object.Attributes;

   import sailpoint.object.Application;
  import sailpoint.object.Identity;
  import sailpoint.object.Link;
  import sailpoint.object.ProvisioningPlan;
  import sailpoint.object.ProvisioningPlan.AccountRequest;
  import sailpoint.object.ProvisioningPlan.AttributeRequest;
  import sailpoint.object.Link;
  import sailpoint.object.Link;
  import sailpoint.api.Provisioner;
  import sailpoint.api.*;
  import sailpoint.tools.Util;
  import java.text.DateFormat;  
  import java.text.SimpleDateFormat;  
  import java.util.Date;  
  import sailpoint.object.QueryOptions;
  import java.util.Calendar;  
  import java.util.Date;
  import java.util.Date;
  import java.util.List;
  import java.util.Iterator;
  import sailpoint.api.ObjectUtil;
  import sailpoint.api.SailPointContext;
  import sailpoint.object.Filter;
  import sailpoint.object.Filter.LeafFilter;
  import sailpoint.object.Identity;
  import sailpoint.object.QueryOptions;
  import sailpoint.object.NotificationConfig;
  import sailpoint.object.WorkItem;
  import sailpoint.object.EmailOptions;
  import sailpoint.object.EmailTemplate;
  import sailpoint.object.Bundle;
import sailpoint.object.Filter;
import sailpoint.object.Identity;
import sailpoint.object.IdentitySelector;
import sailpoint.object.IdentitySelector.MatchExpression;
import sailpoint.object.IdentitySelector.MatchTerm;
     import org.apache.log4j.Logger;
  import sailpoint.object.ProvisioningProject;

if ( plan != null )
{
List accounts = plan.getAccountRequests();
if ( ( accounts != null ) &amp;&amp; ( accounts.size() &gt; 0 ) )
{
for ( AccountRequest acctRequest : accounts )
{
if (( acctRequest != null ) &amp;&amp; (!(AccountRequest.Operation.Create.equals(acctRequest.getOperation()))))
{
System.out.println("---------------Single Account Aggregation Started-------------------------");
 String identityName = (String) acctRequest.getNativeIdentity();
System.out.println("Single Account Aggregation Completed:"+identityName );
 String result = singleAccountAggregation("Active Directory",identityName);
System.out.println("Single Account Aggregation Completed:"+result);
}
}
}
AccountRequest accountRequest = plan.getAccountRequest("Active Directory");
  String userObjName = plan.getNativeIdentity();
      Identity identity = context.getObjectByName(Identity.class,userObjName);

System.out.println("**** Inside AD after provisioning rule, BEFORE entering code to provision Skype attributes ****");
System.out.println("User company = "+identity.getAttribute("company"));
System.out.println("Account request = "+accountRequest);
System.out.println("Operation = "+accountRequest.getOperation());
System.out.println("Plan = "+plan.toXml());

if (!identity.getAttribute("company").equalsIgnoreCase("SBP") &amp;&amp; ( accountRequest != null ) &amp;&amp; ((AccountRequest.Operation.Create.equals(accountRequest.getOperation()))))
{
	System.out.println("**** Inside AD after provisioning rule, entering code to provision Skype attributes ****");
	System.out.println("Inside AD after provisioning rule, inside code to provision Skype attributes, plan - BEFORE setting Skype attrs = "+plan.toXml());


 String SipAddress= "sip:"+identity.getAttribute("userid")+"@carefirsttest.com";
     ArrayList l=new ArrayList();
     l.add("SamAccountName");
      l.add("FirstLastName");
      l.add("EmailAddress");
	
AccountRequest accountRequest = plan.getAccountRequest("Active Directory");

// accountRequest.setOperation(ProvisioningPlan.AccountRequest.Operation.Modify);

        
         accountRequest.add(new AttributeRequest("SipAddress",ProvisioningPlan.Operation.Add,SipAddress));
       accountRequest.add(new AttributeRequest("msRTCSIP-UserEnabled",ProvisioningPlan.Operation.Add,"true"));
       accountRequest.add(new AttributeRequest("SipAddressType",ProvisioningPlan.Operation.Add,l));
       accountRequest.add(new AttributeRequest("RegistrarPool",ProvisioningPlan.Operation.Set,"sfb.carefirsttest.com"));

     
      plan.add(accountRequest);
      plan.setIdentity(identity);

  Provisioner provisioner= new Provisioner(context);
    provisioner.setNoLocking(true);
    provisioner.setOptimisticProvisioning(true);
    ProvisioningProject project =  provisioner.compile(plan);

    provisioner.execute(plan); 


	System.out.println("Inside AD after provisioning rule, inside code to provision Skype attributes, plan - AFTER setting Skype attrs = "+plan.toXml());

	System.out.println("#### Inside AD after provisioning rule, exiting code to provision Skype attributes ####");


}
}</Source>
</Rule>