<?xml version='1.0' encoding='UTF-8'?>
<!DOCTYPE Rule PUBLIC "sailpoint.dtd" "sailpoint.dtd">
<Rule language="beanshell" name="CF-ActiveDirectoryEmail-Rule" type="FieldValue">
  <Description>This rule can be used to generate a field value (eg - an account name) using data from the given Identity. If this rule is run in the context of a workflow step then the arguments passed into the step will also be available. Also, any field values that have been processed so far from the policy related to the Application/Role will be available.</Description>
  <ReferencedRules>
    <Reference class="sailpoint.object.Rule" name="CF-Constants-Rule"/>
  </ReferencedRules>
  <Signature returnType="String"/>
  <Source>import sailpoint.object.*; 
      if(identity != null &amp;&amp; (!(identity.getAttribute(ATR_COMPANY).equalsIgnoreCase("SBP")))){
      String  userid=  identity.getAttribute("userid") != null ? identity.getAttribute("userid") : "";
String firstname = "";
 // String firstname =  identity.getFirstname();
 // if(oldValue == null){
//if(employeetype.equalsIgnoreCase(STR_EMPLOYEE)){
      System.out.println("CF-Global-EmailRule........12");
if(identity.getAttribute("prefFirstName")!=null){
firstname =  identity.getAttribute("prefFirstName");
  System.out.println("CF-Global-EmailRule........11");
}
else{
firstname =  identity.getAttribute("firstname");
 // firstname=hrApplication.getAttribute("FIRST_NAME");
  System.out.println("CF-Global-EmailRule.......1."+identity.getAttributes());
}
//}
/* else{
firstname =  identity.getAttribute("firstname");
  // firstname=hrApplication.getAttribute("FIRST_NAME");
    System.out.println("CF-Global-EmailRule.......2.");
}*/
  System.out.println("CF-Global-EmailRule"+firstname);
String lastname =  identity.getLastname();
//    String lastname = hrApplication.getAttribute("LAST_NAME");
  System.out.println("CF-Global-EmailRule"+lastname);
String company = identity.getAttribute(ATR_COMPANY);
//  String company = "WIL";
  System.out.println("CF-Global-EmailRule: "+company);
String domain = "";
    if(company !=null){
if(company.equalsIgnoreCase("CCO")){
domain=STR_CCO_MAIL;
}
else if(company.equalsIgnoreCase("TRU")){
domain=STR_TRU_MAIL;
}
else if(company.equalsIgnoreCase("WIL")||company.equalsIgnoreCase("NCS")){
domain=STR_WIL_MAIL;
}
else if(company.equalsIgnoreCase("SBP")){
domain=STR_SBP_MAIL;
}
else {
domain=STR_CAREFIRST_MAIL;
}
    }else {
domain=STR_CAREFIRST_MAIL;
}
System.out.println("CF-Global-EmailRule"+domain);
String email = firstname+"."+lastname+domain;
  System.out.println("email::"+email);
 boolean flag = true;

  Identity identity = null; 
  Filter emailFilter= null;
    emailFilter = Filter.eq("email",email);
   identity = context.getUniqueObject(Identity.class,emailFilter);
   
   if(identity != null){
     System.out.println("identity......."+email);
		String middleInit = identity.getAttribute("middleName");
//String middleInit = identity.getAttribute("middlename");
		List middleList = new ArrayList();
		if(middleInit != null @and middleInit.length() != 0){
                    email = firstname+"."+Character.toString(middleInit.charAt(0))+"."+lastname+domain;
                //email = firstname+"."+middleInit.charAt(0)+"."+lastname+domain;
		//middleList.add(Character.toString(middleInit.charAt(0)));
		emailFilter = Filter.eq("email",email);
		identity = context.getUniqueObject(Identity.class,emailFilter);
		if(identity == null){
        
          flag=false;
      }
	  while(flag){
	  
	  if(middleList == null || middleList.size() == 0){
		email =   firstname+".X."+lastname+domain;
		middleList.add("X");
        emailFilter= Filter.eq("email",email);
		identity = context.getUniqueObject(Identity.class,emailFilter);
		if(identity == null){
        
          flag=false;
      }
        //count ++;
		}
		else{
	  for (char ch = 'A'; ch @lteq 'Z'; ch++) {
			String st = Character.toString(ch);
			email = firstname+"."+st+"."+lastname+domain;
			middleList.add(st);
			emailFilter= Filter.eq("email",email);
			identity = context.getUniqueObject(Identity.class,emailFilter);
			if(identity == null){
        
          flag=false;
		  break;
      }
		}
		}
	  }
	  }
	  else{
	  while(flag){
	  
	  if(middleList == null || middleList.size() == 0){
		email =   firstname+".X."+lastname+domain;
		middleList.add("X");
        emailFilter= Filter.eq("email",email);
		identity = context.getUniqueObject(Identity.class,emailFilter);
		if(identity == null){
        
          flag=false;
      }
        //count ++;
		}
		else{
	  for (char ch = 'A'; ch @lteq 'Z'; ch++) {
			String st = Character.toString(ch);
			email = firstname+"."+st+"."+lastname+domain;
			middleList.add(st);
			emailFilter= Filter.eq("email",email);
			identity = context.getUniqueObject(Identity.class,emailFilter);
			if(identity == null){
        
          flag=false;
		  break;
      }
		}
		}
	  }
	  }
  }
   System.out.println("Before Return::"+email);
      email = email.replaceAll(" ", "");
return email;
 // }
 /* else{
    return oldValue;
  }*/
        }</Source>
</Rule>