<?xml version='1.0' encoding='UTF-8'?>
<!DOCTYPE Rule PUBLIC "sailpoint.dtd" "sailpoint.dtd">
<Rule language="beanshell" name="CF-AfterProvisioningSkype-Rule" type="AfterProvisioning">
  <Description>An IdentityIQ server-side rule that is executed after the connector's provisioning method is called. This gives the customer the ability to customize or react to anything in the ProvisioningPlan AFTER it has been sent out to the specific applications. 

This rule will be called for any application found in a plan that also has a configured 'afterProvisioningRule' configured.</Description>
  <Signature>
    <Inputs>
      <Argument name="log">
        <Description>
          The log object associated with the SailPointContext.
        </Description>
      </Argument>
      <Argument name="context">
        <Description>
          A sailpoint.api.SailPointContext object that can be used to query the database if necessary.
        </Description>
      </Argument>
      <Argument name="plan">
        <Description>
          The ProvisioningPlan object on its way to the Connector.
        </Description>
      </Argument>
      <Argument name="application">
        <Description>
          The application object that references this before/after script.
        </Description>
      </Argument>
      <Argument name="result">
        <Description>
          The ProvisioningResult object returned by the connectors provision method. This can be null and in many cases the connector will  not return a result and instead will annotate the plan's ProvisioningResult either at the plan or account level.        
        </Description>
      </Argument>
    </Inputs>
  </Signature>
  <Source>
   import sailpoint.object.*;
  import java.util.*;
        import sailpoint.api.Provisioner;
  import sailpoint.object.ProvisioningPlan.AttributeRequest;
  import sailpoint.object.ProvisioningPlan.AccountRequest;
  import sailpoint.object.ProvisioningPlan;
   System.out.println("999999999999999999999999999999999999999999999999999999999999999999999");
  System.out.println("After Prov Rule plan..............................."+plan.toXml()+plan.getNativeIdentity());

 Identity  identity = context.getObjectByName(Identity.class,plan.getNativeIdentity().toString());
 ProvisioningPlan plan1 = new ProvisioningPlan();

ArrayList a =new ArrayList ();

a=plan.getAccountRequests();
for(AccountRequest accountRequest:a){
 String h=accountRequest.getNativeIdentity().toString();
 String SipAddress= "sip:"+identity.getAttribute("userid")+"@carefirsttest.com";
     ArrayList l=new ArrayList();
     l.add("SamAccountName");
      l.add("FirstLastName");
      l.add("EmailAddress");
    if(identity != null){
      //plan = new ProvisioningPlan();
      linkObj = identity.getLink("Active Directory");
      System.out.println("linkObj"+linkObj+identity.getName());
    
 AccountRequest accountRequest1 = new AccountRequest();

   // if(linkObj != null){
      log.info("Inside Common Rule Library buildCustomPlan()  inside null check");
      accountRequest1.setApplication("Active Directory");
      accountRequest1.setNativeIdentity(h);

      
        accountRequest1.setOperation(ProvisioningPlan.AccountRequest.Operation.Modify);

        
         accountRequest1.add(new AttributeRequest("SipAddress",SipAddress));
       accountRequest1.add(new AttributeRequest("msRTCSIP-UserEnabled","true"));
       accountRequest1.add(new AttributeRequest("SipAddressType",l));
       accountRequest1.add(new AttributeRequest("RegistrarPool","sfb.carefirsttest.com"));

     
      plan1.add(accountRequest1);
      plan1.setIdentity(identity);
          
  //  }
    System.out.println("plan:::: "+plan1);
   // return plan; 
  }
 Provisioner  prov = new Provisioner(context);
        prov.compile(plan1);
        prov.execute();
}
  
  
  
  </Source>
</Rule>