<?xml version='1.0' encoding='UTF-8'?>
<!DOCTYPE Rule PUBLIC "sailpoint.dtd" "sailpoint.dtd">
<Rule language="beanshell" name="CF-AixApplication-Customization-Rule" type="ResourceObjectCustomization">
  <Description>This rule is configured on the application and is called after the connector has build a ResourceObject from the native application data.

    Initially designed for non-rule based connectors to add SPPrivileged flag to an object, but could be used to do any transformations.</Description>
  <ReferencedRules>
    <Reference class="sailpoint.object.Rule" name="CF-Constants-Rule"/>
  </ReferencedRules>
  <Signature returnType="ResourceObject"/>
  <Source>

   import java.util.*;
  import sailpoint.object.QueryOptions;
  import sailpoint.object.Filter;
  import java.util.List;
  import java.util.ArrayList;
  import java.util.HashMap;
  import sailpoint.object.Identity;
  import sailpoint.object.Custom;

  Custom customObj=context.getObjectByName(Custom.class,"CF-SAR-ServiceAccountsExclusionList");
  List userList=customObj.getAttributes().get("excludeaccounts");


  String username = object.getAttribute("User Name");
  //String id = object.getAttribute("id");
  
  System.out.println("AIX Customization Rule User Name:"+username);
   //System.out.println("AIX Customization Rule id:"+id);
  
 
  


  //Code to avoid creation of uncorrelated identities as part of aggregation
  QueryOptions ops = new QueryOptions();
  Filter f = Filter.eq( "userid", username);
  ops.addFilter(f);

  List identityList = context.getObjects( Identity.class, ops );

  if(!(identityList.isEmpty()))
  {
    Identity idObj=identityList.get(0);

    String empType=idObj.getAttributes().get("employeetype");

    if(empType.equalsIgnoreCase(STR_EMPLOYEE) @or empType.equalsIgnoreCase(STR_AFFILIATE) @or empType.equalsIgnoreCase(STR_CONTRACTOR))
    {
      System.out.println("Skipping"+idObj);   
      return null;
    }
    else if(userList.contains(idObj.getName().toLowerCase()))
    {
      System.out.println("Aggregating the record"+idObj);
      return null;
    }
    else
    {
      return object;
    }
  }
  

if(userList.contains(username.toLowerCase()))
    {
      System.out.println("Aggregating the record"+username);
      return null;
    }

  else
  {
    return object;
  }


  
  </Source>
</Rule>