<?xml version='1.0' encoding='UTF-8'?>
<!DOCTYPE Rule PUBLIC "sailpoint.dtd" "sailpoint.dtd">
<Rule language="beanshell" name="CF-ADWWWHomePage-Rule" type="FieldValue">
  <Description>Rule to set wWWHomePage attribute of the user on AD.</Description>
  <ReferencedRules>
    <Reference class="sailpoint.object.Rule" name="CF-Constants-Rule"/>
  </ReferencedRules>
  <Signature returnType="String">
    <Inputs>
      <Argument name="identity" type="Identity">
        <Description>
          The Identity object that represents the user needing the field value.
        </Description>
      </Argument>
    </Inputs>
  </Signature>
  <Source>
  import sailpoint.object.*;

  if(identity != null){

    String userIDValue  = identity.getAttribute(ATR_USERID);
    String userWwwHomePage = userIDValue + ATR_WWWHOMEPAGE;
    
      return userWwwHomePage;
    }  
  </Source>
</Rule>