<?xml version='1.0' encoding='UTF-8'?>
<!DOCTYPE Rule PUBLIC "sailpoint.dtd" "sailpoint.dtd">
<Rule language="beanshell" name="CF-ADPreferredNameChange-Rule" type="IdentityAttributeTarget">
  <Description>Identity attribute target rules are used to transform identity attribute values that are being pushed to targets.</Description>
  <ReferencedRules>
    <Reference class="sailpoint.object.Rule" name="CF-Constants-Rule"/>
  </ReferencedRules>
  <Signature returnType="Object"/>
  <Source>import sailpoint.object.Identity;
import sailpoint.object.Application;
import sailpoint.api.IdentityService;
import java.util.List;
import sailpoint.object.*;
if (null != identity) {
  try {

    String prefFirstName = identity.getAttribute("prefFirstName");
    String lastName = identity.getAttribute("lastname");
    String middleName = identity.getAttribute("middleName");
    String userEmail = identity.getAttribute("email");
    String aDdisplayName = "";
    int userEmailDotCount = 0;

    for (int i = 0; i &lt; userEmail.length(); i++) {
      if (userEmail.charAt(i) == '.')
        userEmailDotCount++;
    }
    System.out.println("Inside CF-ADPreferredNameChange-Rule" + prefFirstName + " " + lastName + " "+middleName+ " "+userEmail);
    if (userEmailDotCount &gt; 2 ) {
        System.out.println("Inside CF-ADPreferredNameChange-Rule, inside if block, aDdisplayName " + aDdisplayName);
        if(null != middleName){
            aDdisplayName = lastName + ", " + prefFirstName + " " + middleName;
        } else {
            aDdisplayName = lastName + ", " + prefFirstName;
        }
    } else {
      aDdisplayName = lastName + ", " + prefFirstName;
      System.out.println("Inside CF-ADPreferredNameChange-Rule, inside else block, aDdisplayName " + aDdisplayName);
    }
    return aDdisplayName;
  } catch (Exception e) {
    //logger.error("got the error in manager update rule");
    //logger.error(e);
  }
}</Source>
</Rule>