<?xml version='1.0' encoding='UTF-8'?>
<!DOCTYPE Rule PUBLIC "sailpoint.dtd" "sailpoint.dtd">
<Rule language="beanshell" name="CF-AttributeChangeTrigger-Rule" type="IdentityTrigger">
  <Description>This rule can be used for Certification Events that use rule triggers. The previousIdentity and newIdentity hold snapshots of the identity before the update has occurred and the state of the identity after the update, respectively.</Description>
  <Signature returnType="boolean">
    <Inputs>
      <Argument name="log">
        <Description>
          The log object associated with the SailPointContext.
        </Description>
      </Argument>
      <Argument name="context">
        <Description>
          A sailpoint.api.SailPointContext object that can be used to query the database if necessary.
        </Description>
      </Argument>
      <Argument name="previousIdentity">
        <Description>
          The identity before the refresh/aggregation (this will be null when an
          identity is created).
        </Description>
      </Argument>
      <Argument name="newIdentity">
        <Description>
          The identity after the refresh/aggregation (this will be null when an
          identity is deleted).
        </Description>
      </Argument>
    </Inputs>
    <Returns>
      <Argument name="result">
        <Description>
          A boolean describing the result of the rule.
        </Description>
      </Argument>
    </Returns>
  </Signature>
  <Source>

  import sailpoint.object.Application;
  import sailpoint.object.Identity;
  import sailpoint.object.Link;
  import sailpoint.object.Identity;
  import sailpoint.object.*;
  import sailpoint.object.Link;

  System.out.println("******CF-AttributeChangeTrigger-Rule" + newIdentity + previousIdentity);
  if (previousIdentity != null @and newIdentity != null) {
    String prvPrefFirstName = previousIdentity.getAttribute("prefFirstName");
    String newPrefFirstName = newIdentity.getAttribute("prefFirstName");
    String newFirstName = newIdentity.getAttribute("firstname");
    String oldFirstName = previousIdentity.getAttribute("firstname");
    String newMiddleName = newIdentity.getAttribute("middleName");
    if(newMiddleName!=null)
    {
      newMiddleName = newMiddleName.trim();
      newMiddleName = newMiddleName.isEmpty()?null:newMiddleName;
    }
    String oldMiddleName = previousIdentity.getAttribute("middleName");
    if(oldMiddleName!=null)
    {
      oldMiddleName = oldMiddleName.trim();
      oldMiddleName = oldMiddleName.isEmpty()?null:oldMiddleName;
    }
    String newLastName = newIdentity.getAttribute("lastname");
    String oldLastName = previousIdentity.getAttribute("lastname");
    String newEmployeeType = newIdentity.getAttribute("employeetype");
    if (newEmployeeType != null) {
      if (newEmployeeType.equalsIgnoreCase("ASSOCIATE") || newEmployeeType.equalsIgnoreCase("CONTRACTOR") ) {
        //System.out.println("******CF-AttributeChangeTrigger-Rule" + newIdentity + previousIdentity);
        if ((prvPrefFirstName != null) @and (newPrefFirstName != null)) {
          //System.out.println("******Inside 1st IF loop" + prvPrefFirstName + newPrefFirstName );
          if (!(prvPrefFirstName.equalsIgnoreCase(newPrefFirstName))) {
            //System.out.println("******Inside 2nd IF loop" + prvPrefFirstName + newPrefFirstName );
            return true;
          } /*else {
          return false;
        }*/
        }
        else if ((prvPrefFirstName == null) @and (newPrefFirstName != null)) {
          if(!newPrefFirstName.equalsIgnoreCase(oldFirstName)){
            return true;
          }
        }      if ((newFirstName != null) @and (oldFirstName != null) @and (prvPrefFirstName == null)) {
          //System.out.println("******Inside fname else IF loop" + newFirstName + oldFirstName );
          if (!(oldFirstName.equalsIgnoreCase(newFirstName))) {
            //System.out.println("******Inside fname inner IF loop" + newFirstName + oldFirstName );
            return true;
          } 
        }

        if ((newLastName != null) @and (oldLastName != null)) {
          //System.out.println("******Inside middle else IF loop" + newLastName + oldLastName );
          if (!(oldLastName.equalsIgnoreCase(newLastName))) {
            //System.out.println("******Inside middle inner IF loop" + newLastName + oldLastName );
            return true;
          } 
        }
        if ((newMiddleName != null) @and (oldMiddleName != null)) {
          //System.out.println("******Inside middle else IF loop" + newMiddleName + oldMiddleName );
          if (!(oldMiddleName.equalsIgnoreCase(newMiddleName))) {
            //System.out.println("******MiddleName Change Activity" + newMiddleName + oldMiddleName );

            Application appObj  = context.getObjectByName(Application.class, "Active Directory");
            if(appObj != null){
              
              Link linkObj = newIdentity.getLink(appObj);
              if(linkObj != null){
              String displayName = linkObj.getAttribute("displayName");

              String lastTwo = displayName.substring(displayName.length() - 3);
              if(lastTwo.contains(" ")){
                return true; 
              }
              }
            } 
          }
        }
        else if ((oldMiddleName == null) @and (newMiddleName != null)) {
          //System.out.println("******MiddleName new Addition" + newMiddleName + oldMiddleName );
          Application appObj  = context.getObjectByName(Application.class, "Active Directory");
          if(appObj != null){
            Link linkObj = newIdentity.getLink(appObj);
            if(linkObj != null){
            String displayName = linkObj.getAttribute("displayName");
            String lastTwo = displayName.substring(displayName.length() - 3);
            if(lastTwo.contains(" ")){
              return true; 
            }
            }
          }
        }
        else if ((oldMiddleName != null) @and (newMiddleName == null)) {
          //System.out.println("******MiddleName Removal" + newMiddleName + oldMiddleName );
          Application appObj  = context.getObjectByName(Application.class, "Active Directory");
          if(appObj != null){
            Link linkObj = newIdentity.getLink(appObj);
            if(linkObj != null){
            String displayName = linkObj.getAttribute("displayName");
            String lastTwo = displayName.substring(displayName.length() - 3);
            if(lastTwo.contains(" ")){
              return true;
            } 
            }
          }
        }
      } else {
        return false;
      }
    } else {
      return false;
    }
  } else {
    return false;
  }
  </Source>
</Rule>