<?xml version='1.0' encoding='UTF-8'?>
<!DOCTYPE Rule PUBLIC "sailpoint.dtd" "sailpoint.dtd">
<Rule language="beanshell" name="CF-AutomationReconCorrelation-Rule" type="Correlation">
  <Description>Identity Correlation Rules are used to find identities to which new accounts can be attached.A correlation rule must return a Map with one of the specified Return arguments.</Description>
  <ReferencedRules>
    <Reference class="sailpoint.object.Rule" name="CF-Constants-Rule"/>
  </ReferencedRules>
  <Signature returnType="Map"/>
  <Source>import sailpoint.object.QueryOptions;
  import sailpoint.object.Filter;
  import java.util.List;
  import java.util.ArrayList;
  import java.util.HashMap;
  import sailpoint.object.Identity;
  import sailpoint.object.Identity;
  import java.text.DateFormat; 
  import java.text.SimpleDateFormat;
  import java.util.Date; 
  import org.apache.log4j.Logger;
  import java.util.List;
  import java.util.HashMap;
  import sailpoint.tools.Util;
  import sailpoint.object.Application;
  import sailpoint.object.Bundle;
  import sailpoint.object.Custom;
  import sailpoint.object.Classification;
  import sailpoint.object.ObjectClassification;
  import sailpoint.object.Identity;
  import sailpoint.object.IdentitySelector;
  import sailpoint.object.IdentitySelector.MatchExpression;
  import sailpoint.object.IdentitySelector.MatchTerm;
  import sailpoint.object.IdentitySelector.MatchTerm.Type;
  import sailpoint.object.Link;
  import sailpoint.object.Profile;
  import sailpoint.object.Filter;
  import sailpoint.object.Filter.LeafFilter;
  import sailpoint.object.QueryOptions;
  import sailpoint.object.Schema;
  import sailpoint.object.ManagedAttribute;
  import sailpoint.tools.RFC4180LineIterator;
  import sailpoint.tools.RFC4180LineParser;
  import java.sql.Connection;
  import java.sql.DriverManager;
  import java.sql.*;


  //Variables from application account
  String username = account.getAttribute("NativeID");
  String nativeIdentity=account.getAttribute("NativeID");
  //String applicationName =account.getName();  
  String applicationName =account.getAttribute("Environment");



  if(username!=null)
  {
    //if the userid exists in the application sheet, mapping the identitycube
    QueryOptions ops = new QueryOptions();
    Filter f = Filter.eq( "userid", username);
    ops.addFilter(f);

    List identities = context.getObjects( Identity.class, ops );

    HashMap map = new HashMap();
    if(!(identities.isEmpty()))
    {
      Identity i=identities.get(0);
      map.put("identity",i);
      return map;
    }
    else
    {
      //if the userid doesnt exists in the application sheet, fetching data from custom table(database)
    String user = STR_DBUNAME;
    String password = STR_DBPASS;
    String url = STR_URL;
    Class.forName("com.mysql.cj.jdbc.Driver").newInstance();
    Connection connection = DriverManager.getConnection(url, user, password);
    System.out.println("connection............................"+connection);


    Statement stmt = connection.createStatement();
    String sqlQuery = "select userid from [identityiq].[dbo].[discApp_details] where nativeIdentity='"+nativeIdentity+"' and applicationName='"+applicationName+"'";
    ResultSet rs = stmt.executeQuery(sqlQuery);
    String userid = "";

    while ( rs.next() ) {
      userid = rs.getString("userid");
      System.out.println("userid"+userid);
    }
    connection.close();

    QueryOptions qoption = new QueryOptions();
    Filter filter = Filter.eq( "userid", userid);
    qoption.addFilter(filter);

    List identityList = context.getObjects( Identity.class, qoption);  

    HashMap hmap = new HashMap();
    if(!(identityList.isEmpty()))
    {
      Identity i=identityList.get(0);
      hmap.put("identity",i);
      return hmap;
    }

    }

  }
  </Source>
</Rule>