<?xml version='1.0' encoding='UTF-8'?>
<!DOCTYPE Rule PUBLIC "sailpoint.dtd" "sailpoint.dtd">
<Rule language="beanshell" name="CF-ActiveDirectory-BeforeProvisioning-Rule" type="BeforeProvisioning">
  <Description>An IdentityIQ server-side rule that is executed before the connector's provisioning method is called. This gives the customer the ability to customize or react to anything in the ProvisioningPlan BEFORE it is sent to the underlying connectors used in provisioning. 

This rule will be called for any application found in a plan that also has a configured 'beforeProvisioningRule' configured.  

The plan can be updated directly in the rule by reference and does not need to return the plan.</Description>
  <ReferencedRules>
    <Reference class="sailpoint.object.Rule" name="CF-Constants-Rule"/>
  </ReferencedRules>
  <Signature>
    <Inputs>
      <Argument name="log">
        <Description>
          The log object associated with the SailPointContext.
        </Description>
      </Argument>
      <Argument name="context">
        <Description>
          A sailpoint.api.SailPointContext object that can be used to query the database if necessary.
        </Description>
      </Argument>
      <Argument name="plan">
        <Description>
          The ProvisioningPlan object on its way to the Connector.
        </Description>
      </Argument>
      <Argument name="application">
        <Description>
          The application object that references this before/after script.
        </Description>
      </Argument>
    </Inputs>
  </Signature>
  <Source>import sailpoint.object.*;
  import sailpoint.object.ProvisioningPlan.AccountRequest;
  import sailpoint.object.ProvisioningPlan.AttributeRequest;
  import sailpoint.object.ProvisioningPlan;

  import sailpoint.api.PasswordGenerator;
  import sailpoint.object.PasswordPolicy;
  import java.util.*;

  Identity identity = plan.getIdentity();
  System.out.println("Identity **************"+identity);
  List accountRequestsList = new ArrayList();
  String applicationName = "";
  String operationName = "";
  try{
if(identity != null){
				if((plan.getSource() != null) &amp;&amp; (plan.getSource().equalsIgnoreCase("Certification")) &amp;&amp; (plan.getSourceName() != null) &amp;&amp; plan.getSourceName().contains("InactiveReview")){
					for ( AccountRequest accountRequest : plan.getAccountRequests() ) {   
						if ( accountRequest.getOp().equals( ProvisioningPlan.ObjectOperation.Delete ) ) {
							accountRequest.setOp( ProvisioningPlan.ObjectOperation.Disable );
							accountRequest.setApplication("Active Directory");							
						}
						
					}
					HashMap launchArgsMap = new HashMap();
			        identity.setInactive(true);
					identity.setAttribute("action", "TER");
					identity.setAttribute("hrStatus","I");
					plan.setIdentity(identity);
					context.saveObject(identity);
			        context.commitTransaction();
					launchArgsMap.put("identityName",identity.getName());
					launchArgsMap.put("plan",plan);
					launchArgsMap.put("requester","spadmin");
					Workflow wf = (Workflow)context.getObjectByName(Workflow.class,"CF-Leaver-Workflow");
					// Create and Configure WorkflowLaunch object 
					WorkflowLaunch wflaunch = new WorkflowLaunch();
					wflaunch.setWorkflowName(wf.getName());
					wflaunch.setWorkflowRef(wf.getName());
					wflaunch.setCaseName("Disable User");
					wflaunch.setVariables(launchArgsMap);
					//Create Workflower and launch workflow from WorkflowLaunc
					Workflower workflower = new Workflower(context);
					WorkflowLaunch launch = workflower.launch(wflaunch);

				}
			}
if(identity != null @and !identity.getAttribute("employeetype").equalsIgnoreCase("AFFILIATE")){

      //System.out.println("Printing Plan **************"+plan.toXml());
      if(identity.getAttribute(ATR_COMPANY).equalsIgnoreCase(STR_FEPOCCOMPANY_SBP) @and identity.getAttribute(ATR_EMPLOYEETYPE).equalsIgnoreCase(STR_CONTRACTOR)){
        //System.out.println("**************************Company SBP Is Matching ");

        accountRequestsList = plan.getAccountRequests();

        for(ProvisioningPlan.AccountRequest actReq : accountRequestsList){
          applicationName= actReq.getApplication();
          operationName=actReq.getOperation().toString();
          //System.out.println("Operation from Account request"+operationName);

          if(applicationName.equals(STR_ACTIVE_DIRECTORY)) {
            if(operationName.equals("Create"))
            {
              //System.out.println("Inside if loop **************"+operationName);
              plan.remove(actReq);
              return null;
            }
          }
        }   
      }
    }
  }catch(Exception e) 
  {
    System.out.println("Inside catch block"+e.getMessage());
  }
  String passwordnew = "";
  String STR_AD_PASSWORD_POLICY = "CF-ActiveDirectory-PasswordPolicy";
  System.out.println("getPassword() ................"+identity.getPassword() );

  if((!identity.getAttribute("employeetype").equalsIgnoreCase("AFFILIATE") @and identity.getPassword()==null) @and (identity.getAttribute("hrStatus").equals("I"))){

    System.out.println("passwordnew ........................."+passwordnew);

    PasswordPolicy policy = context.getObjectByName(PasswordPolicy.class, STR_AD_PASSWORD_POLICY);
    if(policy!=null)
    {
      passwordnew = new PasswordGenerator(context).generatePassword(policy);
      if(null== passwordnew){
        passwordnew = passwordnew.replaceAll("[^a-zA-Z0-9]", "c");
      }
    }
    System.out.println("passwordnew"+passwordnew);
    identity.setPassword(passwordnew);
    context.saveObject(identity);
    context.commitTransaction(); 
  }</Source>
</Rule>