<?xml version='1.0' encoding='UTF-8'?>
<!DOCTYPE Rule PUBLIC "sailpoint.dtd" "sailpoint.dtd">
<Rule language="beanshell" name="CF-ADExtensionAttributeUpdated-TargetMapping-Rule" type="IdentityAttributeTarget">
  <Description/>
  <ReferencedRules>
    <Reference class="sailpoint.object.Rule" name="CF-Constants-Rule"/>
  </ReferencedRules>
  <Signature returnType="Object">
    <Inputs>
      <Argument name="log">
        <Description>
          The log object associated with the SailPointContext.
        </Description>
      </Argument>
      <Argument name="context">
        <Description>
          A sailpoint.api.SailPointContext object that can be used to query the database if necessary.
        </Description>
      </Argument>
      <Argument name="value" type="Object">
        <Description>
           The value of the identity attribute.  Note that this could be single value or a list of values.
        </Description>
      </Argument>
      <Argument name="sourceIdentityAttribute">
        <Description>
           The sailpoint.object.ObjectAttribute for this target.
        </Description>
      </Argument>
      <Argument name="sourceIdentityAttributeName">
        <Description>
           The name of the identity attribute for this target.
        </Description>
      </Argument>
      <Argument name="sourceAttributeRequest">
        <Description>
           The sailpoint.object.ProvisioningPlan.AttributeRequest that is
           setting the attribute on the identity.
        </Description>
      </Argument>
      <Argument name="target">
        <Description>
           The sailpoint.object.AttributeTarget that is being processed.
        </Description>
      </Argument>
      <Argument name="link">
        <Description>
           The sailpoint.object.Link that is being processed.
        </Description>
      </Argument>
      <Argument name="identity">
        <Description>
           The sailpoint.object.Identity that is being processed.
        </Description>
      </Argument>
      <Argument name="project">
        <Description>
           The sailpoint.object.ProvisioningProject that has the changes that
           are being requested.
        </Description>
      </Argument>
    </Inputs>
    <Returns>
      <Argument name="attributeValue">
        <Description>
          The transformed value that will be pushed to the target.
        </Description>
      </Argument>
    </Returns>
  </Signature>
  <Source>import sailpoint.object.*;
String extValue="";
String company = identity.getAttribute("company");
if(company!=null){
	if(company.equalsIgnoreCase("WIL")){
		extValue="cfablue";
	} else if(company.equalsIgnoreCase("CCO")){
		extValue="CCO";
	} else if(company.equalsIgnoreCase("TRU")){
		extValue="CHPDC";
	}
}
return extValue;</Source>
</Rule>