<?xml version='1.0' encoding='UTF-8'?>
<!DOCTYPE Rule PUBLIC "sailpoint.dtd" "sailpoint.dtd">
<Rule language="beanshell" name="CF-AD-DN-Rule" type="FieldValue">
  <Description>This rule can be used to generate a field value (eg - an account name) using data from the given Identity. If this rule is run in the context of a workflow step then the arguments passed into the step will also be available. Also, any field values that have been processed so far from the policy related to the Application/Role will be available.</Description>
  <ReferencedRules>
    <Reference class="sailpoint.object.Rule" name="CF-Constants-Rule"/>
    <Reference class="sailpoint.object.Rule" name="CF-CommonLibrary-Rule"/>
  </ReferencedRules>
  <Signature returnType="String"/>
  <Source>import sailpoint.object.*;
System.out.println("In DN Rule firstname is:::"+identity);
  //return "CN=testDNTe\\, Embar"+","+STR_ASSOCIATE_OU;
  if(identity != null){

  
  String firstname =  identity.getFirstname();
  String lastname =  identity.getLastname();
System.out.println("In DN Rule firstname is:::"+firstname);
  String employeeType  = identity.getAttribute(ATR_EMPLOYEETYPE);
String userDN ="";
if(null != employeeType &amp;&amp; employeeType.equalsIgnoreCase(STR_EMPLOYEE)){
System.out.println("In DN Rule, user type: Employee, setting DN:::"+userDN);
userDN = "cn="+lastname+"."+firstname+","+STR_ASSOCIATE_OU;
System.out.println("In DN Rule, user type: Employee, setting DN:::"+userDN);
return userDN;
  }else{
    userDN ="cn="+lastname+"."+firstname+","+STR_CONTRACTOR_OU;
System.out.println("In DN Rule, user type: Contractor DN:::"+userDN);
return userDN;
  
  }
  }</Source>
</Rule>