<?xml version='1.0' encoding='UTF-8'?>
<!DOCTYPE Rule PUBLIC "sailpoint.dtd" "sailpoint.dtd">
<Rule language="beanshell" name="CF-BizappADUserPermissionsPSCommands-Rule" type="ConnectorAfterCreate">
  <Attributes>
    <Map>
      <entry key="ObjectOrientedScript" value="true"/>
      <entry key="disabled" value="false"/>
      <entry key="extension" value=".ps1"/>
      <entry key="program" value="powershell.exe"/>
      <entry key="timeout" value="150"/>
    </Map>
  </Attributes>
  <Description>
    An IdentityIQ Server-Side rule that is executed AFTER the connector's provisioning method is called. 
    This rule is called after accounts have been created on the underlying AD domain.
  </Description>
  <Signature>
    <Inputs>
      <Argument name="log">
        <Description>
          The log object associated with the SailPointContext.
        </Description>
      </Argument>
      <Argument name="context">
        <Description>
          A sailpoint.api.SailPointContext object that can be used to query the database if necessary.
        </Description>
      </Argument>
      <Argument name="plan">
        <Description>
          The ProvisioningPlan object on its way to the Connector.
        </Description>
      </Argument>
      <Argument name="application">
        <Description>
          The application object that references this before/after script.
        </Description>
      </Argument>
    </Inputs>
  </Signature>
  <Source>  
  Add-type -path E:\IQService\IQService\utils.dll

    try{

	ECHO "**** Inside CF-BizappADUserPermissionsPSCommands-Rule **** " |Add-Content -path E:\Test\CF-BizappADUserPermissionsPSCommands-Logs.txt -FORCE

      $sReader = New-Object System.IO.StringReader([System.String]$env:Request); 
      $xmlReader = [System.xml.XmlTextReader]([sailpoint.Utils.xml.XmlUtil]::getReader($sReader)); 
      $requestObject = New-Object Sailpoint.Utils.objects.AccountRequest($xmlReader);

        foreach ($attribute in $requestObject.AttributeRequests){
          if($attribute.Name -eq "sAMAccountName"){
            [string]$samAccountName = $attribute.Value
          }

        }

Set-ADuser -Identity $samAccountName -CannotChangePassword $true
ECHO "**** CannotChangePassword has been set on BizappAD to true for user: "+$samAccountName |Add-Content -path E:\Test\CF-BizappADUserPermissionsPSCommands-Logs.txt -FORCE

  }


  catch{
    ECHO "Error:" $_.exception.message|Add-Content -path E:\Test\CF-BizappADUserPermissionsPSCommandsErrors-Logs.txt -FORCE
  }

  </Source>
</Rule>