<?xml version='1.0' encoding='UTF-8'?>
<!DOCTYPE Rule PUBLIC "sailpoint.dtd" "sailpoint.dtd">
<Rule language="beanshell" name="CF-BizappADAfterProvisioning-Rule" type="AfterProvisioning">
  <Description>BizappADAfterProvisioningRule</Description>
  <Signature>
    <Inputs>
      <Argument name="log">
        <Description>
          The log object associated with the SailPointContext.
        </Description>
      </Argument>
      <Argument name="context">
        <Description>
          A sailpoint.api.SailPointContext object that can be used to query the database if necessary.
        </Description>
      </Argument>
      <Argument name="plan">
        <Description>
          The ProvisioningPlan object on its way to the Connector.
        </Description>
      </Argument>
      <Argument name="application">
        <Description>
          The application object that references this before/after script.
        </Description>
      </Argument>
      <Argument name="result">
        <Description>
          The ProvisioningResult object returned by the connectors provision method. This can be null and in many cases the connector will  not return a result and instead will annotate the plan's ProvisioningResult either at the plan or account level.        
        </Description>
      </Argument>
    </Inputs>
  </Signature>
  <Source>
import sailpoint.object.*;
import sailpoint.object.ProvisioningPlan.AccountRequest;
import sailpoint.object.ProvisioningPlan.AccountRequest.Operation;
import sailpoint.object.ProvisioningResult;
import sailpoint.object.Rule;
import java.util.HashMap;
import org.apache.log4j.Logger;

System.out.println("^^^^^ Starting CF-BizappADAfterProvisioning-Rule rule ^^^^");

Logger loggerObj = Logger.getLogger("com.carefirst.BizappADAccountActivation");
loggerObj.info("Starting After Provisiioning Rule");
System.out.println("Starting After Provisiioning Rule");
if (plan != null) {
    AccountRequest accountRequest = plan.getAccountRequest("BizAppAD");
  	
  	loggerObj.info("|||||plan ::::" + plan.toXml());
    loggerObj.info("|||||accountRequest ::::" + accountRequest);

	System.out.println("*** Inside CF-BizappADAfterProvisioning-Rule rule, inside first if block ****");

    Operation operation = accountRequest.getOperation();
    loggerObj.info("|||||accountRequest operation::::" + operation);
    loggerObj.info("|||||Boolean operation::::" + operation.equals(Operation.Create));

    if (null != operation &amp;&amp; (operation.equals(Operation.Create))){

		System.out.println("*** Inside CF-BizappADAfterProvisioning-Rule rule, inside second if block ****");
 
		String identityName = plan.getNativeIdentity();
        loggerObj.info("Inside CF-BizappADAfterProvisioning-Rule identityName :" + identityName);
        Identity identity = context.getObjectByName(Identity.class, identityName);
        loggerObj.info("Inside BizappAD rule identity :" + identity);

        String userId = identity.getAttribute("userid");
        loggerObj.info("uid:::" + userId);
		
		System.out.println("*** Inside CF-BizappADAfterProvisioning-Rule rule, userId = "+userId);
		
		Rule ruleForRunningPSCommandsOnAD = context.getObject(Rule.class,"CF-BizappADRunUserPSCommands-Rule");
		HashMap ruleParam = new HashMap();
		ruleParam.put("userId",userId);		

		context.runRule(ruleForRunningPSCommandsOnAD ,ruleParam);
		
		System.out.println("#### Exiting CF-BizappADAfterProvisioning-Rule rule ####");
		
	}
}
</Source>
</Rule>