<?xml version='1.0' encoding='UTF-8'?>
<!DOCTYPE Rule PUBLIC "sailpoint.dtd" "sailpoint.dtd">
<Rule language="beanshell" name="CF-BiAnnual-ExclusionRule" type="CertificationExclusion">
  <Description>This rule is an example Certification Exclusion rule that removes all of the certifiable items from a certification if the identity being certified is marked as inactive.</Description>
  <ReferencedRules>
    <Reference class="sailpoint.object.Rule" name="CF-Constants-Rule"/>
  </ReferencedRules>
  <Signature returnType="String">
    <Inputs>
      <Argument name="log">
        <Description>
          The log object associated with the SailPointContext.
        </Description>
      </Argument>
      <Argument name="context">
        <Description>
          A sailpoint.api.SailPointContext object that can be used to query the database if necessary.
        </Description>
      </Argument>
      <Argument name="entity" type="AbstractCertifiableEntity">
        <Description>
          The AbstractCertifiableEntity that is part of the certification.
          Currently, this is either an Identity, ManagedAttribute, or Bundle.
        </Description>
      </Argument>
      <Argument name="certification" type="Certification">
        <Description>
          The certification that this identity is part of.
        </Description>
      </Argument>
      <Argument name="certContext" type="CertificationContext">
        <Description>
          The CertificationContext that is being used to generate the
          certification.
        </Description>
      </Argument>
      <Argument name="items" type="List">
        <Description>
          List of Certifiable items that are currently part of the
          certification for this identity.  Any items that should be excluded
          from the certification should be deleted from this list and added
          to the itemsToExclude list.
        </Description>
      </Argument>
      <Argument name="itemsToExclude" type="List">
        <Description>
          A List of Certifiable items that should not be included in the
          certification.  This list will be empty when the rule is executed
          and any items that should not be part of the certification should
          be moved from the items list to the itemsToExclude list.
        </Description>
      </Argument>
      <Argument name="state">
        <Description>
          A Map containing state information.
        </Description>
      </Argument>
    </Inputs>
    <Returns>
      <Argument name="explanation" type="String">
        <Description>
          An optional explanation describing why the items were excluded.
        </Description>
      </Argument>
    </Returns>
  </Signature>
  <Source>

  import java.text.ParseException;
  import java.text.SimpleDateFormat;
  import java.util.Date;
  import java.util.List;
  import java.util.Locale;
  import java.util.TimeZone;
  import sailpoint.object.AbstractCertifiableEntity;
  import sailpoint.object.Certifiable;
  import sailpoint.object.Identity;
  import sailpoint.object.Link;
  import java.util.Iterator;
  import java.util.List;
  import sailpoint.object.Bundle;
  import sailpoint.object.Certifiable;
  import sailpoint.object.ManagedAttribute;
  import sailpoint.object.EntitlementGroup;
  import sailpoint.object.Attributes;
  import sailpoint.object.Custom;


  Iterator iter = items.iterator();
  Custom roleExclusionList=context.getObject(Custom.class, "CF-UARExclusionRoleList");
  Custom applicationExclusionList=context.getObject(Custom.class, "CF-UAREntitlement-ExclusionApplicationList");
  while (iter.hasNext())
  {

    sailpoint.object.Certifiable item = (sailpoint.object.Certifiable) iter.next();

    System.out.println("Certification Item:"+item);
    if(item!=null)
    {      System.out.println("Certification Item**************************:"+item.toXml());

    }

    if (item instanceof sailpoint.object.Bundle)
    {
      String roleType=item.getType();
      String roleName=item.getName();
      System.out.println("Certification Item type:"+roleType);

      if (roleType.equalsIgnoreCase("birthRightBusiness") @or roleType.equalsIgnoreCase("birthRightIT") )
      {

        iter.remove();
        itemsToExclude.add(item);
      }

      if(roleExclusionList.get("roleList").contains(roleName))
      {
        iter.remove();
        itemsToExclude.add(item);
      }     

    }


    if (item instanceof sailpoint.object.EntitlementGroup)
    {
      String AppName=item.getApplicationName();

      System.out.println("Certification Item type:"+a);

      if(applicationExclusionList.get("Application").contains(AppName))
      {

        Attributes atts = item.getAttributes();
        System.out.println("Certification Item type:"+a);
        List entlist = atts.getKeys();
        Iterator entit = entlist.iterator();
        while (entit.hasNext())
        {
          String attrname = entit.next();

          String attrval = atts.getString(attrname);
          iter.remove();
          itemsToExclude.add(item);

        }
      }
    }


  }

  return "Removed Roles that are birthright"; 



  </Source>
</Rule>