<?xml version='1.0' encoding='UTF-8'?>
<!DOCTYPE Rule PUBLIC "sailpoint.dtd" "sailpoint.dtd">
<Rule language="beanshell" name="CF-BizAppADAfterProv-AggRule" type="AfterProvisioning">
  <Description>An IdentityIQ server-side rule that is executed after the connector's provisioning method is called. This gives the customer the ability to customize or react to anything in the ProvisioningPlan AFTER it has been sent out to the specific applications. 

This rule will be called for any application found in a plan that also has a configured 'afterProvisioningRule' configured.</Description>
  <ReferencedRules>
    <Reference class="sailpoint.object.Rule" name="CF-Constants-Rule"/>
    <Reference class="sailpoint.object.Rule" name="CF-CommonLibrary-Rule"/>
    <Reference class="sailpoint.object.Rule" name="CF-CommonWebServiceLibrary-Rule"/>
    <Reference class="sailpoint.object.Rule" name="LaunchPowerShellRule"/>
    <Reference class="sailpoint.object.Rule" name="CF-CORPADDN-RULE"/>
  </ReferencedRules>
  <Source>import sailpoint.object.Application;
import sailpoint.object.Attributes;

   import sailpoint.object.Application;
  import sailpoint.object.Identity;
  import sailpoint.object.Link;
  import sailpoint.object.ProvisioningPlan;
  import sailpoint.object.ProvisioningPlan.AccountRequest;
  import sailpoint.object.ProvisioningPlan.AttributeRequest;
  import sailpoint.object.Link;
  import sailpoint.object.Link;
  import sailpoint.api.Provisioner;
  import sailpoint.api.*;
  import sailpoint.tools.Util;
  import java.text.DateFormat;  
  import java.text.SimpleDateFormat;  
  import java.util.Date;  
  import sailpoint.object.QueryOptions;
  import java.util.Calendar;  
  import java.util.Date;
  import java.util.Date;
  import java.util.List;
  import java.util.Iterator;
  import sailpoint.api.ObjectUtil;
  import sailpoint.api.SailPointContext;
  import sailpoint.object.Filter;
  import sailpoint.object.Filter.LeafFilter;
  import sailpoint.object.Identity;
  import sailpoint.object.QueryOptions;
  import sailpoint.object.NotificationConfig;
  import sailpoint.object.WorkItem;
  import sailpoint.object.EmailOptions;
  import sailpoint.object.EmailTemplate;
  import sailpoint.object.Bundle;
import sailpoint.object.Filter;
import sailpoint.object.Identity;
import sailpoint.object.IdentitySelector;
import sailpoint.object.IdentitySelector.MatchExpression;
import sailpoint.object.IdentitySelector.MatchTerm;
     import org.apache.log4j.Logger;

try{
 String identityName = plan.getNativeIdentity();
 String result = singleAccountAggregation("BizAppAD",identityName);
System.out.println("Single Account Aggregation Completed:"+result);
}catch(Exception e)
{}</Source>
</Rule>