<?xml version='1.0' encoding='UTF-8'?>
<!DOCTYPE Rule PUBLIC "sailpoint.dtd" "sailpoint.dtd">
<Rule language="beanshell" name="CF-BuildMap-Rule" type="BuildMap">
  <Description>This rule is used by the delimited file connector to build a map representation of the delimited data.</Description>
  <ReferencedRules>
    <Reference class="sailpoint.object.Rule" name="CF-Constants-Rule"/>
  </ReferencedRules>
  <Signature returnType="Map">
    <Inputs>
      <Argument name="log">
        <Description>
          The log object associated with the SailPointContext.
        </Description>
      </Argument>
      <Argument name="context">
        <Description>
          A sailpoint.api.SailPointContext object that can be used to query the database if necessary.
        </Description>
      </Argument>
      <Argument name="application">
        <Description>
          The application whose data file is being processed.
        </Description>
      </Argument>
      <Argument name="schema">
        <Description>
          The Schema currently in use.
        </Description>
      </Argument>
      <Argument name="state">
        <Description>
          A Map containing state information.
        </Description>
      </Argument>
      <Argument name="record">
        <Description>
          A List of data tokens parsed from the current line of the data file.
        </Description>
      </Argument>
      <Argument name="cols">
        <Description>
          A List of the columns to use.
        </Description>
      </Argument>
    </Inputs>
    <Returns>
      <Argument name="map">
        <Description>
          A Map of the resource object assembled from the data.
        </Description>
      </Argument>
    </Returns>
  </Signature>
  <Source>import sailpoint.connector.DelimitedFileConnector;
  import java.text.SimpleDateFormat;
  import java.util.Date;
  import sailpoint.tools.Util;
  import org.apache.log4j.Logger;

  Logger mylogger = Logger.getLogger("com.carefirst.loggers");
  mylogger.info("Starting Buildmap Rule");



  HashMap map = (HashMap)DelimitedFileConnector.defaultBuildMap(cols, record);
  mylogger.info("Starting Buildmap Rule"+map);


  String strAction = map.get(ATR_OBJ_ACTION);
  String strEffectiveDate = map.get(ATR_EFFECTIVE_DATE);
  mylogger.info("strEffectiveDate"+strEffectiveDate);
  Date effectiveDate =null;

  if(strEffectiveDate != null ){
    SimpleDateFormat formatter=new SimpleDateFormat(STR_DATE_FORMAT);
    effectiveDate = formatter.parse(strEffectiveDate);
  }
  Date todayDate = new Date();
  mylogger.info("todayDate is == "+todayDate+effectiveDate );

  if(Util.isNotNullOrEmpty(strAction) &amp;&amp; effectiveDate !=null ) {
    if(strAction.equalsIgnoreCase(STR_ACTION_HIR) || strAction.equalsIgnoreCase(STR_ACTION_ADD)) {

      map.put(ATR_START_DATE,strEffectiveDate);
       map.put(ATR_END_DATE,STR_END_DATE_VALUE);
    }

  }
  //Based on effective Date updated employee status and end date
  if(effectiveDate != null &amp;&amp; todayDate != null &amp;&amp; Util.isNotNullOrEmpty(strAction)) {
 mylogger.info("SystemDate and effectiveDates are Equal or Greater Immediate Termination " +effectiveDate);
    if(todayDate.compareTo(effectiveDate) &gt;= 0){

      if(strAction.equalsIgnoreCase(STR_ACTION_HIR)) {
        map.put(ATR_OBJ_EMP_STATUS,STR_ACTIVE);
      }
      else if(strAction.equalsIgnoreCase(STR_ACTION_TER)) {
        map.put(ATR_OBJ_EMP_STATUS,STR_TERMINATE);
        map.put(ATR_END_DATE,strEffectiveDate);
      }
      else if(strAction.equalsIgnoreCase("DTA")) {
        map.put(ATR_OBJ_EMP_STATUS,"Data Change");
      }
 else if(strAction.equalsIgnoreCase("LOA")) {
        map.put(ATR_OBJ_EMP_STATUS,"L");
      }
else if(strAction.equalsIgnoreCase("PLA")) {
        map.put(ATR_OBJ_EMP_STATUS,"P");
      }
else if((strAction.equalsIgnoreCase("RFL"))|| (strAction.equalsIgnoreCase("RFD"))) {
        map.put(ATR_OBJ_EMP_STATUS,"A");
      }
    
      else if(strAction.equalsIgnoreCase(STR_ACTION_ADD)) {
        map.put(ATR_OBJ_EMP_STATUS,STR_ACTIVE);
      }
    }

    if(todayDate.compareTo(effectiveDate) &lt; 0 &amp;&amp; strAction.equalsIgnoreCase(STR_ACTION_ADD)) {
      map.put(ATR_OBJ_EMP_STATUS,ATR_PREHIRE);
    }
    else if(todayDate.compareTo(effectiveDate) &lt; 0 &amp;&amp; strAction.equalsIgnoreCase(STR_ACTION_HIR)) {
      map.put(ATR_OBJ_EMP_STATUS,ATR_PREHIRE);
    }

  }


  //Set UserType
  if(map.get(ATR_OBJ_PER_ORG)!=null){
    if(map.get(ATR_OBJ_PER_ORG).toString().equals(STR_EMP)){
      
          map.put(ATR_OBJ_PER_ORG,STR_EMPLOYEE);
      
    }else if(map.get(ATR_OBJ_PER_ORG).toString().equals(STR_CWR)){
       
           map.put(ATR_OBJ_PER_ORG,STR_CONTRACTOR);
    
    }
    else{
      System.out.println("Not a Carefirst Associate");
    }
    
  }
  return map;</Source>
</Rule>