<?xml version='1.0' encoding='UTF-8'?>
<!DOCTYPE Rule PUBLIC "sailpoint.dtd" "sailpoint.dtd">
<Rule language="beanshell" name="CF-BizappADRunUserPSCommands-Rule" type="ConnectorAfterCreate">
  <Signature returnType="Map">
    <Inputs>
      <Argument name="userId">
        <Description>
		Network ID of the user.
        </Description>
      </Argument>
    </Inputs>
  </Signature>
  <Source>
  import sailpoint.object.Application;
  import sailpoint.object.Rule;
  import sailpoint.object.RpcRequest;
  import sailpoint.object.RpcResponse;
  import sailpoint.connector.RPCService;

  import sailpoint.object.ProvisioningPlan.AccountRequest;
  import sailpoint.object.ProvisioningPlan.AccountRequest.Operation;
  import sailpoint.object.ProvisioningPlan.AttributeRequest;
  import sailpoint.object.ProvisioningPlan.Operation;
  import sailpoint.object.*;

	System.out.println("^^^^^ Starting CF-BizappADRunUserPSCommands-Rule rule ^^^^");

   String strADAppName = "BizappAD";

  
  //if(identity != null){
  Application appObj = context.getObjectByName(Application.class, strADAppName);

  AccountRequest accountRequest = new AccountRequest();
  accountRequest.setApplication("BizappAD");  
  accountRequest.setOperation(AccountRequest.Operation.Modify); 
  accountRequest.add(new AttributeRequest("sAMAccountName",ProvisioningPlan.Operation.Set,userId));

  System.out.println("*** Inside CF-BizappADRunUserPSCommands-Rule rule, accountRequest = "+accountRequest.toXml());

  Map data = new HashMap();

  Rule ruleObj = context.getObjectByName(Rule.class,"CF-BizappADUserPermissionsPSCommands-Rule");

  data.put("postScript",ruleObj);
  data.put("Application", appObj.getAttributes());
  data.put("Request", accountRequest);
  
  String IQServiceServer = "sv-spidsvc-p3.bizapps.local";
  int IQServicePort = 5050;
  
  RPCService service = new RPCService(IQServiceServer,IQServicePort);
  service.setConnectorServices(new sailpoint.connector.DefaultConnectorServices());
  RpcRequest request = new RpcRequest("ScriptExecutor","runAfterScript",data);
  RpcResponse response = service.execute(request); 
  
  System.out.println("#### Exiting CF-BizappADRunUserPSCommands-Rule rule ####");
  
  //}
  </Source>
</Rule>