<?xml version='1.0' encoding='UTF-8'?>
<!DOCTYPE Rule PUBLIC "sailpoint.dtd" "sailpoint.dtd">
<Rule language="beanshell" name="CF-BulkRoleDescriptionUpdate-Rule" type="Correlation">
  <Description>
Import template-defined Roles from a CSV file.
</Description>
  <Signature returnType="Map">
    <Inputs>
      <Argument name="log">
        <Description>
The log object associated with the SailPointContext.
</Description>
      </Argument>
      <Argument name="context">
        <Description>
A sailpoint.api.SailPointContext object that can be used to query the database if necessary.
</Description>
      </Argument>
    </Inputs>
  </Signature>
  <Source>
// Sample Tool to import Roles.
import java.io.File;
import java.util.List;
import java.util.HashMap;
import sailpoint.tools.Util;
import sailpoint.object.Attributes;

import java.util.Map;
import sailpoint.object.Application;
import sailpoint.object.Bundle;
import sailpoint.object.Custom;
import sailpoint.object.Classification;
import sailpoint.object.ObjectClassification;
import sailpoint.object.Identity;
import sailpoint.object.IdentitySelector;
import sailpoint.object.IdentitySelector.MatchExpression;
import sailpoint.object.IdentitySelector.MatchTerm;
import sailpoint.object.IdentitySelector.MatchTerm.Type;
import sailpoint.object.Link;
import sailpoint.object.Profile;
import sailpoint.object.Filter;
import sailpoint.object.QueryOptions;
import sailpoint.object.Schema;
import sailpoint.tools.RFC4180LineIterator;
import sailpoint.tools.RFC4180LineParser;


// Routine that takes a key/value hash of role data and builds it into roles
// in IdentityIQ.
public void updateRoleDescription (HashMap roleHash) {
System.out.println(" key Values Map "+roleHash);

//String attribute = (String) roleHash.get(columnName) != null ? (String) roleHash.get(columnName) : "";
String strRoleName = (String) roleHash.get("RoleName") != null ? (String) roleHash.get("RoleName") : "";
  String strDesc = (String) roleHash.get("Desc") != null ? (String) roleHash.get("Desc") : "";

System.out.println("Role Name: '" + strRoleName);

try{
Bundle role = context.getObject(Bundle.class, strRoleName);
if (null == role) {
System.out.println(" - role does not exist");

}
else {
  String applicationNames;
System.out.println(" - des "+role.getDescriptions());
if(role.getDescriptions()!=null) {
Map descMap = role.getDescriptions();
String desc=descMap.get("en_US");
if(desc!=null ){   //@and !(desc.contains(strDesc))
if(role.getAttribute("ciamApplicationName")!=null){
  applicationNames = role.getAttribute("ciamApplicationName");
  
  desc = "Application is \""+applicationNames+"\", Role is \""+strRoleName+"\", description is \""+desc+"\"";
  String strRoleSensitivity=role.getAttribute("roleSensitivity");
  if(Util.isNotNullOrEmpty(strRoleSensitivity)&amp;&amp; (!"0".equals(strRoleSensitivity)) ) {
desc=desc+", with sensitivity of \""+strRoleSensitivity+"\".";
  }
     else{
       desc=desc+".";
     }
descMap.put("en_US", desc);
role.setDescriptions(descMap);
}
}
  
}
else{
  if(role.getAttribute("ciamApplicationName")!=null){
    applicationNames = role.getAttribute("ciamApplicationName");
    desc = "Application(s) is/are \""+applicationNames+"\", Role is \""+strRoleName+"\"";
  String strRoleSensitivity=role.getAttribute("roleSensitivity");
    
    if(Util.isNotNullOrEmpty(strDesc)&amp;&amp; (!"0".equals(strDesc))){
      desc = desc+", description is \""+strDesc+"\"";
    }
    
  if(Util.isNotNullOrEmpty(strRoleSensitivity)&amp;&amp; (!"0".equals(strRoleSensitivity)) ) {
desc=desc+", with sensitivity of \""+strRoleSensitivity+"\".";
  }
     else{
       desc=desc+".";
     }
Map descMap = new HashMap();
descMap.put("en_US",desc);
role.setDescriptions(descMap);
  }
}

}

/*if(Util.isNotNullOrEmpty(strRoleDesc)) {
Map descMap = new HashMap();
descMap.put("en_US", strRoleDesc);
role.setDescriptions(descMap);
}*/

context.saveObject(role);
context.commitTransaction();

return;
} catch(Exception e){
System.out.println("Inside Catch Block Exception is "+e);
}
}

// What delimiter do we want to use in the CSV file.
String dlm = ",";

//String csvFileName ="////sv-tivdi-p2//e$//CareFirst//Data//BulkRoleImport//ImportRolesDemo//ITRoles.csv";
//String csvFileName ="//home//iqadmin//Data//TestBusinessRoleImport.csv";
//String csvFileName ="//home//iqadmin//Data//BulkRoleImport//CareFirst_Role_Ciam.csv";
  
//String csvFileName ="//home//iqadmin//Data//BulkRoleImport//Rnew//Description_missing_SIT.csv";
  String csvFileName ="//home//iqadmin//Data//BulkRoleImport//Rnew//Test.csv";


//return csvFileName;

File testFile = new File(csvFileName);
if ((!testFile.exists()) || (testFile.isDirectory())) {
System.out.println("Unable to find file: " + csvFileName);
return;
}

System.out.println("Importing Roles from: '" + csvFileName + "' ...");
//return csvFileName;
// Open the CSV file for reading.
BufferedReader fileIn = new BufferedReader(new FileReader(csvFileName));

RFC4180LineParser parser = new RFC4180LineParser(dlm);
System.out.println(" After RFC418 ");
int lineCounter = 0;
ArrayList headerStrings = new ArrayList();
String thisLine = null;
System.out.println(" Before while ");
while (null != (thisLine = fileIn.readLine())) {
System.out.println("Inside while ");

List tokens = parser.parseLine(thisLine);
System.out.println(" tokens: " + tokens);

if (lineCounter == 0) {
System.out.println(" Inside IF condition: ");
// Header Line.
// Assign indexes to each position.
for (int i=0; i &lt; tokens.size(); i++) {
headerStrings.add(tokens.get(i).trim());
}
} else {
// Data Line. Read the data elements out.
HashMap lineHash = new HashMap();
System.out.println(" Inside else condition: ");
for (int i=0; i &lt; tokens.size(); i++) {
String headerString = headerStrings.get(i);
String valueString = tokens.get(i);
if (null != valueString) { valueString = valueString.trim(); }
System.out.println ("header " + headerString + " == " + valueString);
lineHash.put(headerString, valueString);
}
System.out.println(" Before calling buildRole: " );
 //return lineHash;
updateRoleDescription(lineHash);

System.out.println(" After calling buildRole: " );

}

lineCounter++;

// Don't let objects accrue in memory, flush them out every so often.
if ((lineCounter % 20) == 0) { context.decache(); }

}

fileIn.close();

System.out.println("Role update Complete.");

return "Success";
</Source>
</Rule>