<?xml version='1.0' encoding='UTF-8'?>
<!DOCTYPE Rule PUBLIC "sailpoint.dtd" "sailpoint.dtd">
<Rule language="beanshell" name="CF-BulkRoleExtendedAttributeUpdate-Rule" type="Correlation">
  <Description>
Import template-defined Roles from a CSV file.
</Description>
  <Signature returnType="Map">
    <Inputs>
      <Argument name="log">
        <Description>
The log object associated with the SailPointContext.
</Description>
      </Argument>
      <Argument name="context">
        <Description>
A sailpoint.api.SailPointContext object that can be used to query the database if necessary.
</Description>
      </Argument>
    </Inputs>
  </Signature>
  <Source>
// Sample Tool to import Roles.
import java.io.File;
import java.util.List;
import java.util.HashMap;
import sailpoint.tools.Util;
import sailpoint.object.Attributes;
  import sailpoint.api.Describer;

import java.util.Map;
import sailpoint.object.Application;
import sailpoint.object.Bundle;
import sailpoint.object.Custom;
import sailpoint.object.Classification;
import sailpoint.object.ObjectClassification;
import sailpoint.object.Identity;
import sailpoint.object.IdentitySelector;
import sailpoint.object.IdentitySelector.MatchExpression;
import sailpoint.object.IdentitySelector.MatchTerm;
import sailpoint.object.IdentitySelector.MatchTerm.Type;
import sailpoint.object.Link;
import sailpoint.object.Profile;
import sailpoint.object.Filter;
import sailpoint.object.QueryOptions;
import sailpoint.object.Schema;
import sailpoint.tools.RFC4180LineIterator;
import sailpoint.tools.RFC4180LineParser;


// Routine that takes a key/value hash of role data and builds it into roles
// in IdentityIQ.
public void updateRoleExtendedAttribute (HashMap roleHash,String columnName) {
System.out.println(" key Values Map "+roleHash);

String attribute = (String) roleHash.get(columnName) != null ? (String) roleHash.get(columnName) : "";
String strRoleName = (String) roleHash.get("RoleName") != null ? (String) roleHash.get("RoleName") : "";

System.out.println("Role Name: '" + strRoleName);

try{
Bundle role = context.getObject(Bundle.class, strRoleName);
if (null == role) {
System.out.println(" - role does not exist");
  
  Custom customObj = context.getObjectByName(Custom.class,"Missing-DISC-Roles");
      if(customObj == null){
        customObj = new Custom();
        customObj.setName("Missing-DISC-Roles");
        customObj.put(strRoleName, strRoleName);

      }
      else{
        customObj.put(strRoleName, strRoleName);
      }

      context.saveObject(customObj);
      context.commitTransaction();

}
else {
  role.setType("birthRightIT");
 // role.setAttribute("manualProvisionTeam", attribute);
 // role.setType("it");
 // role.setAttribute("ciamApplicationID", attribute);
//role.setMergeTemplates(true);
  /*if(role.getAttribute(columnName)!=null){
String attributeValue=role.getAttribute(columnName);
ArrayList attributeValueList = new ArrayList(Arrays.asList(attributeValue.split(",")));
if(attributeValueList!= null &amp;&amp; attributeValueList.size()&gt;0){
if(!(attributeValueList.contains(attribute))){
attributeValue = attributeValue+","+attribute;
}
role.setAttribute(columnName,attributeValue);
}
}
else{
role.setAttribute(columnName, attribute);
}*/
  
 // role.setAttribute(columnName, attribute);
  
 // role.setDisplayName(attribute);
//role.setAttribute("ciamApplicationName",role.getAttribute("cartApplicationName"));
}

/*if(Util.isNotNullOrEmpty(attribute)) {
Map descMap = new HashMap();
descMap.put("en_US", attribute);
role.setDescriptions(descMap);
}*/

context.saveObject(role);
  
   Describer describer = new Describer(role);  

   describer.saveLocalizedAttributes(context);
  
context.commitTransaction();

return;
} catch(Exception e){
System.out.println("Inside Catch Block Exception is "+e);
}
}

// What delimiter do we want to use in the CSV file.
String dlm = ",";

//String csvFileName ="////sv-tivdi-p2//e$//CareFirst//Data//BulkRoleImport//ImportRolesDemo//ITRoles.csv";
//String csvFileName ="//home//iqadmin//Data//TestBusinessRoleImport.csv";
//String csvFileName ="//home//iqadmin//Data//BulkRoleImport//CareFirst_Role_Ciam.csv";
  
//String csvFileName ="//home//iqadmin//Data//BulkRoleImport//Rnew//Disconnected_Namechange.csv";
  
  //String csvFileName ="//home//iqadmin//Data//BulkRoleImport//Rnew//RoleDescriptionUpdated_0313.csv";
  
  //String csvFileName ="//home//iqadmin//Data//BulkRoleImport//Rnew//DisplayName_Change0313.csv";
  
  //String csvFileName ="//home//iqadmin//Data//BulkRoleImport//Rnew//ApprovalflowUpdate.csv";

//String csvFileName ="//home//iqadmin//Data//BulkRoleImport//Rnew//ApprovalflowUpdate_Business.csv";
  
  //String csvFileName ="//home//iqadmin//Data//BulkRoleImport//Rnew//Role Applicaiton Name Changes_business.csv";
  String csvFileName ="//home//iqadmin//Data//BulkRoleImport//Rnew//Test.csv";

//return csvFileName;

File testFile = new File(csvFileName);
if ((!testFile.exists()) || (testFile.isDirectory())) {
System.out.println("Unable to find file: " + csvFileName);
return;
}

System.out.println("Importing Roles from: '" + csvFileName + "' ...");
//return csvFileName;
// Open the CSV file for reading.
BufferedReader fileIn = new BufferedReader(new FileReader(csvFileName));

RFC4180LineParser parser = new RFC4180LineParser(dlm);
//System.out.println(" After RFC418 ");
int lineCounter = 0;
ArrayList headerStrings = new ArrayList();
String thisLine = null;
//System.out.println(" Before while ");
while (null != (thisLine = fileIn.readLine())) {
//System.out.println("Inside while ");

List tokens = parser.parseLine(thisLine);
//System.out.println(" tokens: " + tokens);

if (lineCounter == 0) {
//System.out.println(" Inside IF condition: ");
// Header Line.
// Assign indexes to each position.
for (int i=0; i &lt; tokens.size(); i++) {
headerStrings.add(tokens.get(i).trim());
}
} else {
// Data Line. Read the data elements out.
HashMap lineHash = new HashMap();
//System.out.println(" Inside else condition: ");
for (int i=0; i &lt; tokens.size(); i++) {
String headerString = headerStrings.get(i);
String valueString = tokens.get(i);
if (null != valueString) { valueString = valueString.trim(); }
//System.out.println ("header " + headerString + " == " + valueString);
lineHash.put(headerString, valueString);
}
//System.out.println(" Before calling buildRole: " );
 //return lineHash;
//updateRoleExtendedAttribute(lineHash,"ciamBusinessRoleName");
//updateRoleExtendedAttribute(lineHash,"ciamBusinessRoleId");

  updateRoleExtendedAttribute(lineHash,"Desc");
  
  //updateRoleExtendedAttribute(lineHash,"assignment_condition");
 //updateRoleExtendedAttribute(lineHash,"ciamApplicationName");
  //updateRoleExtendedAttribute(lineHash,"approval1");
 // updateRoleExtendedAttribute(lineHash,"approval2");
  //updateRoleExtendedAttribute(lineHash,"approval3");
  //updateRoleExtendedAttribute(lineHash,"approval4");
  //updateRoleExtendedAttribute(lineHash,"approval5");
  //updateRoleExtendedAttribute(lineHash,"approval6");
  //updateRoleExtendedAttribute(lineHash,"approval7");
  //updateRoleExtendedAttribute(lineHash,"approval8");
  //updateRoleExtendedAttribute(lineHash,"approval9");
  //updateRoleExtendedAttribute(lineHash,"category");
  //updateRoleExtendedAttribute(lineHash,"roleSensitivity");
// updateRoleExtendedAttribute(lineHash,"ciamApplicationID");

  
//System.out.println(" After calling buildRole: " );

}

lineCounter++;

// Don't let objects accrue in memory, flush them out every so often.
if ((lineCounter % 20) == 0) { context.decache(); }

}

fileIn.close();

System.out.println("Role update Complete.");

return "Success";
</Source>
</Rule>