<?xml version='1.0' encoding='UTF-8'?>
<!DOCTYPE Rule PUBLIC "sailpoint.dtd" "sailpoint.dtd">
<Rule language="beanshell" name="CF-CIAMRoleSyncModifyProvisioning-Rule" type="JDBCOperationProvisioning">
  <Description>This rule is used by the JDBC connector to do provisioning of the data .</Description>
  <ReferencedRules>
    <Reference class="sailpoint.object.Rule" name="CF-CIAM-WS-UpdateTimApplicationRolesAssignment-Rule"/>
    <Reference class="sailpoint.object.Rule" name="CF-Constants-Rule"/>
  </ReferencedRules>
  <Signature returnType="ProvisioningResult"/>
  <Source>
  import java.sql.Connection;
  import java.sql.DriverManager;
  import java.sql.PreparedStatement;
  import java.sql.SQLException;
  import java.sql.Types;
  import java.util.List;
  import sailpoint.api.SailPointContext;
  import sailpoint.connector.JDBCConnector;
  import sailpoint.object.Application;
  import sailpoint.object.ProvisioningPlan;
  import sailpoint.object.ProvisioningPlan.AccountRequest;
  import sailpoint.object.ProvisioningPlan.AttributeRequest;
  import sailpoint.object.ProvisioningResult;
  import sailpoint.object.Schema;
  import sailpoint.object.Bundle;
  import sailpoint.object.Identity;
  import sailpoint.tools.xml.XMLObjectFactory;
  import org.apache.commons.logging.LogFactory;
  import org.apache.commons.logging.Log;
  import java.util.HashMap;

  System.out.println("UPDATE");
  System.out.println("Plan"+plan.toXml());
  System.out.println("request"+request.toXml());
  System.out.println("getArguments"+plan.getArguments());
  System.out.println("requester"+plan.getArguments().get("requester"));

  String roleName = "";
  String operation="";
  String removeRole = "";
  AccountRequest acctRequest = (AccountRequest) request;
  ProvisioningResult result = new ProvisioningResult();

  String nativeIdentity=(String)acctRequest.getNativeIdentity();

  if ( acctRequest != null ) {
    AttributeRequest attrReq = acctRequest.getAttributeRequest("Role_name");
    if ( attrReq != null ) {
      Object obj = attrReq.getValue();
      if(obj instanceof String){
        System.out.println("Operation "+attrReq.getOp());
        roleName = attrReq.getValue();
        if(attrReq.getOp() != null){
          operation= attrReq.getOp().toString();
        }

        if(operation.equals("Add")){
        
          result= insertRole(plan,request,connection);
        }

        else if(operation.equals("Remove")){
          System.out.println("ELSE");
          try {
            if ( acctRequest != null ) {
              AttributeRequest attrReqRemove = acctRequest.getAttributeRequest("Role_name");
              if ( attrReqRemove != null ) {
                removeRole = attrReqRemove.getValue();

              }
            }
            PreparedStatement st = connection.prepareStatement("DELETE FROM CIAM_ROLESYNC_TABLE WHERE native_identity= '"+nativeIdentity+"' AND role_name='"+removeRole+"'");
            st.executeUpdate();
            result.setStatus( ProvisioningResult.STATUS_COMMITTED );
            try{
              HashMap roleDetails = new HashMap();
              HashMap businessRoleDetails = new HashMap();
              Identity requesteeObject = context.getObjectByName(Identity.class,nativeIdentity);
              Bundle removebundleObject = context.getObjectByName(Bundle.class, removeRole);

              String requesteeId = requesteeObject.getAttribute("userid");
              if(null != removebundleObject.getAttribute("assignment") &amp;&amp; removebundleObject.getAttribute("assignment").equalsIgnoreCase("Discretionary_IT")){
                /*String  dacITCiamApplicationName = removebundleObject.getAttribute("ciamApplicationName");
      String  dacITCiamApplicationId = removebundleObject.getAttribute("ciamApplicationID");
	  if(null != dacITCiamApplicationName &amp;&amp; null != dacITCiamApplicationId){
	     String[] dacITCiamApplicationNameArray = dacITCiamApplicationName.split(",");
		 String[] dacITCiamApplicationIdArray = dacITCiamApplicationId.split(",");
		 int dacITCiamApplicationNameLength = dacITCiamApplicationNameArray.length;
		 for (int i = 0; i &lt; dacITCiamApplicationNameLength; i++) {
		 roleDetails= roleDetailsMap(requesteeId, removeRole, STR_DELETE);
		 roleDetails.put("appName", dacITCiamApplicationNameArray[i]);
		 roleDetails.put("appId", dacITCiamApplicationIdArray[i]);
		updateTimApplicationRolesAssignmentInput(roleDetails);

		 }

   }else {*/
                roleDetails= roleDetailsMap(requesteeId, removeRole, STR_DELETE);
                updateTimApplicationRolesAssignmentInput(roleDetails);
                //}
              }else{
                businessRoleDetails = businessRoleDetailsMap(requesteeId, removeRole, STR_DELETE);
                updateBusinessRoleAssignement(businessRoleDetails);

              }
            }catch(Exception e) {
              System.out.println( e );

            }

          }
          catch( SQLException e ) {
            System.out.println( e );
            result.setStatus( ProvisioningResult.STATUS_FAILED );
            result.addError( e );
          }

        }}else{System.out.println("Entitlement is a list");
               System.out.println("Operation "+attrReq.getOp());

               operation= attrReq.getOp().toString();


               if(operation.equals("Add")){

                 result= insertListRole(plan,request,connection);
               }








              }
    }
  }


  System.out.println( "result [" + result.toXml(false)+ "]");
  return result; 
  </Source>
</Rule>