<?xml version='1.0' encoding='UTF-8'?>
<!DOCTYPE Rule PUBLIC "sailpoint.dtd" "sailpoint.dtd">
<Rule language="beanshell" name="CF-CIAM-EnableProvision-Rule" type="JDBCOperationProvisioning">
  <Description>
    An example Provisioning rule for the JDBC Connector that
    enables the Account(s) in the database.
  </Description>
  <ReferencedRules>
    <Reference class="sailpoint.object.Rule" name="CF-Constants-Rule"/>
    <Reference class="sailpoint.object.Rule" name="CF-CIAM-CommonWebServiceRuleLibrary-Rule"/>
    <Reference class="sailpoint.object.Rule" name="CF-CIAM-WS-UpdateTimApplicationRolesAssignment-Rule"/>
  </ReferencedRules>
  <Signature>
    <Inputs>
      <Argument name="context">
        <Description>
          A sailpoint.api.SailPointContext object that can be used to
          query the database to aid in provisioning.
        </Description>
      </Argument>
      <Argument name="application">
        <Description>
          The Application the account is being provisioned for.
        </Description>
      </Argument>
      <Argument name="schema">
        <Description>
          Schema representing the data being provisioned.
        </Description>
      </Argument>
      <Argument name="connection">
        <Description>
          Connection to the application database.
        </Description>
      </Argument>
      <Argument name="plan">
        <Description>
          The ProvisioningPlan created against the application.
        </Description>
      </Argument>
      <Argument name="log">
        <Description>
          log for debugging
        </Description>
      </Argument>
      <Argument name="request">
        <Description>
          request for specific operation
        </Description>
      </Argument>
    </Inputs>
  </Signature>
  <Source>

  import java.sql.*;
  import java.sql.Statement;
  import sailpoint.object.ProvisioningResult;
  import sailpoint.object.Identity;
  import java.util.HashMap;
  import sailpoint.object.Bundle;	

  import java.util.List;
  import sailpoint.object.Attributes;

  import java.util.ArrayList;
  import java.util.Arrays; 
  import sailpoint.object.EmailTemplate;
  import sailpoint.object.EmailOptions;  
  ProvisioningResult result = new ProvisioningResult();
  result.setStatus(ProvisioningResult.STATUS_COMMITTED);
  Statement stmt=null;

  HashMap resultMap = new HashMap();
  Attributes auditAttributes = new Attributes();
  String source = "";
  HashMap businessRoleDetails = new HashMap();	
  HashMap roleDetails = new HashMap();	
  String employeeId = request.getNativeIdentity();
  Identity identity = context.getObjectByName(Identity.class, employeeId);
  HashMap userDetailsMap = generateUserDetaislMap(employeeId);
  String action = "";
  String userName = "";
  String email = "";
  if(identity.getAttribute("userid") != null){
    userName = identity.getAttribute("userid");
  }
  if(null != identity.getAttribute("action")){
    action = identity.getAttribute("action");
  }
  if(identity.getAttribute("email") != null){
    email = identity.getAttribute("email");
  }
  String employeeType = "";
  if(identity.getAttribute(ATR_EMPLOYEETYPE) != null){
    employeeType = identity.getAttribute(ATR_EMPLOYEETYPE);
  }
  String employeestatus = "";
  if(identity.getAttribute(ATR_HRSTATUS) != null){
    employeestatus = identity.getAttribute(ATR_HRSTATUS);
  }
  try{
    String query = "UPDATE CIAM_USERS SET isrevoked='N' where emp_id='"+employeeId+"'";
    stmt = connection.createStatement();
    stmt.execute(query);
    if(action.equalsIgnoreCase("RFD") @or action.equalsIgnoreCase("RFL") @or ((null != employeestatus @and employeestatus.equalsIgnoreCase("A")) @and (action.equalsIgnoreCase("HIR") @or action.equalsIgnoreCase("ADD") @or action.equalsIgnoreCase("REH")))) {
      resultMap = reactivatePerson(userName);
      System.out.println("reactivatePerson Result Map:::"+resultMap);
      int faultCode = resultMap.get("faultCode");
      String faultReason = resultMap.get("faultReason");
      System.out.println("faultCode:::"+faultCode);
      System.out.println("faultCode:::"+faultReason);
      if(faultCode == 9000){
        System.out.println("reactivatePerson Success:::");
      }else{
        resultMap.put("User ID",userName);
        resultMap.put("Employee ID",employeeId);
        resultMap.put("UAAS Web Service name","reactivatePerson");
        sendCiamFailureNotication(resultMap);
        source = "reactivatePerson";
        auditAttributes.put("User ID",userName);
        auditAttributes.put("Employee ID",employeeId);
        auditAttributes.put("UAAS Web Service name","reactivatePerson");
        createCiamAuditEvent(source,employeeId,null,STR_AUDIT_CF_SP_CIAMSYNCFAILURE,null,employeeId,null,null,auditAttributes,null,null,null,null);
      }






    }
  }catch(Exception e){
    result.addError(e.getMessage());
    result.setStatus(ProvisioningResult.STATUS_FAILED);
  }finally{
    if(stmt!=null)
      stmt.close();
  }
  return result;

  </Source>
</Rule>