<?xml version='1.0' encoding='UTF-8'?>
<!DOCTYPE Rule PUBLIC "sailpoint.dtd" "sailpoint.dtd">
<Rule language="beanshell" name="CF-CIAM-CreateProvision-Rule" type="JDBCOperationProvisioning">
  <Description>
An example Provisioning rule for the JDBC Connector that
disables the Account(s) in the database.
</Description>
  <ReferencedRules>
    <Reference class="sailpoint.object.Rule" name="CF-Constants-Rule"/>
    <Reference class="sailpoint.object.Rule" name="CF-CIAM-CommonWebServiceRuleLibrary-Rule"/>
  </ReferencedRules>
  <Signature>
    <Inputs>
      <Argument name="context">
        <Description>
A sailpoint.api.SailPointContext object that can be used to
query the database to aid in provisioning.
</Description>
      </Argument>
      <Argument name="application">
        <Description>
The Application the account is being provisioned for.
</Description>
      </Argument>
      <Argument name="schema">
        <Description>
Schema representing the data being provisioned.
</Description>
      </Argument>
      <Argument name="connection">
        <Description>
Connection to the application database.
</Description>
      </Argument>
      <Argument name="plan">
        <Description>
The ProvisioningPlan created against the application.
</Description>
      </Argument>
      <Argument name="log">
        <Description>
log for debugging
</Description>
      </Argument>
      <Argument name="request">
        <Description>
request for specific operation
</Description>
      </Argument>
    </Inputs>
  </Signature>
  <Source>

import java.util.List;
import java.sql.SQLException;
import java.sql.PreparedStatement;
import java.sql.Connection;
import java.sql.Statement;
import java.sql.ResultSet;
import java.sql.SQLException;
import java.util.Iterator;
import sailpoint.object.Filter;
import sailpoint.object.Identity;
import sailpoint.object.Link;
import sailpoint.api.IdentityService;
import sailpoint.object.QueryOptions;
import sailpoint.object.ProvisioningResult;
import sailpoint.object.ProvisioningPlan.AccountRequest;
import sailpoint.object.ProvisioningPlan.AttributeRequest;
import sailpoint.object.ProvisioningPlan.Operation;
 import org.apache.log4j.Logger;
  import sailpoint.object.EmailTemplate;
  import sailpoint.object.EmailOptions;
  import java.util.HashMap;
  import sailpoint.tools.Util;
  
  import sailpoint.api.SailPointContext;
  import sailpoint.object.Attributes;

  import java.util.ArrayList;
  import java.util.Arrays;    
Logger log = Logger.getLogger("com.carefirst.CIAMUsersVault-Logs");
 

log.info("-------------------CIAM Create user Started-------------------"+plan);
String name = request.getNativeIdentity();
System.out.println("Printing Provisioning plan" +plan.toXml());
ProvisioningResult result = new ProvisioningResult();
result.setStatus(ProvisioningResult.STATUS_COMMITTED);
/*PreparedStatement statement = null;
String preparedStatementQuery = "insert into CIAM_USERS(emp_id,user_id,rolename) values(?,?,?)";
log.info("preparedStatementQuery: " + preparedStatementQuery);*/

String employeeID = request.getNativeIdentity();
HashMap userDetailsMap = generateUserDetaislMap(employeeID);
  HashMap resultMap = new HashMap();
  Attributes auditAttributes = new Attributes();
  String source = "";
 Identity identity = context.getObjectByName(Identity.class , employeeID);
          System.out.println(" In Create Provisioin Rule Native Identity : " +identity);
  String employeeType = "";
  if(identity.getAttribute(ATR_EMPLOYEETYPE) != null){
    employeeType = identity.getAttribute(ATR_EMPLOYEETYPE);
  }  

        
  


String columnNames = "emp_id,user_id,display_name,firstname,lastname,email,password,employee_type,alter_empid,middle_name,business_title,department_id,description,job_code,manager,location,company,business_unit,cost_center,mgr_pos_num,phone,job_title,eeo_job_group,employee_status,start_date,end_date,action,operation,rolename,entitlement,type,supplier_name,contractor_id,isrevoked,extended1,extended2,extended3,extended4,extended5,extended6,extended7,extended8,extended9,extended10";
  ArrayList columnList= new ArrayList(Arrays.asList(columnNames.split(",")));
  System.out.println(" columnNames:: : " + columnNames);
			
  System.out.println("userDetailsMap" +userDetailsMap);
  
			PreparedStatement statement = null;
            String preparedStatementQuery = "insert into CIAM_USERS ("+columnNames+") values(?,?,?,?,?,?,?,?,?,?,?,?,?,?,?,?,?,?,?,?,?,?,?,?,?,?,?,?,?,?,?,?,?,?,?,?,?,?,?,?,?,?,?,?)";
			try {
            	  			
                
                //loggerObj.info("connection: " + connection);
            	System.out.println(columnList.size());
                statement = connection.prepareStatement(preparedStatementQuery);
                for(int i=0; i&lt;columnList.size();i++)
                {
                  String value ="";
                  if(userDetailsMap.get(columnList.get(i))!=null)
                    value = userDetailsMap.get(columnList.get(i)).toString();
                  statement.setString (i+1, value);
                }
                //loggerObj.info("Before Execuite"+preparedStatementQuery);
                statement.executeUpdate();
				log.info("-------------------CIAM  Create user Successful-------------------");
				System.out.println("-------------------CIAM  Create user Successful-------------------");
				result.setStatus( ProvisioningResult.STATUS_COMMITTED );
        	if(employeeType.equalsIgnoreCase(STR_EMPLOYEE) @or employeeType.equalsIgnoreCase("Employee") @or employeeType.equalsIgnoreCase(STR_FEPOCASSOCIATE)){
            System.out.println(" Start Create Asscociate webservice Call : "+employeeID);
            System.out.println(" Start Create Asscociate webservice Call Use rDetails map: "+userDetailsMap);
            resultMap = createassociate(userDetailsMap);
            
		System.out.println("In Create Associate afterwebservice call Result Map"+resultMap);
		int faultCode = resultMap.get("faultCode");
	String faultReason = resultMap.get("faultReason");
	System.out.println("faultCode:::"+faultCode);
	System.out.println("faultCode:::"+faultReason);
	if(faultCode == 9000){
		System.out.println("Creat Associate  SuccessIn if");
  }else{
    System.out.println("ELSE Creat Associate Failed:::");
      resultMap.put("User ID",userDetailsMap.get("user_id"));
     resultMap.put("Employee ID",userDetailsMap.get("emp_id"));
     resultMap.put("UAAS Web Service name","createAssociate");
   		sendCiamFailureNotication(resultMap);
     source = "createAssociate";
    auditAttributes.put("User ID",userDetailsMap.get("user_id"));
     auditAttributes.put("Employee ID",userDetailsMap.get("emp_id"));
     auditAttributes.put("UAAS Web Service name","createAssociate");
    createCiamAuditEvent(source,employeeID,null,STR_AUDIT_CF_SP_CIAMSYNCFAILURE,null,employeeID,null,null,auditAttributes,null,null,null,null);
  }
            
          }else{
            resultMap = createContractor(userDetailsMap);
            int faultCode = resultMap.get("faultCode");
	String faultReason = resultMap.get("faultReason");
	System.out.println("faultCode:::"+faultCode);
	System.out.println("faultCode:::"+faultReason);
	if(faultCode == 9000){
		System.out.println("Creat Contractor  SuccessIn if");
  }else{
    System.out.println("ELSE Creat Contractor Failed:::");
    resultMap.put("User ID",userDetailsMap.get("user_id"));
     resultMap.put("Employee ID",userDetailsMap.get("emp_id"));
     resultMap.put("UAAS Web Service name","createContractor");
    sendCiamFailureNotication(resultMap);
     source = "createContractor";
    auditAttributes.put("User ID",userDetailsMap.get("user_id"));
     auditAttributes.put("Employee ID",userDetailsMap.get("emp_id"));
     auditAttributes.put("UAAS Web Service name","createContractor");
    createCiamAuditEvent(source,employeeID,null,STR_AUDIT_CF_SP_CIAMSYNCFAILURE,null,employeeID,null,null,auditAttributes,null,null,null,null);
  }
          }
                
              } catch (SQLException e) {
                // TODO Auto-generated catch block
                e.printStackTrace();
				result.setStatus(ProvisioningResult.STATUS_FAILED);
				result.addError( e );
              }
  
  log.info("-------------------CIAM Create user Completed-------------------");




</Source>
</Rule>