<?xml version='1.0' encoding='UTF-8'?>
<!DOCTYPE Rule PUBLIC "sailpoint.dtd" "sailpoint.dtd">
<Rule language="beanshell" name="CF-CIAM-DisableProvision-Rule" type="JDBCOperationProvisioning">
  <Description>An example Provisioning rule for the JDBC Connector that disables the Account(s) in the database.</Description>
  <ReferencedRules>
    <Reference class="sailpoint.object.Rule" name="CF-Constants-Rule"/>
    <Reference class="sailpoint.object.Rule" name="CF-CIAM-CommonWebServiceRuleLibrary-Rule"/>
  </ReferencedRules>
  <Signature returnType="ProvisioningResult">
    <Inputs>
      <Argument name="log">
        <Description>
          The log object associated with the SailPointContext.
        </Description>
      </Argument>
      <Argument name="context">
        <Description>
          A sailpoint.api.SailPointContext object that can be used to query the database if necessary.
        </Description>
      </Argument>
      <Argument name="application">
        <Description>The application whose data file is being processed.</Description>
      </Argument>
      <Argument name="schema">
        <Description>The Schema currently in use.</Description>
      </Argument>
      <Argument name="connection">
        <Description>A connection object to connect to database.</Description>
      </Argument>
      <Argument name="plan">
        <Description>The ProvisioningPlan created against the JDBC application.</Description>
      </Argument>
      <Argument name="request">
        <Description>The ProvisioningRequest created against the JDBC application.</Description>
      </Argument>
    </Inputs>
    <Returns>
      <Argument name="result">
        <Description>A Provisioning Result object is desirable to return the status.IT can be a new object or part of  Provisioning Plan</Description>
      </Argument>
    </Returns>
  </Signature>
  <Source>import java.sql.*;
import java.sql.Statement;
import sailpoint.object.ProvisioningResult;
import sailpoint.object.Identity;
import java.util.HashMap;
import sailpoint.object.Attributes;
import java.util.ArrayList;
import java.util.Arrays; 
import sailpoint.object.EmailTemplate;
import sailpoint.object.EmailOptions;
import java.util.Calendar;
import java.util.Date;
import java.text.SimpleDateFormat; 
import org.apache.log4j.Logger;  
Logger log = Logger.getLogger("com.carefirst.CIAMDisableProvision-Logs");
ProvisioningResult result = new ProvisioningResult();
result.setStatus(ProvisioningResult.STATUS_COMMITTED);
Statement stmt=null;
String query = "";
String employeeId = request.getNativeIdentity();
   HashMap resultMap = new HashMap();
  Attributes auditAttributes = new Attributes();
  String source = "";
  log.info("In CIAM Disable Rule employeeId is:::"+employeeId);

    Identity identity = context.getObjectByName(Identity.class, employeeId);
	String action = "";
  String userName = "";
  String email = "";
  boolean matched = false;
  Date actualeffdate = new Date();
  if(identity.getAttribute("userid") != null){
              userName = identity.getAttribute("userid");
            }
  if(null != identity.getAttribute("action")){
    action = identity.getAttribute("action");
  }
  if(identity.getAttribute("email") != null){
              email = identity.getAttribute("email");
            }
  log.info("In CIAM Disable Rule userName is:::"+userName);
		SimpleDateFormat sdf = new SimpleDateFormat("dd-MMM-yy");
		String effDate=identity.getAttribute("effdt");
  log.info("In Suspend Scenario effDate is:::"+effDate);
		if(null != effdt){
		 actualeffdate=  sdf.parse(effDate);
		 }
		Date currentDate = new Date();
        String currentDateString= sdf.format(currentDate);
        Date actualCurrentDate=  sdf.parse(currentDateString);
		if(actualCurrentDate.compareTo(actualeffdate) &gt;= 0){
				matched=true;
		}
try{
  log.info("In Suspend Scenario matched value is:::"+matched);
  
  if((action.equalsIgnoreCase("LOA") || action.equalsIgnoreCase("PLA")) &amp;&amp; matched){
    log.info("In CIAM Disable Rule Sus suspendPerson Method:::"+userName);
    resultMap = suspendPerson(userName);
	int faultCode=0;
	if(resultMap.get("faultCode")!=null){
		faultCode = resultMap.get("faultCode");
	}
	String faultReason = resultMap.get("faultReason");
	log.info("suspendPerson faultCode:::"+faultCode);
	log.info("suspendPersonfaultCode:::"+faultReason);
	if(faultCode == 9000){
		query = "UPDATE CIAM_USERS SET isrevoked='Y' where emp_id='" + employeeId+ "'";
stmt = connection.createStatement();
stmt.execute(query);
  }else{
    log.info("In suspendPerson Failed:::");
    source = "suspendPerson";
		resultMap.put("User ID",userName);
     resultMap.put("Employee ID",employeeId);
     resultMap.put("UAAS Web Service name",source);
    sendCiamFailureNotication(resultMap);
     
    auditAttributes.put("User ID",userName);
     auditAttributes.put("Employee ID",employeeId);
     auditAttributes.put("UAAS Web Service name",source);
    createCiamAuditEvent(source,employeeId,null,STR_AUDIT_CF_SP_CIAMSYNCFAILURE,null,employeeId,null,null,auditAttributes,null,null,null,null);
  }
  }else if(action.equalsIgnoreCase(STR_ACTION_TER) || action.equalsIgnoreCase(STR_ACTION_COM) || action.equalsIgnoreCase(STR_ACTION_TWP) || action.equalsIgnoreCase(STR_ACTION_RWP) || action.equalsIgnoreCase(STR_ACTION_RET)){
    resultMap = terminatePerson(userName, email);
    int faultCode=0;
	if(resultMap.get("faultCode")!=null){
		faultCode = resultMap.get("faultCode");
	}
	String faultReason = resultMap.get("faultReason");
	log.info("terminatePerson faultCode:::"+faultCode);
	log.info(" terminatePerson faultCode:::"+faultReason);
	if(faultCode == 9000){
		log.info("In terminatePerson Success:");
		query = "UPDATE CIAM_USERS SET isrevoked='Y' where emp_id='" + employeeId+ "'";
		stmt = connection.createStatement();
		stmt.execute(query);
  }else{
    log.info("In terminatePerson Failed:::::");
    source = "terminatePerson";
		resultMap.put("User ID",userName);
     resultMap.put("Employee ID",employeeId);
     resultMap.put("UAAS Web Service name",source);
    sendCiamFailureNotication(resultMap);
     
    auditAttributes.put("User ID",userName);
     auditAttributes.put("Employee ID",employeeId);
     auditAttributes.put("UAAS Web Service name",source);
    auditAttributes.put("Email",email);
    createCiamAuditEvent(source,employeeId,null,STR_AUDIT_CF_SP_CIAMSYNCFAILURE,null,employeeId,null,null,auditAttributes,null,null,null,null);
  }
  }
}catch(Exception e){
result.addError(e.getMessage());
result.setStatus(ProvisioningResult.STATUS_FAILED);
}finally{
if(stmt!=null)
stmt.close();
}
return result;</Source>
</Rule>