<?xml version='1.0' encoding='UTF-8'?>
<!DOCTYPE Rule PUBLIC "sailpoint.dtd" "sailpoint.dtd">
<Rule language="beanshell" name="CF-CIAMRoleSyncDeleteProvisioning-Rule" type="JDBCOperationProvisioning">
  <Description>This rule is used by the JDBC connector to do provisioning of the data .</Description>
  <ReferencedRules>
    <Reference class="sailpoint.object.Rule" name="CF-CIAM-WS-UpdateTimApplicationRolesAssignment-Rule"/>
    <Reference class="sailpoint.object.Rule" name="CF-Constants-Rule"/>
  </ReferencedRules>
  <Signature returnType="ProvisioningResult">
    <Inputs>
      <Argument name="log">
        <Description>
          The log object associated with the SailPointContext.
        </Description>
      </Argument>
      <Argument name="context">
        <Description>
          A sailpoint.api.SailPointContext object that can be used to query the database if necessary.
        </Description>
      </Argument>
      <Argument name="application">
        <Description>The application whose data file is being processed.</Description>
      </Argument>
      <Argument name="schema">
        <Description>The Schema currently in use.</Description>
      </Argument>
      <Argument name="connection">
        <Description>A connection object to connect to database.</Description>
      </Argument>
      <Argument name="plan">
        <Description>The ProvisioningPlan created against the JDBC application.</Description>
      </Argument>
      <Argument name="request">
        <Description>The ProvisioningRequest created against the JDBC application.</Description>
      </Argument>
    </Inputs>
    <Returns>
      <Argument name="result">
        <Description>A Provisioning Result object is desirable to return the status.IT can be a new object or part of  Provisioning Plan</Description>
      </Argument>
    </Returns>
  </Signature>
  <Source>import java.sql.Connection;
import java.sql.DriverManager;
import java.sql.PreparedStatement;
import java.sql.SQLException;
import java.sql.Types;
import java.util.List;
import sailpoint.api.SailPointContext;
import sailpoint.connector.JDBCConnector;
import sailpoint.object.Application;
import sailpoint.object.ProvisioningPlan;
import sailpoint.object.ProvisioningPlan.AccountRequest;
import sailpoint.object.ProvisioningPlan.AttributeRequest;
import sailpoint.object.ProvisioningResult;
import sailpoint.object.Schema;
import sailpoint.tools.xml.XMLObjectFactory;
import org.apache.commons.logging.LogFactory;
import org.apache.commons.logging.Log;
import java.util.HashMap;

System.out.println("Create Provisioning");
System.out.println("Plan"+plan.toXml());
System.out.println("request"+request.toXml());
//System.out.println("Plan.requestor"+plan.getAttributes().get("requester"));

public String getAttributeRequestValue(AccountRequest acctReq, String attribute) {
if ( acctReq != null ) {
AttributeRequest attrReq = acctReq.getAttributeRequest(attribute);
if ( attrReq != null ) {
return attrReq.getValue();
}
}
return null;
}

AccountRequest acctRequest = (AccountRequest) request;
ProvisioningResult result = new ProvisioningResult();
try {
//Ideally we should first check to see if the account already exists.
//As written, this just assumes it does not.
System.out.println("Operation [" + acctRequest.getOperation() + "] detected.");
PreparedStatement statement = connection.prepareStatement( "insert into CIAM_ROLESYNC_TABLE (native_identity,role_name) values (?,?)" );
statement.setString (1, (String) acctRequest.getNativeIdentity() );
//statement.setString (2, getAttributeRequestValue(acctRequest,"user_id") );
statement.setString (2, getAttributeRequestValue(acctRequest,"Role_name") );

statement.executeUpdate();
result.setStatus( ProvisioningResult.STATUS_COMMITTED );
  HashMap roleDetails = new HashMap();
   //roleDetails= roleDetailsMap((String) acctRequest.getNativeIdentity(), getAttributeRequestValue(acctRequest,"Role_name"), STR_DELETE);
  try{
  updateTimApplicationRolesAssignmentInput(roleDetails);
  }catch( SQLException e ) {
System.out.println( e );

}
}
catch( SQLException e ) {
System.out.println( e );
result.setStatus( ProvisioningResult.STATUS_FAILED );
result.addError( e );
}
System.out.println( "result [" + result.toXml(false)+ "]");
return result;</Source>
</Rule>