<?xml version='1.0' encoding='UTF-8'?>
<!DOCTYPE Rule PUBLIC "sailpoint.dtd" "sailpoint.dtd">
<Rule language="beanshell" name="CF-CIAM-DeleteProvision-Rule" type="JDBCOperationProvisioning">
  <Description>An example Provisioning rule for the JDBC Connector that deletes the Account(s) from the database.</Description>
  <Signature returnType="ProvisioningResult">
    <Inputs>
      <Argument name="log">
        <Description>
          The log object associated with the SailPointContext.
        </Description>
      </Argument>
      <Argument name="context">
        <Description>
          A sailpoint.api.SailPointContext object that can be used to query the database if necessary.
        </Description>
      </Argument>
      <Argument name="application">
        <Description>The application whose data file is being processed.</Description>
      </Argument>
      <Argument name="schema">
        <Description>The Schema currently in use.</Description>
      </Argument>
      <Argument name="connection">
        <Description>A connection object to connect to database.</Description>
      </Argument>
      <Argument name="plan">
        <Description>The ProvisioningPlan created against the JDBC application.</Description>
      </Argument>
      <Argument name="request">
        <Description>The ProvisioningRequest created against the JDBC application.</Description>
      </Argument>
    </Inputs>
    <Returns>
      <Argument name="result">
        <Description>A Provisioning Result object is desirable to return the status.IT can be a new object or part of  Provisioning Plan</Description>
      </Argument>
    </Returns>
  </Signature>
  <Source>import java.sql.*;
import java.sql.Statement;
import sailpoint.object.ProvisioningResult;
ProvisioningResult result = new ProvisioningResult();
result.setStatus(ProvisioningResult.STATUS_COMMITTED);
Statement stmt=null;
String user = request.getNativeIdentity();
System.out.println(" In CIAM Delete Provisioning Rule user is : " +user);
try{
String query = "delete from CIAM_USERS where emp_id='" + user + "'";
stmt = connection.createStatement();
stmt.execute(query);
}catch(Exception e){
result.addError(e.getMessage());
result.setStatus(ProvisioningResult.STATUS_FAILED);
}finally{
if(stmt != null)
stmt.close();
}
return result;</Source>
</Rule>