<?xml version='1.0' encoding='UTF-8'?>
<!DOCTYPE Rule PUBLIC "sailpoint.dtd" "sailpoint.dtd">
<Rule language="beanshell" name="CF-CIAMRoleSyncCreateProvisioning-Rule" type="JDBCOperationProvisioning">
  <Description>This rule is used by the JDBC connector to do provisioning of the data .</Description>
  <ReferencedRules>
    <Reference class="sailpoint.object.Rule" name="CF-CIAM-WS-UpdateTimApplicationRolesAssignment-Rule"/>
    <Reference class="sailpoint.object.Rule" name="CF-Constants-Rule"/>
  </ReferencedRules>
  <Signature returnType="ProvisioningResult">
    <Inputs>
      <Argument name="log">
        <Description>
          The log object associated with the SailPointContext.
        </Description>
      </Argument>
      <Argument name="context">
        <Description>
          A sailpoint.api.SailPointContext object that can be used to query the database if necessary.
        </Description>
      </Argument>
      <Argument name="application">
        <Description>The application whose data file is being processed.</Description>
      </Argument>
      <Argument name="schema">
        <Description>The Schema currently in use.</Description>
      </Argument>
      <Argument name="connection">
        <Description>A connection object to connect to database.</Description>
      </Argument>
      <Argument name="plan">
        <Description>The ProvisioningPlan created against the JDBC application.</Description>
      </Argument>
      <Argument name="request">
        <Description>The ProvisioningRequest created against the JDBC application.</Description>
      </Argument>
    </Inputs>
    <Returns>
      <Argument name="result">
        <Description>A Provisioning Result object is desirable to return the status.IT can be a new object or part of  Provisioning Plan</Description>
      </Argument>
    </Returns>
  </Signature>
  <Source>import java.sql.Connection;
import java.sql.DriverManager;
import java.sql.PreparedStatement;
import java.sql.SQLException;
import java.sql.Types;
import java.util.List;
import sailpoint.api.SailPointContext;
import sailpoint.connector.JDBCConnector;
import sailpoint.object.Application;
import sailpoint.object.ProvisioningPlan;
import sailpoint.object.ProvisioningPlan.AccountRequest;
import sailpoint.object.ProvisioningPlan.AttributeRequest;
import sailpoint.object.ProvisioningResult;
import sailpoint.object.Schema;
import sailpoint.tools.xml.XMLObjectFactory;
import org.apache.commons.logging.LogFactory;
import org.apache.commons.logging.Log;
import java.util.HashMap;
import sailpoint.object.Identity;
import sailpoint.object.Bundle;
  import org.apache.log4j.Logger;

  
  Logger loggerObj = Logger.getLogger("In CIAM ROLESYNCCreateprovisioining Rule");

  loggerObj.info("In CIAM ROLESYNCCreateprovisioining Rule");

System.out.println("Create Provisioning");
System.out.println("Plan"+plan.toXml());
System.out.println("request"+request.toXml());

  

  public ProvisioningResult insertRole(ProvisioningPlan plan,AccountRequest acctRequest,Connection connection){
System.out.println("insertRole:::");
ProvisioningResult result = new ProvisioningResult();
String nativeIdentity=(String)acctRequest.getNativeIdentity();
String requestorId = "";
Identity requestorObject = context.getObjectByName(Identity.class,nativeIdentity);
    System.out.println("nativeIdentity:::"+nativeIdentity);
    System.out.println("requestorId:::"+requestorId);
String requestorNetworkId = requestorObject.getAttribute("userid");
Identity requesteeObject = context.getObjectByName(Identity.class,nativeIdentity);
String requestee = "";
String requesteeId = requesteeObject.getAttribute("userid");
String roleName = "";
String roleId = "";
String assigmentType="";
String applicationId = "";
String applicationName = "";
String startDate = "";
String endDate = "";
String timestamp = "";
if ( requesteeObject != null ) {
  String employeeType = requesteeObject.getAttribute("employeetype");
  if(null !=employeeType &amp;&amp; employeeType.equalsIgnoreCase("ASSOCIATE")){
    System.out.println("employeeType:::"+employeeType);
    roleName = "Associate Biz Role";
  }else{
     roleName = "Contractor Biz Role";
    
  }
}
/*if(roleName!=null &amp;&amp; !(roleName.equals(""))){

Bundle roleObject =  context.getObjectByName(Bundle.class,roleName);
System.out.println("Bundle "+roleObject.toXml());

if(rolObject!=null){
roleId = roleObject.getAttribute("ciamRoleID");
assigmentType = roleObject.getAttribute("roleProvisionType");
applicationId =  roleObject.getAttribute("ciamApplicationID");
applicationName = roleObject.getAttribute("ciamApplicationName");
}
}*/



try {
  if(null != nativeIdentity){
System.out.println("Operation [" + acctRequest.getOperation() + "] detected.");
PreparedStatement statement = connection.prepareStatement( "insert into CIAM_ROLESYNC_TABLE (Requestor_id,Requestor_Networkid,Requestee,Requestee_id,Native_Identity,Roleid,Role_name,Assignment_type,Application_id,Application_name,Start_Date,End_date,Timestamp) values (?,?,?,?,?,?,?,?,?,?,?,?,?)" );
statement.setString (1, requestorId);
statement.setString (2, requestorNetworkId);
statement.setString (3, requestee);
statement.setString (4, requesteeId);
statement.setString (5, nativeIdentity);
statement.setString (6, roleId);
statement.setString (7, roleName);
statement.setString (8, assigmentType);
statement.setString (9, applicationId);
statement.setString (10, applicationName);
statement.setString (11, startDate);
statement.setString (12, endDate);
statement.setString (13, timestamp);

statement.executeUpdate();
result.setStatus( ProvisioningResult.STATUS_COMMITTED );
   /*HashMap roleDetails = new HashMap();
  HashMap businessRoleDetails = new HashMap();
   Bundle bundleObject = context.getObjectByName(Bundle.class, roleName);
  System.out.println("IN Create before  CIAM Call requesteeId "+requesteeId);
  System.out.println("IN Create before Making CIAM Call roleName "+roleName);
   try{
     if(null != bundleObject){
     if(null != bundleObject.getAttribute("assignment") &amp;&amp; bundleObject.getAttribute("assignment").equalsIgnoreCase("Discretionary_IT")){
	String  dacITCiamApplicationName = bundleObject.getAttribute("ciamApplicationName");
      String  dacITCiamApplicationId = bundleObject.getAttribute("ciamApplicationID");
       loggerObj.info("In CIAM ROLESYNCCreateprovisioining Rule dacITCiamApplicationName IS:: "+dacITCiamApplicationName);
       loggerObj.info("In CIAM ROLESYNCCreateprovisioining Rule dacITCiamApplicationId IS::" + dacITCiamApplicationId);
	  if(null != dacITCiamApplicationName &amp;&amp; null != dacITCiamApplicationId){
	     String[] dacITCiamApplicationNameArray = dacITCiamApplicationName.split(",");
		 String[] dacITCiamApplicationIdArray = dacITCiamApplicationId.split(",");
		 int dacITCiamApplicationNameLength = dacITCiamApplicationNameArray.length;
		 for (int i = 0; i &lt; dacITCiamApplicationNameLength; i++) {
		 roleDetails= roleDetailsMap(requesteeId, roleName, STR_ACTION_ADD);
		 roleDetails.put("appName", dacITCiamApplicationNameArray[i]);
		 roleDetails.put("appId", dacITCiamApplicationIdArray[i]);
       loggerObj.info("In CIAM roleDetails Rule roleDetails IS::" + roleDetails);
		updateTimApplicationRolesAssignmentInput(roleDetails);
		
		 }
   
   }else {
	roleDetails= roleDetailsMap(requesteeId, roleName, STR_ACTION_ADD);
	updateTimApplicationRolesAssignmentInput(roleDetails);
  //}
     }else{
       businessRoleDetails = businessRoleDetailsMap(requesteeId, roleName, STR_ACTION_ADD);
       updateBusinessRoleAssignement(businessRoleDetails);
				/*List permitedRolesList = bundleObject.getPermits();
        for(Bundle permiteedRole:permitedRolesList){
          if(permiteedRole == null){
            continue;
          }
          String itRoleName = permiteedRole.getName();
           roleDetails= roleDetailsMap(requesteeId, itRoleName, STR_ACTION_ADD);
           updateTimApplicationRolesAssignmentInput(roleDetails);
        }
	
     }
     }
  }catch(Exception e ) {
System.out.println( e );

}*/
  }
}
catch( SQLException e ) {
System.out.println( e );
result.setStatus( ProvisioningResult.STATUS_FAILED );
result.addError( e );
}
System.out.println( "result [" + result.toXml(false)+ "]");
return result;
  }    
    AccountRequest acctRequest = (AccountRequest) request;
  
 ProvisioningResult result = insertRole(plan,request,connection);
  return result;
    </Source>
</Rule>