<?xml version='1.0' encoding='UTF-8'?>
<!DOCTYPE Rule PUBLIC "sailpoint.dtd" "sailpoint.dtd">
<Rule language="beanshell" name="CF-CIAMUsersVault-AfterProvisioning-Rule" type="AfterProvisioning">
  <Description>An IdentityIQ server-side rule that is executed after the connector's provisioning method is called. This gives the customer the ability to customize or react to anything in the ProvisioningPlan AFTER it has been sent out to the specific applications. 

This rule will be called for any application found in a plan that also has a configured 'afterProvisioningRule' configured.</Description>
  <ReferencedRules>
    <Reference class="sailpoint.object.Rule" name="CF-Constants-Rule"/>
    <Reference class="sailpoint.object.Rule" name="CF-CommonWebServiceLibrary-Rule"/>
  </ReferencedRules>
  <Signature>
    <Inputs>
      <Argument name="log">
        <Description>
          The log object associated with the SailPointContext.
        </Description>
      </Argument>
      <Argument name="context">
        <Description>
          A sailpoint.api.SailPointContext object that can be used to query the database if necessary.
        </Description>
      </Argument>
      <Argument name="plan">
        <Description>
          The ProvisioningPlan object on its way to the Connector.
        </Description>
      </Argument>
      <Argument name="application">
        <Description>
          The application object that references this before/after script.
        </Description>
      </Argument>
      <Argument name="result">
        <Description>
          The ProvisioningResult object returned by the connectors provision method. This can be null and in many cases the connector will  not return a result and instead will annotate the plan's ProvisioningResult either at the plan or account level.        
        </Description>
      </Argument>
    </Inputs>
  </Signature>
  <Source>import sailpoint.object.*;
  import sailpoint.object.ProvisioningPlan;
  import sailpoint.object.ProvisioningPlan.AccountRequest;
  import sailpoint.object.ProvisioningPlan.AttributeRequest;
  import java.util.*;
  import java.util.HashMap;
  import sailpoint.object.Application;
  import sailpoint.object.Configuration;
  import sailpoint.object.Identity;
  import sailpoint.object.Link;
  import sailpoint.object.Attributes;
  import java.util.List;
  import java.util.ArrayList;

  import javax.jms.*;
  import javax.jms.Connection;
  import javax.jms.Destination;
  import javax.jms.JMSException;
  import javax.jms.Message;
  import javax.jms.MessageProducer;
  import javax.jms.Queue;
  import javax.jms.Session;
  import javax.jms.TextMessage;

  import org.apache.log4j.Logger;
  import com.mysql.cj.jdbc.MysqlDataSource;
  import java.sql.ResultSet;
  import java.sql.Connection;
  import java.sql.PreparedStatement;
  import java.sql.SQLException;
  import java.sql.Statement;
  import java.io.IOException;
  import java.io.InputStreamReader;
  import java.io.OutputStreamWriter;
  import java.net.HttpURLConnection;
  import java.net.MalformedURLException;
  import java.net.ProtocolException;
  import java.net.URL;



  System.out.println("running after provisioning rule");
  //System.out.println(plan.getAccountRequests().get(0).toMap());

  Logger loggerObj = Logger.getLogger("com.carefirst.CIAMUsersHandler");
  loggerObj.info("###CIAM Users After Provisioning");




  String requester;
  if ( plan != null )
  {
    loggerObj.info("###CIAM Users After Provisioning plan is  "+plan);

    List accounts = plan.getAccountRequests();
    loggerObj.info("###CIAM Users After Provisioning accounts is  "+accounts);
    if ( ( accounts != null ) &amp;&amp; ( accounts.size() &gt; 0 ) )
    {
      loggerObj.info("###CIAM Users After Provisioning accounts &gt; 0  "+accounts);
      for ( AccountRequest acctReq : accounts )
      {
        loggerObj.info("In CIAM Users Vault After provisioning Rule Operation ::::"+acctReq.getOperation());
        //if (( acctReq != null ) &amp;&amp; (AccountRequest.Operation.Create.equals(acctReq.getOperation())))
        if (acctReq != null)
        {

          String name = plan.getNativeIdentity();
          System.out.println("Printing Provisioning plan" +plan.toXml());
          Identity identity = context.getObjectByName( Identity.class , name );
          System.out.println(" Native Identity : " + identity);


          String userType=identity.getAttribute(ATR_EMPLOYEETYPE);
          loggerObj.info("###CIAM Users userType  "+userType);
          if((userType !=null)&amp;&amp;(userType.equalsIgnoreCase(STR_EMPLOYEE))){
            HashMap userDetailsMap = new HashMap();
            String personType = "Associate";
            userDetailsMap.put("personType",personType);
            String uaasUserName= "";
            userDetailsMap.put("uaasUserName",uaasUserName);
            String tsrNumber= "";
            userDetailsMap.put("tsrNumber",tsrNumber);
            String submitterUserName= "";
            userDetailsMap.put("submitterUserName",submitterUserName);
            String skipSearch= "";
            userDetailsMap.put("skipSearch",skipSearch);
            String personStatus= "active";
            userDetailsMap.put("personStatus",personStatus);
            String departmentName="";
            userDetailsMap.put("departmentName",departmentName);
            String socialSecurityNumber= "";
            userDetailsMap.put("socialSecurityNumber",socialSecurityNumber);

            String firstName = "";
            if(identity.getAttribute("firstname") != null){
              firstName =  identity.getAttribute("firstname");
            }
            userDetailsMap.put("firstName",firstName);
            //loggerObj.info("###firstName is::::"+firstName);
            String middleName = "";
            if(identity.getAttribute("middlename") != null){
              middleName = identity.getAttribute("middlename");
            }
            userDetailsMap.put("middleName",middleName);
            String lastName = "";
            if(identity.getAttribute("lastname") != null){
              lastName = identity.getAttribute("lastname");
            }
            userDetailsMap.put("lastName",lastName);
            String email= ""; 
            if(identity.getAttribute("email") != null){
              email = identity.getAttribute("email");
            }
            userDetailsMap.put("email",email);
            String gender= "";
            if(identity.getAttribute("gender") != null){
              gender = identity.getAttribute("gender");
            }
            userDetailsMap.put("gender",gender);
            String userName= ""; 
            if(identity.getAttribute("userid") != null){
              userName = identity.getAttribute("userid");
            }
            userDetailsMap.put("userName",userName);
            //String emplId= "";   name
            userDetailsMap.put("emplId",name);
            String companyCode="";
            if(identity.getAttribute("company") != null){
              companyCode = identity.getAttribute("company");
            }
            userDetailsMap.put("companyCode",companyCode);
            String businessUnitCode="";
            if(identity.getAttribute("businessunit") != null){
              businessUnitCode = identity.getAttribute("businessunit");
            }
            userDetailsMap.put("businessUnitCode",businessUnitCode);
            String departmentCode="";
            if(identity.getAttribute("deptid") != null){
              departmentCode = identity.getAttribute("deptid");
            }
            userDetailsMap.put("departmentCode",departmentCode);
            String locationCode="";
            if(identity.getAttribute("location") != null){
              locationCode = identity.getAttribute("location");
            }
            userDetailsMap.put("locationCode",locationCode);
            String jobTitle="";
            if(identity.getAttribute("jobitle") != null){
              jobTitle = identity.getAttribute("jobitle");
            }
            userDetailsMap.put("jobTitle",jobTitle);
            String eeoCode="110";
            if(identity.getAttribute("eeojobgroup") != null){
              eeoCode = identity.getAttribute("eeojobgroup");
            }
            userDetailsMap.put("eeoCode",eeoCode);
            String managerId="020076";
            //if(identity.getAttribute("manager") != null){
              //managerId = identity.getAttribute("manager");
            //}
            userDetailsMap.put("managerId",managerId);
            String managerName="Maharjan";
            //if(identity.getManager().displayName != null){
              //managerName = identity.getManager().displayName;
            //}
            userDetailsMap.put("managerName",managerName);
            String costCenter="002K3";
            if(identity.getAttribute("costcenter") != null){
              costCenter = identity.getAttribute("costcenter");
            }
            userDetailsMap.put("costCenter",costCenter);
            String startDate="2019-12-09";
            //if(identity.getAttribute("startdate") != null){
              //startDate = identity.getAttribute("startdate");
            //}
            userDetailsMap.put("startDate",startDate);
            String endDate="3000-01-01";
            //if(identity.getAttribute("enddate") != null){
              //endDate = identity.getAttribute("enddate");
            //}
            userDetailsMap.put("endDate",endDate);
            //not present in sample payload

            String personId =""; //?
            String alternateEmailAddress =""; //?
            String dateOfBirth =""; //dob
            String companyName =""; //?
            String businessUnitName =""; //businesstitle
            String jobCode =""; //jobcode

            userDetailsMap.put("personId",personId);
            userDetailsMap.put("alternateEmailAddress",alternateEmailAddress);
            userDetailsMap.put("dateOfBirth",dateOfBirth);
            userDetailsMap.put("companyName",companyName);
            userDetailsMap.put("businessUnitName",businessUnitName);
            userDetailsMap.put("jobCode",jobCode);

            loggerObj.info("###user details map::::"+userDetailsMap);


            String result = "failure";//returned from webservice

            if (( acctReq != null ) &amp;&amp; (AccountRequest.Operation.Create.equals(acctReq.getOperation())))
            {
              String createAssociateInputXML = "&lt;soapenv:Envelope xmlns:soapenv=\"http://schemas.xmlsoap.org/soap/envelope/\" xmlns:uaas=\"http://www.carefirst.com/ciam/services/uaas\" xmlns:uaas1=\"http://associate.insidecarefirst.com/ciamservices/service/uaas_types\"&gt;"
                +"&lt;soapenv:Header/&gt;"
                +"&lt;soapenv:Body&gt;"
                +"&lt;uaas:createAssociateInput&gt;"
                +"&lt;uaas1:uaasUserName&gt;aac5790&lt;/uaas1:uaasUserName&gt;"
                +"&lt;uaas1:tsrNumber&gt;SAILREQ&lt;/uaas1:tsrNumber&gt;"
                +"&lt;uaas1:submitterUserName&gt;aac5790&lt;/uaas1:submitterUserName&gt;"
                +"&lt;uaas1:skipSearch&gt;false&lt;/uaas1:skipSearch&gt;"
                +"&lt;uaas1:associate&gt;"
                +"&lt;fullName&gt;"
                +"&lt;firstName&gt;"+firstName+"&lt;/firstName&gt;"
                +"&lt;middleInitial&gt;M&lt;/middleInitial&gt;"
                +"&lt;lastName&gt;"+lastName+"&lt;/lastName&gt;"
                +"&lt;/fullName&gt;"
                +"&lt;personType&gt;Associate&lt;/personType&gt;"
                +"&lt;personStatus&gt;active&lt;/personStatus&gt;"
                +"&lt;emailAddress&gt;"+email+"&lt;/emailAddress&gt;"
                +"&lt;gender&gt;M&lt;/gender&gt;"
                +"&lt;socialSecurityNumber&gt;12345&lt;/socialSecurityNumber&gt;"
                +"&lt;userName&gt;"+userName+"&lt;/userName&gt;"
                +"&lt;emplId&gt;"+name+"&lt;/emplId&gt;"
                +"&lt;businessUnit&gt;"
                +"&lt;companyCode&gt;"+companyCode+"&lt;/companyCode&gt;"
                +"&lt;businessUnitCode&gt;"+businessUnitCode+"&lt;/businessUnitCode&gt; "              
                +"&lt;departmentCode&gt;"+departmentCode+"&lt;/departmentCode&gt;"
                +"&lt;departmentName&gt;Care Management Admin&lt;/departmentName&gt;"
                +"&lt;locationCode&gt;"+locationCode+"&lt;/locationCode&gt;"
                +"&lt;jobTitle&gt;"+jobTitle+"&lt;/jobTitle&gt;"
                +"&lt;eeoCode&gt;"+eeoCode+"&lt;/eeoCode&gt;"
                +"&lt;/businessUnit&gt;"
                +"&lt;locationCode&gt;"+locationCode+"&lt;/locationCode&gt;"
                +"&lt;managerId&gt;"+managerId+"&lt;/managerId&gt;"
                +"&lt;managerName&gt;shah&lt;/managerName&gt;"
                +"&lt;costCenter&gt;"+costCenter+"&lt;/costCenter&gt;"
                +"&lt;startDate&gt;"+startDate+"&lt;/startDate&gt;"
                +"&lt;endDate&gt;"+endDate+"&lt;/endDate&gt;"
                +"&lt;/uaas1:associate&gt;"
                +"&lt;/uaas:createAssociateInput&gt;"
                +"&lt;/soapenv:Body&gt;"
                +"&lt;/soapenv:Envelope&gt;";


             
              String endpoint  =  "http://associatedev.insidecarefirst.com/UAASCIAMWebServices/services/UAASPort";


              String soapAction = "";

              loggerObj.info("###endpoint::::"+endpoint);

              loggerObj.info("###createAssociateInputXML::::"+createAssociateInputXML);


              String responsIs = sendRequest(createAssociateInputXML,endpoint,soapAction);

              loggerObj.info("createAssociateInputXML Response is: " +responsIs);

            } 

            if(result.equals("failure")){
              //insertFailureRecord(userDetailsMap);

              MysqlDataSource dataSource = new MysqlDataSource();
              dataSource.setUser("identityiq");
              dataSource.setPassword("identityiq");
              dataSource.setServerName("sv-tivdi-p2");
              dataSource.setDatabaseName("identityiq");
              Connection connection;
              String columnNames="emplId,created,modified,uaasUserName,tsrNumber,submitterUserName,skipSearch,firstName,middleInitial,lastName,personType,personId,personStatus,emailAddress,alternateEmailAddress,dateOfBirth,gender,socialSecurityNumber,userName,companyCode,companyName,businessUnitCode,businessUnitName,departmentCode,departmentName,locationCode,jobTitle,jobCode,eeoCode,managerId,managerName,costCenter,startDate,endDate,action,roleName,ownerName,applictionName,entitlementName,operation,extended1,extended2,extended3,extended4,extended5,extended6,extended7,extended8,extended9,extended10";
              ArrayList columnList= new ArrayList(Arrays.asList(columnNames.split(",")));
              PreparedStatement statement = null;
              String preparedStatementQuery = "insert into ciam_user_provisioning_status ("+columnNames+") values(?,?,?,?,?,?,?,?,?,?,?,?,?,?,?,?,?,?,?,?,?,?,?,?,?,?,?,?,?,?,?,?,?,?,?,?,?,?,?,?,?,?,?,?,?,?,?,?,?,?)";
              loggerObj.info("preparedStatementQuery: " + preparedStatementQuery);



              try {
                connection= dataSource.getConnection();
                loggerObj.info("connection: " + connection);
                statement = connection.prepareStatement(preparedStatementQuery);//need to create connection if not available in after prov rule
                for(int i=0; i&lt;columnList.size();i++)
                {
                  String value ="";
                  if(userDetailsMap.get(columnList.get(i))!=null)
                    value = userDetailsMap.get(columnList.get(i)).toString();
                  statement.setString (i+1, value);
                }
                loggerObj.info("Before Execuite"+preparedStatementQuery);
                statement.executeUpdate();
                connection.close();
              } catch (SQLException e) {
                // TODO Auto-generated catch block
                e.printStackTrace();
              }
              loggerObj.info("preparedStatementQuery: " + preparedStatementQuery);
            }
          }
        }
        if (( acctReq != null ) &amp;&amp; (AccountRequest.Operation.Disable.equals(acctReq.getOperation())))
        {




        }
        if (( acctReq != null ) &amp;&amp; (AccountRequest.Operation.Enable.equals(acctReq.getOperation())))
        {



        }


      }
    }
  }</Source>
</Rule>