<?xml version='1.0' encoding='UTF-8'?>
<!DOCTYPE Rule PUBLIC "sailpoint.dtd" "sailpoint.dtd">
<Rule language="beanshell" name="CF-CDCAccessReviewSignOffApprover-Rule" type="CertificationSignOffApprover">
  <Description>This rule is run when the certification is signed off to determine who (if anyone) needs to approve the certification decisions.  If this returns a non-null identity, the certification is forwarded to the returned identity.</Description>
  <Signature returnType="Map">
    <Inputs>
      <Argument name="log">
        <Description>
          The log object associated with the SailPointContext.
        </Description>
      </Argument>
      <Argument name="context">
        <Description>
          A sailpoint.api.SailPointContext object that can be used to query the database if necessary.
        </Description>
      </Argument>
      <Argument name="certification">
        <Description>
          The sailpoint.object.Certification that was signed.
        </Description>
      </Argument>
      <Argument name="certifier">
        <Description>
          The sailpoint.object.Identity that signed the certification.
        </Description>
      </Argument>
    </Inputs>
    <Returns>
      <Argument name="identityName">
        <Description>
        The name of the Identity that should approve the certification.  Either
        this or 'identity' should be non-null if certification sign off approval
        is desired.
        </Description>
      </Argument>
      <Argument name="identity">
        <Description>
        The Identity that should approve the certification.  Either this or
        'identityName' should be non-null if certification sign off approval
        is desired.
        </Description>
      </Argument>
    </Returns>
  </Signature>
  <Source>
  import sailpoint.object.QueryOptions;
  import sailpoint.object.Filter;
  import java.util.List;
  import java.util.ArrayList;
  import java.util.HashMap;
  import sailpoint.object.Identity;

   Identity identity = context.getObjectByName(Identity.class,"023899");

    System.out.println("in signoff approver rule certifier is : "+certifier);

    System.out.println("in signoff approver rule certifier manager is : "+identity);
   Map results = new HashMap();
  if(certifier!=null){
     if(!(certifier.getName()).equals("023899"))
     {
           results.put("identity", identity);

     }
  }
  return results;
  
  
  
  
  
  
  
  
  </Source>
</Rule>