<?xml version='1.0' encoding='UTF-8'?>
<!DOCTYPE Rule PUBLIC "sailpoint.dtd" "sailpoint.dtd">
<Rule language="beanshell" name="CF-CIAM-RetryCIAMSync-Rule">
  <Description>This rule is used by the JDBC connector to do provisioning of the data .</Description>
  <ReferencedRules>
    <Reference class="sailpoint.object.Rule" name="CF-CIAM-CommonWebServiceRuleLibrary-Rule"/>
    <Reference class="sailpoint.object.Rule" name="CF-Constants-Rule"/>
    <Reference class="sailpoint.object.Rule" name="CF-CommonLibrary-CIAMWebserviceForAffiliate-Rule"/>
  </ReferencedRules>
  <Signature returnType="ProvisioningResult">
    <Inputs>
      <Argument name="log">
        <Description>
          The log object associated with the SailPointContext.
        </Description>
      </Argument>
      <Argument name="context">
        <Description>
          A sailpoint.api.SailPointContext object that can be used to query the database if necessary.
        </Description>
      </Argument>
    </Inputs>
    <Returns>
      <Argument name="count">
        <Description>A Provisioning Result object is desirable to return the status.IT can be a new object or part of  Provisioning Plan</Description>
      </Argument>
    </Returns>
  </Signature>
  <Source>
import java.util.List;
import sailpoint.object.TaskDefinition;
import sailpoint.object.TaskResult;
import sailpoint.object.Identity;
  
  import java.util.HashMap;
TaskDefinition taskDef = context.getObjectByName(TaskDefinition.class,"CF-CIAMRetryTask-TaskDefinition");
String employeeid = taskDef.getString("employeeid");
String username = taskDef.getString("username");  
String email = taskDef.getString("email");  
String uaasname = taskDef.getString("uaasname");
  System.out.println("Employee ID is::::"+employeeid);
  HashMap userDetailsMap = new HashMap();
  HashMap resultMap = new HashMap();
  String count = employeeid;
if(null != employeeid &amp;&amp; null != uaasname &amp;&amp; uaasname.equalsIgnoreCase("createAssociate")){
  userDetailsMap = generateUserDetaislMap(employeeid);
  resultMap = createassociate(userDetailsMap);

}else if(null != employeeid &amp;&amp; null != uaasname &amp;&amp; uaasname.equalsIgnoreCase("createContractor")){
  userDetailsMap = generateUserDetaislMap(employeeid);
  resultMap = createContractor(userDetailsMap);

}else if(null != employeeid &amp;&amp; null != uaasname &amp;&amp; uaasname.equalsIgnoreCase("updateAssociate")){
  userDetailsMap = generateUserDetaislMap(employeeid);
  boolean isRehire = false;
  resultMap = updateAssociate(userDetailsMap, isRehire);

  //newly added begins here
  
  }else if(null != employeeid &amp;&amp; null != uaasname &amp;&amp; uaasname.equalsIgnoreCase("createAffiliate")){
  userDetailsMap = generateUserDetaislMap(employeeid);  
  Identity idObj = context.getObjectByName(Identity.class,employeeid);
  System.out.println("Inside CF-CIAM_RetryCIAMSync-Rule, inside createAffiliate method, employeeid = "+employeeid);
  System.out.println("Inside CF-CIAM_RetryCIAMSync-Rule, inside createAffiliate method, userid = "+idObj.getAttribute("userid"));
  String resultString = createAffiliateUser(idObj);

}
  
  
  //newly added till here
  
  
  
else if(null != employeeid &amp;&amp; null != uaasname &amp;&amp; uaasname.equalsIgnoreCase("updateContractorRehire")){
  userDetailsMap = generateUserDetaislMap(employeeid);
  boolean isRehire =true;
  resultMap = updateContractor(userDetailsMap, isRehire);

}else if(null != employeeid &amp;&amp; null != uaasname &amp;&amp; uaasname.equalsIgnoreCase("updateAssociateRehire")){
  userDetailsMap = generateUserDetaislMap(employeeid);
  boolean isRehire = true;
  resultMap = updateAssociate(userDetailsMap, isRehire);

}else if(null != employeeid &amp;&amp; null != uaasname &amp;&amp; uaasname.equalsIgnoreCase("updateContractor")){
  userDetailsMap = generateUserDetaislMap(employeeid);
  boolean isRehire =false;
  resultMap = updateContractor(userDetailsMap, isRehire);

}
  else if(null != username &amp;&amp; null != uaasname &amp;&amp; uaasname.equalsIgnoreCase("suspendPerson")){
  resultMap = suspendPerson(username);

}else if(null != username &amp;&amp; null != email &amp;&amp; null != uaasname &amp;&amp; uaasname.equalsIgnoreCase("terminatePerson")){
  resultMap = terminatePerson(username, email);

}else if(null != username &amp;&amp; null != uaasname &amp;&amp; uaasname.equalsIgnoreCase("reactivatePerson")){
  resultMap = reactivatePerson(userName);
}else if(null != username &amp;&amp; null != uaasname &amp;&amp; uaasname.equalsIgnoreCase("rehire")){

}else if(null != employeeid &amp;&amp; null != uaasname &amp;&amp; uaasname.equalsIgnoreCase("convertContractorToAssociate")){
   userDetailsMap = generateUserDetaislMap(employeeid);
  resultMap = convertContractorToAssociateInput(userDetailsMap);
}else if(null != employeeid &amp;&amp; null != uaasname &amp;&amp; uaasname.equalsIgnoreCase("convertAssociateToContractor")){
   userDetailsMap = generateUserDetaislMap(employeeid);
  resultMap = convertAssociateToContractor(userDetailsMap);
}
  
  
  System.out.println("Task result  is::::"+taskResult);
  System.out.println("Employee ID is::::"+employeeid);
  
  if(null != taskResult){
taskResult.setAttribute("count",count);
    context.saveObject(taskResult);
    context.commitTransaction();
  }
  
  
  

  </Source>
</Rule>