<?xml version='1.0' encoding='UTF-8'?>
<!DOCTYPE Rule PUBLIC "sailpoint.dtd" "sailpoint.dtd">
<Rule language="beanshell" name="CF-CIAM-WS-UpdateTimApplicationRolesAssignment-Rule">
  <Description>
    An IdentityIQ Server-Side rule that is executed AFTER the connector's provisioning method is called. 
    This rule is called after accounts have been created on the underlying AD domain.
  </Description>
  <ReferencedRules>
    <Reference class="sailpoint.object.Rule" name="CF-Constants-Rule"/>
  </ReferencedRules>
  <Signature>
    <Inputs>
      <Argument name="log">
        <Description>
          The log object associated with the SailPointContext.
        </Description>
      </Argument>
      <Argument name="context">
        <Description>
          A sailpoint.api.SailPointContext object that can be used to query the database if necessary.
        </Description>
      </Argument>
    </Inputs>
  </Signature>
  <Source>
  import java.rmi.RemoteException;
  import java.util.Calendar;
  import java.util.GregorianCalendar;

  import javax.xml.rpc.ServiceException;
  import java.util.HashMap;
  import java.util.List;
  import sailpoint.object.Bundle;

  import com.carefirst.www.ciam.services.uaas.UAASLocator;
  import com.carefirst.www.ciam.services.uaas.UAASPort;
  import com.insidecarefirst.associate.ciamservices.service.ciam_types.*;
  import com.insidecarefirst.associate.ciamservices.service.ciam_types.Application;
  import com.insidecarefirst.associate.ciamservices.service.ciam_types.Assignment;
  import com.insidecarefirst.associate.ciamservices.service.ciam_types.AssignmentStatus;
  import com.insidecarefirst.associate.ciamservices.service.ciam_types.Role;
  import com.insidecarefirst.associate.ciamservices.service.faults.BaseFault;
  import com.insidecarefirst.associate.ciamservices.service.faults.CiamSystemFault;
  import com.insidecarefirst.associate.ciamservices.service.faults.UserNotExistFault;
  import com.insidecarefirst.associate.ciamservices.service.faults.ValidationFault;
  import com.insidecarefirst.associate.ciamservices.service.uaas_types.UpdateTimApplicationRolesAssignmentInput;
  import com.insidecarefirst.associate.ciamservices.service.uaas_types.UpdateTimApplicationRolesAssignmentOutput;
  import com.insidecarefirst.associate.ciamservices.service.uaas_types.UpdateBusinessRolesAssignmentInput;
import com.insidecarefirst.associate.ciamservices.service.uaas_types.UpdateBusinessRolesAssignmentOutput;
  import com.insidecarefirst.associate.ciamservices.service.ciam_types.BusinessRole;

  
  import java.sql.Connection;
import java.sql.DriverManager;
import java.sql.PreparedStatement;
import java.sql.SQLException;
import java.sql.Types;
import java.util.List;
import sailpoint.api.SailPointContext;
import sailpoint.connector.JDBCConnector;
import sailpoint.object.Application;
import sailpoint.object.ProvisioningPlan;
import sailpoint.object.ProvisioningPlan.AccountRequest;
import sailpoint.object.ProvisioningPlan.AttributeRequest;
import sailpoint.object.ProvisioningResult;
import sailpoint.object.Schema;
import sailpoint.tools.xml.XMLObjectFactory;
import org.apache.commons.logging.LogFactory;
import org.apache.commons.logging.Log;
import java.util.HashMap;
import sailpoint.object.Identity;
 import org.apache.log4j.Logger;

  
  Logger loggerObj = Logger.getLogger("com.carefirst.roleassignment");

  loggerObj.info("Start Updatetime Role assignment");

  public  void updateTimApplicationRolesAssignmentInput(HashMap roleDetails) throws ServiceException, RemoteException   {
    System.out.println("Start updateTimApplicationRolesAssignmentInput is:::");
    loggerObj.info("Start updateTimApplicationRolesAssignmentInput is:::");

    try {
      UAASLocator uaas = new UAASLocator();
      uaas.setUAASPortEndpointAddress(STR_WEBSERVICE_ENDPOINT);
      UAASPort port = uaas.getUAASPort();
      UpdateTimApplicationRolesAssignmentInput updateTimApplicationRolesAssignmentInput = new UpdateTimApplicationRolesAssignmentInput();
      //updateTimApplicationRolesAssignmentInput.setUserName("aaa7818");
      updateTimApplicationRolesAssignmentInput.setUserName(roleDetails.get("username"));
       
       updateTimApplicationRolesAssignmentInput.setTimUserName(roleDetails.get("username"));
      updateTimApplicationRolesAssignmentInput.setUaasUserName("SAILPOINT");
      updateTimApplicationRolesAssignmentInput.setTsrNumber("SAILREQ");
     //updateTimApplicationRolesAssignmentInput.setUserName(roleDetails.get("username").toString());
      //updateTimApplicationRolesAssignmentInput.setTimUserName("aaa7818");
     
      com.insidecarefirst.associate.ciamservices.service.ciam_types.Application application = new com.insidecarefirst.associate.ciamservices.service.ciam_types.Application();
      application.setName(roleDetails.get("appName"));
      //application.setName("UAAS");
      //long id = 76;
      
      long id = Long.parseLong(roleDetails.get("appId"));
      
      application.setId(id);
      //application.setId(roleDetails.get("appId"));
      //long roleid = 76002;
      
      long roleid = Long.parseLong(roleDetails.get("roleId"));
      Role r = new Role();
      r.setId(roleid);
      //r.setId(roleDetails.get("roleId"));
      //r.setName("UAAS Global Read");
     
      r.setName(roleDetails.get("roleName"));
      if(null != roleDetails.get("roleAction")){
        if(roleDetails.get("roleAction").equalsIgnoreCase("ADD")){
      	r.setIsAssigned(true);
        }
        else{
        r.setIsAssigned(false);
      }
      }
      
      r.setIsAssignable(true);
      Assignment assignment = new Assignment();
      assignment.setAssigner("SAILPOINT");
      assignment.setAssignmentType(AssignmentStatus.Discretionary);
      assignment.setEffectiveDate(Calendar.getInstance());
      assignment.setTsrNumber("SAILREQ");
      Calendar endDate = new GregorianCalendar(3000, 01, 01); 
      assignment.setEndDate(endDate);
      r.setAssignment(assignment);
      Role[] roles = new Role[1]; 
      roles [0] =r;
      application.setRoles(roles);
      System.out.println(" Role sync WS Details :::"+roleDetails);
      
      updateTimApplicationRolesAssignmentInput.setApplication(application);

      UpdateTimApplicationRolesAssignmentOutput output = port.updateTimApplicationRolesAssignment(updateTimApplicationRolesAssignmentInput);
      System.out.println("END UpdateTimApplicationRolesAssignmentOutput is:::"+output.getResponse().getResponseCode());
      System.out.println(" Role sync WS faultcode reason :::"+output.getResponse().getResponseDescription());
    } catch (UserNotExistFault e1) {
      // TODO Auto-generated catch block
      e1.printStackTrace();
    } catch (ValidationFault e1) {
      // TODO Auto-generated catch block
      e1.printStackTrace();
    } catch (CiamSystemFault e1) {
      // TODO Auto-generated catch block
      e1.printStackTrace();
    } catch (BaseFault e1) {
      // TODO Auto-generated catch block
      e1.printStackTrace();
    } catch (RemoteException e1) {
      // TODO Auto-generated catch block
      e1.printStackTrace();
    }

  }
  public void updateBusinessRoleAssignement(HashMap businessRoleDetails) throws ServiceException  {
    System.out.println("Start  updateBusinessRoleAssignement is:::");
    
		try {
			UAASLocator uaas = new UAASLocator();
			uaas.setUAASPortEndpointAddress(STR_WEBSERVICE_ENDPOINT);
			UAASPort port = uaas.getUAASPort();
			UpdateBusinessRolesAssignmentInput updateBusinessRolesAssignmentInput = new UpdateBusinessRolesAssignmentInput();
			updateBusinessRolesAssignmentInput.setUserName(businessRoleDetails.get("username"));
			updateBusinessRolesAssignmentInput.setUaasUserName("SAILPOINT");
			updateBusinessRolesAssignmentInput.setTsrNumber("SAILREQ");
			BusinessRole businessRole = new BusinessRole();
			BusinessRole[] businessRoles = new BusinessRole[1];
			businessRoles[0] = businessRole;
			businessRole.setName(businessRoleDetails.get("roleName"));
			//long ciamRoleId = 76;
      //long ciamRoleId = Long.parseLong(businessRoleDetails.get("cartRoleId"));
      long ciamRoleId = Long.parseLong(businessRoleDetails.get("cartRoleId"));
      
			businessRole.setId(ciamRoleId);
      if(null != businessRoleDetails.get("roleAction")){
        if(businessRoleDetails.get("roleAction").equalsIgnoreCase("ADD")){
      businessRole.setIsAssigned(true);
      }
        else{
						businessRole.setIsAssigned(false);
      }
      }
			businessRole.setIsAssignable(true);
			Assignment assignment = new Assignment();
			assignment.setAssigner("SAILPOINT");
			assignment.setAssignmentType(AssignmentStatus.Discretionary);
			assignment.setTsrNumber("SAILREQ");
			assignment.setEffectiveDate(Calendar.getInstance());
		
			Calendar endDate = new GregorianCalendar(3000, 01, 01);
			assignment.setEndDate(endDate);
			businessRole.setAssignment(assignment);
			updateBusinessRolesAssignmentInput.setBusinessRoles(businessRoles);
			
				UpdateBusinessRolesAssignmentOutput updateBusinessRolesAssignmentOutput = port.updateBusinessRolesAssignment(updateBusinessRolesAssignmentInput);
			System.out.println("END updateBusinessRolesAssignmentOutput is:::"+updateBusinessRolesAssignmentOutput.getResponse().getResponseCode());
    } catch (UserNotExistFault e) {
				// TODO Auto-generated catch block
				e.printStackTrace();
			} catch (ValidationFault e) {
				// TODO Auto-generated catch block
				e.printStackTrace();
			} catch (CiamSystemFault e) {
				// TODO Auto-generated catch block
				e.printStackTrace();
			} catch (BaseFault e) {
				// TODO Auto-generated catch block
				e.printStackTrace();
			} catch (RemoteException e) {
				// TODO Auto-generated catch block
				e.printStackTrace();
			}

	}


  public HashMap roleDetailsMap(String username, String rolename, String roleAction)throws Exception {
    HashMap hashMap = new HashMap();
    Bundle bundleObject = context.getObjectByName(Bundle.class, rolename);
    
   
    
    if(null != bundleObject){
       Bundle itBundleObject = context.getObjectByName(Bundle.class, rolename);
      //hashMap.put("appName", bundleObject.getAttribute("ciamApplicationName"));
      //hashMap.put("appId", bundleObject.getAttribute("ciamApplicationID"));
      
      hashMap.put("appName", itBundleObject.getAttribute("ciamApplicationName"));
      hashMap.put("appId", itBundleObject.getAttribute("ciamApplicationID"));
      
      //hashMap.put("roleId", bundleObject.getAttribute("ciamBusinessRoleId"));
      hashMap.put("roleId", bundleObject.getAttribute("ciamITRoleId"));
      //hashMap.put("roleName", bundleObject.getAttribute("ciamBusinessITRoleName"));
      hashMap.put("roleName", bundleObject.getName());
      hashMap.put("username", username);
      hashMap.put("roleAction", roleAction);
      return hashMap;
    }
  }
  
  public HashMap businessRoleDetailsMap(String username, String rolename, String roleAction)throws Exception {
    HashMap hashMap = new HashMap();
    Bundle bundleObject = context.getObjectByName(Bundle.class, rolename);
    if(null != bundleObject){
     // hashMap.put("appName", bundleObject.getAttribute("ciamApplicationName"));
      //hashMap.put("appId", bundleObject.getAttribute("ciamApplicationID"));
      //hashMap.put("cartRoleId", bundleObject.getAttribute("cartRoleId"));
      hashMap.put("cartRoleId", bundleObject.getAttribute("ciamBusinessRoleId"));
      
      //hashMap.put("roleName", bundleObject.getAttribute("ciamBusinessITRoleName"));
      hashMap.put("roleName", bundleObject.getName());
      hashMap.put("username", username);
      hashMap.put("roleAction", roleAction);
      return hashMap;
    }
  }
  
  public ProvisioningResult insertRole(ProvisioningPlan plan,AccountRequest acctRequest,Connection connection){

ProvisioningResult result = new ProvisioningResult();
String nativeIdentity=(String)acctRequest.getNativeIdentity();
String requestorId = plan.getArguments().get("requester").toString();
Identity requestorObject = context.getObjectByName(Identity.class,requestorId);
String requestorNetworkId = requestorObject.getAttribute("userid");
Identity requesteeObject = context.getObjectByName(Identity.class,nativeIdentity);
String requestee = requesteeObject.getDisplayName().toString();
String requesteeId = requesteeObject.getAttribute("userid");
String roleName = "";
String roleId = "";
String assigmentType="";
String applicationId = "";
String applicationName = "";
String startDate = "";
String endDate = "";
String timestamp = "";
if ( acctRequest != null ) {
AttributeRequest attrReq = acctRequest.getAttributeRequest("Role_name");
  System.out.println(" In Insert Role AttrRequ: " + attrReq);
if ( attrReq != null ) {
roleName = attrReq.getValue();
   System.out.println(" In Insert Role Role Namae : " + roleName);
}
}
if(roleName!=null &amp;&amp; !(roleName.equals(""))){

Bundle roleObject =  context.getObjectByName(Bundle.class,roleName);
System.out.println("Bundle "+roleObject.toXml());

if(rolObject!=null){
roleId = roleObject.getAttribute("ciamRoleID");
assigmentType = roleObject.getAttribute("roleProvisionType");
applicationId =  roleObject.getAttribute("ciamApplicationID");
applicationName = roleObject.getAttribute("ciamApplicationName");
}
}



try {

System.out.println("Operation [" + acctRequest.getOperation() + "] detected.");
PreparedStatement statement = connection.prepareStatement( "insert into CIAM_ROLESYNC_TABLE (Requestor_id,Requestor_Networkid,Requestee,Requestee_id,Native_Identity,Roleid,Role_name,Assignment_type,Application_id,Application_name,Start_Date,End_date,Timestamp) values (?,?,?,?,?,?,?,?,?,?,?,?,?)" );
statement.setString (1, requestorId);
statement.setString (2, requestorNetworkId);
statement.setString (3, requestee);
statement.setString (4, requesteeId);
statement.setString (5, nativeIdentity);
statement.setString (6, roleId);
statement.setString (7, roleName);
statement.setString (8, assigmentType);
statement.setString (9, applicationId);
statement.setString (10, applicationName);
statement.setString (11, startDate);
statement.setString (12, endDate);
statement.setString (13, timestamp);

statement.executeUpdate();
result.setStatus( ProvisioningResult.STATUS_COMMITTED );
  HashMap roleDetails = new HashMap();
  HashMap businessRoleDetails = new HashMap();
   Bundle bundleObject = context.getObjectByName(Bundle.class, roleName);
   System.out.println("IN Create before  CIAM Call requesteeId "+requesteeId);
  System.out.println("IN Create before Making CIAM Call roleName "+roleName);
   System.out.println("IN Create before Making CIAM Call Assignement Type "+bundleObject.getAttribute("assignment"));
  loggerObj.info("Assignemnet is:::"+bundleObject.getAttribute("assignment"));
   try{
     
     if(null != bundleObject.getAttribute("assignment") &amp;&amp; bundleObject.getAttribute("assignment").equalsIgnoreCase("Discretionary_IT")){
	 		/*String  dacITCiamApplicationName = bundleObject.getAttribute("ciamApplicationName");
       loggerObj.info("dacITCiamApplicationName is:::"+dacITCiamApplicationName);
       
      String  dacITCiamApplicationId = bundleObject.getAttribute("ciamApplicationID");
       loggerObj.info("dacITCiamApplicationId is:::"+dacITCiamApplicationId);
	  if(null != dacITCiamApplicationName &amp;&amp; null != dacITCiamApplicationId){
	     String[] dacITCiamApplicationNameArray = dacITCiamApplicationName.split(",");
		 String[] dacITCiamApplicationIdArray = dacITCiamApplicationId.split(",");
		 int dacITCiamApplicationNameLength = dacITCiamApplicationNameArray.length;
		 for (int i = 0; i &lt; dacITCiamApplicationNameLength; i++) {
		 roleDetails= roleDetailsMap(requesteeId, roleName, STR_ACTION_ADD);
		 roleDetails.put("appName", dacITCiamApplicationNameArray[i]);
		 roleDetails.put("appId", dacITCiamApplicationIdArray[i]);
        loggerObj.info("roleDetails is:::"+roleDetails);
		updateTimApplicationRolesAssignmentInput(roleDetails);
		
		 }
   
   }else {*/
	roleDetails= roleDetailsMap(requesteeId, roleName, STR_ACTION_ADD);
	updateTimApplicationRolesAssignmentInput(roleDetails);
  //}
     }else{
       businessRoleDetails = businessRoleDetailsMap(requesteeId, roleName, STR_ACTION_ADD);
       updateBusinessRoleAssignement(businessRoleDetails);
				/*List permitedRolesList = bundleObject.getPermits();
        for(Bundle permiteedRole:permitedRolesList){
          if(permiteedRole == null){
            continue;
          }
          String itRoleName = permiteedRole.getName();
           roleDetails= roleDetailsMap(requesteeId, itRoleName, STR_ACTION_ADD);
           updateTimApplicationRolesAssignmentInput(roleDetails);
        }*/
	
     }
  }catch(Exception e) {
System.out.println( e );

}
  
}
catch( SQLException e ) {
System.out.println( e );
result.setStatus( ProvisioningResult.STATUS_FAILED );
result.addError( e );
}
System.out.println( "result [" + result.toXml(false)+ "]");
return result;
  }

public ProvisioningResult insertListRole(ProvisioningPlan plan,AccountRequest acctRequest,Connection connection){

ProvisioningResult result = new ProvisioningResult();
String nativeIdentity=(String)acctRequest.getNativeIdentity();
String requestorId = plan.getArguments().get("requester").toString();
Identity requestorObject = context.getObjectByName(Identity.class,requestorId);
String requestorNetworkId = requestorObject.getAttribute("userid");
Identity requesteeObject = context.getObjectByName(Identity.class,nativeIdentity);
String requestee = requesteeObject.getDisplayName().toString();
String requesteeId = requesteeObject.getAttribute("userid");

String roleId = "";
String assigmentType="";
String applicationId = "";
String applicationName = "";
String startDate = "";
String endDate = "";
String timestamp = "";
List listRoleNames = new ArrayList();
 
if ( acctRequest != null ) {
AttributeRequest attrReq = acctRequest.getAttributeRequest("Role_name");
  System.out.println(" In Insert Role AttrRequ: " + attrReq);
if ( attrReq != null ) {
 Object obj = attrReq.getValue();
  System.out.println(" In Insert Role AttrRequ: List type" + attrReq);
  
  if(obj instanceof List){
    
    listRoleNames = (List)attrReq.getValue();
    
    for(String roleName : listRoleNames)
    {
    
        
    
    
    
    
    
System.out.println(" In Insert Role Role Namae : " + roleName);

if(roleName!=null &amp;&amp; !(roleName.equals(""))){

Bundle roleObject =  context.getObjectByName(Bundle.class,roleName);
System.out.println("Bundle "+roleObject.toXml());

if(rolObject!=null){
roleId = roleObject.getAttribute("ciamRoleID");
assigmentType = roleObject.getAttribute("roleProvisionType");
applicationId =  roleObject.getAttribute("ciamApplicationID");
applicationName = roleObject.getAttribute("ciamApplicationName");
}
}



try {

System.out.println("Operation [" + acctRequest.getOperation() + "] detected.");
PreparedStatement statement = connection.prepareStatement( "insert into CIAM_ROLESYNC_TABLE (Requestor_id,Requestor_Networkid,Requestee,Requestee_id,Native_Identity,Roleid,Role_name,Assignment_type,Application_id,Application_name,Start_Date,End_date,Timestamp) values (?,?,?,?,?,?,?,?,?,?,?,?,?)" );
statement.setString (1, requestorId);
statement.setString (2, requestorNetworkId);
statement.setString (3, requestee);
statement.setString (4, requesteeId);
statement.setString (5, nativeIdentity);
statement.setString (6, roleId);
statement.setString (7, roleName);
statement.setString (8, assigmentType);
statement.setString (9, applicationId);
statement.setString (10, applicationName);
statement.setString (11, startDate);
statement.setString (12, endDate);
statement.setString (13, timestamp);

statement.executeUpdate();
result.setStatus( ProvisioningResult.STATUS_COMMITTED );
  HashMap roleDetails = new HashMap();
  HashMap businessRoleDetails = new HashMap();
   Bundle bundleObject = context.getObjectByName(Bundle.class, roleName);
   System.out.println("IN Create before  CIAM Call requesteeId "+requesteeId);
  System.out.println("IN Create before Making CIAM Call roleName "+roleName);
   System.out.println("IN Create before Making CIAM Call Assignement Type "+bundleObject.getAttribute("assignment"));
  loggerObj.info("Assignemnet is:::"+bundleObject.getAttribute("assignment"));
   try{
     
     if(null != bundleObject.getAttribute("assignment") &amp;&amp; bundleObject.getAttribute("assignment").equalsIgnoreCase("Discretionary_IT")){
	 	
	roleDetails= roleDetailsMap(requesteeId, roleName, STR_ACTION_ADD);
	updateTimApplicationRolesAssignmentInput(roleDetails);
  //}
     }else{
       businessRoleDetails = businessRoleDetailsMap(requesteeId, roleName, STR_ACTION_ADD);
       updateBusinessRoleAssignement(businessRoleDetails);
			
	
     }
  }catch(Exception e) {
System.out.println( e );

}
  
}
catch( SQLException e ) {
System.out.println( e );
result.setStatus( ProvisioningResult.STATUS_FAILED );
result.addError( e );
}
    
    
    
    
    }
    
    
    

}
  }
}
System.out.println( "result [" + result.toXml(false)+ "]");
return result;
  }

  </Source>
</Rule>