<?xml version='1.0' encoding='UTF-8'?>
<!DOCTYPE Rule PUBLIC "sailpoint.dtd" "sailpoint.dtd">
<Rule language="beanshell" name="CF-CFASalesforce-BeforeProvisioning-Rule" type="BeforeProvisioning">
  <Description>An IdentityIQ server-side rule that is executed before the connector's provisioning method is called. This gives the customer the ability to customize or react to anything in the ProvisioningPlan BEFORE it is sent to the underlying connectors used in provisioning. 

This rule will be called for any application found in a plan that also has a configured 'beforeProvisioningRule' configured.  

The plan can be updated directly in the rule by reference and does not need to return the plan.</Description>
  <Signature>
    <Inputs>
      <Argument name="log">
        <Description>
          The log object associated with the SailPointContext.
        </Description>
      </Argument>
      <Argument name="context">
        <Description>
          A sailpoint.api.SailPointContext object that can be used to query the database if necessary.
        </Description>
      </Argument>
      <Argument name="plan">
        <Description>
          The ProvisioningPlan object on its way to the Connector.
        </Description>
      </Argument>
      <Argument name="application">
        <Description>
          The application object that references this before/after script.
        </Description>
      </Argument>
    </Inputs>
  </Signature>
  <Source>
import java.util.ArrayList;
import java.util.HashMap;
import java.util.List;
import sailpoint.api.PasswordGenerator;
import sailpoint.api.SailPointContext;
import sailpoint.api.Workflower;
import sailpoint.object.Application;
import sailpoint.object.Identity;
import sailpoint.object.PasswordPolicy;
import sailpoint.object.ProvisioningPlan;

import sailpoint.object.ProvisioningPlan.AccountRequest;
import sailpoint.object.ProvisioningPlan.AttributeRequest;
import sailpoint.object.ProvisioningPlan;
import sailpoint.object.Workflow;
import sailpoint.object.WorkflowLaunch;
import sailpoint.object.Link;
import sailpoint.object.ProvisioningPlan.GenericRequest;
import org.apache.log4j.Logger;

Logger log = Logger.getLogger("com.carefirst.CFASalesforce-BeforeProvisioning-Rule");
  
log.info(" Inside BeforeProvisioning Rule Salesforce CFA Application ");
 if(plan != null){ 
Identity userIdentity = plan.getIdentity();
  
  log.info(" get Arguments values "+plan.getArguments());
 // log.info(" identityRequestID "+plan.getArguments().get("identityRequestId"));
  
log.info("Entering CFA Before Provisioning plan before removing Account Request "+plan.toXml());
log.info("Before entring the block"); 
 

  if ((plan.getArguments()!= null @and !plan.getArguments().isEmpty()) @and plan.getArguments().get("identityRequestId") == null ) { 
    
   
      
      log.info("Inside block to check whether plan coming via refresh task");
  
 if (plan.getAccountRequests() != null ) { 
  
  for (AccountRequest accountRequest: plan.getAccountRequests()) {
  
    if ( accountRequest.getOperation().equals(ProvisioningPlan.AccountRequest.Operation.Modify)){
  log.info("Account Request before modfing "+accountRequest.toXml());
    
    accountRequest.remove(accountRequest.getAttributeRequest("Role"));
    accountRequest.remove(accountRequest.getAttributeRequest("ProfileId"));
  log.info("Account Request After modfing "+accountRequest.toXml());
    }
  log.info("Plan after removing accReq "+plan.toXml());
    
  } 
   
    }
}
  
 
 log.info("Exiting CFA Before Provisioning plan "+plan.toXml());
 }
</Source>
</Rule>