<?xml version='1.0' encoding='UTF-8'?>
<!DOCTYPE Rule PUBLIC "sailpoint.dtd" "sailpoint.dtd">
<Rule language="beanshell" name="CF-Customization-Rule" type="ResourceObjectCustomization">
  <Description>This rule is configured on the application and is called after the connector has build a ResourceObject from the native application data.

Initially designed for non-rule based connectors to add SPPrivileged flag to an object, but could be used to do any transformations.</Description>
  <ReferencedRules>
    <Reference class="sailpoint.object.Rule" name="CF-Constants-Rule"/>
    <Reference class="sailpoint.object.Rule" name="CF-CommonLibrary-Rule"/>
  </ReferencedRules>
  <Signature returnType="ResourceObject">
    <Inputs>
      <Argument name="log">
        <Description>
          The log object associated with the SailPointContext.
        </Description>
      </Argument>
      <Argument name="context">
        <Description>
          A sailpoint.api.SailPointContext object that can be used to query the database if necessary.
        </Description>
      </Argument>
      <Argument name="object">
        <Description>
          The ResourceObject built by the connector.
        </Description>
      </Argument>
      <Argument name="application">
        <Description>
          Application that references the connector.
        </Description>
      </Argument>
      <Argument name="connector">
        <Description>
          The connector object.
        </Description>
      </Argument>
      <Argument name="state">
        <Description>
          A Map containing state information.
        </Description>
      </Argument>
    </Inputs>
    <Returns>
      <Argument name="resourceObject">
        <Description>
          The updated resource object.
        </Description>
      </Argument>
    </Returns>
  </Signature>
  <Source>import sailpoint.tools.Util;
import org.apache.log4j.Logger;
    import sailpoint.object.EmailTemplate;
  import sailpoint.object.EmailOptions;
import java.text.*;
  import java.util.*;
  
Logger log = Logger.getLogger("com.carefirst.loggers");
  log.info("Inside Customization rule ");
  System.out.println("Inside Customization rule");

String companyName=object.getAttribute("COMPANY");
 String empID=object.getAttribute("EMPLID");
log.info("Inside Customization rule companyName "+companyName);
  log.info("Inside Customization rule empID "+empID);
if(Util.isNotNullOrEmpty(companyName)&amp;&amp; "SBP".equalsIgnoreCase(companyName))  { 
	  log.info("Inside Customization rule inside if FEPOC user  ");
  
     String status = getUseridFromFEPOC(empID);
  String upn = getMailFromFEPOC(empID);
    log.info("Inside Customization rule  status "+status);
   if(Util.isNotNullOrEmpty(status)&amp;&amp; status.startsWith("sAMAccountName")){
     System.out.println("Inside if ****");
     log.info("Inside Customization rule Status is Sucess before returning null ");
     userID=status.substring(status.indexOf(":")+2);
     object.setAttribute("USERID",userID);
     if(Util.isNotNullOrEmpty(upn)&amp;&amp; upn.startsWith("mail")){
     log.info("Inside if UPN  ****" + upn);
     log.info("Inside Customization rule Status is Sucess before returning null ");
     String upnValue =upn.substring(upn.indexOf(":")+2);
     object.setAttribute("EMAIL",upnValue);
      }
	 return object; 
   }else{
  
     /* System.out.println("Inside else ****");
    EmailTemplate template = context.getObjectByName(EmailTemplate.class, "CareFirst-FEPOC-AD-Error");
         String email = "Admin@carefirst.com";
      	EmailOptions options = new EmailOptions();
          options.setTo(email);                
          options.setVariable("identityName", empID);
      context.sendEmailNotification(template, options);*/
      
     System.out.println("end of else ****");
     return null;
   }
 }
 return object;</Source>
</Rule>