<?xml version='1.0' encoding='UTF-8'?>
<!DOCTYPE Rule PUBLIC "sailpoint.dtd" "sailpoint.dtd">
<Rule language="beanshell" name="CF-CIAM-ModifyProvision-Rule" type="JDBCOperationProvisioning">
  <Description>An example Provisioning rule for the JDBC Connector that modify the Account(s) in the database.</Description>
  <ReferencedRules>
    <Reference class="sailpoint.object.Rule" name="CF-Constants-Rule"/>
    <Reference class="sailpoint.object.Rule" name="CF-CIAM-CommonWebServiceRuleLibrary-Rule"/>
  </ReferencedRules>
  <Signature returnType="ProvisioningResult">
    <Inputs>
      <Argument name="log">
        <Description>
          The log object associated with the SailPointContext.
        </Description>
      </Argument>
      <Argument name="context">
        <Description>
          A sailpoint.api.SailPointContext object that can be used to query the database if necessary.
        </Description>
      </Argument>
      <Argument name="application">
        <Description>The application whose data file is being processed.</Description>
      </Argument>
      <Argument name="schema">
        <Description>The Schema currently in use.</Description>
      </Argument>
      <Argument name="connection">
        <Description>A connection object to connect to database.</Description>
      </Argument>
      <Argument name="plan">
        <Description>The ProvisioningPlan created against the JDBC application.</Description>
      </Argument>
      <Argument name="request">
        <Description>The ProvisioningRequest created against the JDBC application.</Description>
      </Argument>
    </Inputs>
    <Returns>
      <Argument name="result">
        <Description>A Provisioning Result object is desirable to return the status.IT can be a new object or part of  Provisioning Plan</Description>
      </Argument>
    </Returns>
  </Signature>
  <Source>import java.sql.*;
  import java.sql.Statement;
  import sailpoint.object.Filter;
  import sailpoint.object.Identity;
  import sailpoint.object.ProvisioningResult;
  import java.util.HashMap;
  import sailpoint.object.Attributes;

  import java.util.ArrayList;
  import java.util.Arrays; 
  import sailpoint.object.EmailTemplate;
  import sailpoint.object.EmailOptions;  
  ProvisioningResult result = new ProvisioningResult();
  result.setStatus(ProvisioningResult.STATUS_COMMITTED);
  Statement stmt=null;
  HashMap userDetailsMap = new HashMap();
  HashMap resultMap = new HashMap();

  Attributes auditAttributes = new Attributes();
  String source = "";

  String EmployeeID = request.getNativeIdentity();
  System.out.println(" In Modify provisioin rule ::EmployeeID : " +EmployeeID);

  Identity identity = context.getObjectByName(Identity.class , EmployeeID);
  System.out.println(" Native Identity : " +identity);
  String employeeType = "";
  if(identity.getAttribute(ATR_EMPLOYEETYPE) != null){
    employeeType = identity.getAttribute(ATR_EMPLOYEETYPE);
  }
  System.out.println(" employeeType:: : " +employeeType);
  String userName= ""; 
  if(identity.getAttribute("userid") != null){
    userName = identity.getAttribute("userid");
  }
  System.out.println(" userName:: : " +userName);
  String firstName = "";
  if(identity.getAttribute("firstname") != null){
    firstName =  identity.getAttribute("firstname");
  }
  System.out.println(" firstName:: : " +firstName);
  String lastName = "";
  if(identity.getAttribute("lastname") != null){
    lastName = identity.getAttribute("lastname");
  }
  System.out.println(" lastName:: : " +lastName);
  String email= ""; 
  if(identity.getAttribute("email") != null){
    email = identity.getAttribute("email");
  }  
  String middleName = "";
  if(identity.getAttribute("middlename") != null){
    middleName = identity.getAttribute("middlename");
  }  
  String businessUnitCode="";
  if(identity.getAttribute("businessunit") != null){
    businessUnitCode = identity.getAttribute("businessunit");
  }
  String departmentCode="";
  if(identity.getAttribute("deptid") != null){
    departmentCode = identity.getAttribute("deptid");
  }
  String jobTitle="";
  if(identity.getAttribute("jobtitle") != null){
    jobTitle = identity.getAttribute("jobtitle");
  }
  System.out.println(" jobTitlejobTitle:: : " +jobTitle);
  String locationCode="";
  if(identity.getAttribute("location") != null){
    locationCode = identity.getAttribute("location");
  }
  String companyCode="";
  if(identity.getAttribute("company") != null){
    companyCode = identity.getAttribute("company");
  }


  String eeojobgroup="";
  if(identity.getAttribute("eeojobgroup") != null){
    eeojobgroup = identity.getAttribute("eeojobgroup");
  }
  String costcenter="";
  if(identity.getAttribute("costcenter") != null){
    costcenter = identity.getAttribute("costcenter");
  }
  System.out.println(" costcenter:: : " +costcenter);
  String managerid = "";
  String managerFirstName = "";
  if(null != identity.getManager()){
    Identity  managerObje = identity.getManager();
    managerid = managerObje.getName();
    managerFirstName = managerObje.getFirstname();
  }
  String password = "";
  password = identity.getPassword();
  if(password != null){
    password  = context.decrypt(password);
  }
  String gender = "";
  if(identity.getAttribute("gender") != null){
    gender = identity.getAttribute("gender");
  }
  String employeestatus = "";
  if(identity.getAttribute(ATR_HRSTATUS) != null){
    employeestatus = identity.getAttribute(ATR_HRSTATUS);
  }
  String start_date = "";
  if(identity.getAttribute("startdate") != null){
    start_date = identity.getAttribute("startdate");
  }

  String supplierName  = "";
  if(identity.getAttribute("neeProviderId") != null){
    supplierName = identity.getAttribute("neeProviderId");
  }
  String description  = "";
  if(identity.getAttribute("descr") != null){
    description = identity.getAttribute("descr");
  }
  String alter_empid = "";
  if(identity.getAttribute("alterEmpId") != null){
    alter_empid = identity.getAttribute("alterEmpId");
  }

  String jobCode = "";
  if(identity.getAttribute("jobcode") != null){
    jobCode = identity.getAttribute("jobcode");
  }
  log.info("EmployeeID ---"+EmployeeID);

  String columnNames = "emp_id,user_id,display_name,firstname,lastname,email,password,employee_type,alter_empid,middle_name,business_title,department_id,description,job_code,manager,location,company,business_unit,cost_center,mgr_pos_num,phone,job_title,eeo_job_group,employee_status,start_date,end_date,action,operation,rolename,entitlement,type,supplier_name,contractor_id,isrevoked,extended1,extended2,extended3,extended4,extended5,extended6,extended7,extended8,extended9,extended10";
  ArrayList columnList= new ArrayList(Arrays.asList(columnNames.split(",")));


  userDetailsMap.put("emp_id",EmployeeID);
  userDetailsMap.put("user_id",userName);
  userDetailsMap.put("display_name","");
  userDetailsMap.put("firstName",firstName);
  userDetailsMap.put("lastName",lastName);
  userDetailsMap.put("email",email);
  userDetailsMap.put("password",password);
  userDetailsMap.put("employee_type",employeeType);
  userDetailsMap.put("alter_empid",alter_empid);
  userDetailsMap.put("middleName",middleName);
  userDetailsMap.put("business_title","");
  userDetailsMap.put("departmentCode",departmentCode);
  userDetailsMap.put("description",description);
  userDetailsMap.put("job_code",jobCode);
  userDetailsMap.put("managerid",managerid);
  userDetailsMap.put("locationCode",locationCode);
  userDetailsMap.put("companyCode",companyCode);
  userDetailsMap.put("businessUnitCode",businessUnitCode);
  userDetailsMap.put("costCenter",departmentCode);
  userDetailsMap.put("mgr_pos_num","");
  userDetailsMap.put("phone","");
  userDetailsMap.put("jobTitle",jobTitle);
  userDetailsMap.put("eeoCode",eeojobgroup);
  userDetailsMap.put("employee_status",employeestatus);
  userDetailsMap.put("start_date",start_date);
  userDetailsMap.put("end_date","");
  userDetailsMap.put("action","");
  userDetailsMap.put("operation","");
  userDetailsMap.put("rolename","");
  userDetailsMap.put("entitlement","");
  userDetailsMap.put("type","");
  userDetailsMap.put("supplier_name",supplierName);
  userDetailsMap.put("contractor_id","");
  userDetailsMap.put("isrevoked","");
  userDetailsMap.put("extended1",userName);
  userDetailsMap.put("extended2",managerFirstName);
  userDetailsMap.put("extended3",gender);
  userDetailsMap.put("extended4","");
  userDetailsMap.put("extended5","");
  userDetailsMap.put("extended6","");
  userDetailsMap.put("extended7","");
  userDetailsMap.put("extended8","");
  userDetailsMap.put("extended9","");
  userDetailsMap.put("extended10","");

  System.out.println("In Modify provisioinnrule userDetailsMap" +userDetailsMap);
  boolean isRehire = false;

  try{
    String query = "UPDATE CIAM_USERS SET firstname='"+firstName+"',lastname='"+lastName+"',email='"+email+"',user_id='"+userName+"',employee_type='"+employeeType+"',department_id='"+departmentCode+"',company='"+companyCode+"',cost_center='"+costcenter+"',business_unit='"+businessUnitCode+"' where emp_id='"+employeeID+"'";
    stmt = connection.createStatement();
    stmt.execute(query);
    if(employeeType.equalsIgnoreCase(STR_EMPLOYEE) @or employeeType.equalsIgnoreCase("Employee") @or employeeType.equalsIgnoreCase(STR_FEPOCASSOCIATE)){
      System.out.println("In Start provisioinnrule updateAssociate" +employeeType);        
      resultMap = updateAssociate(userDetailsMap, isRehire);
      int faultCode = resultMap.get("faultCode");
      String faultReason = resultMap.get("faultReason");
      System.out.println("faultCode:::"+faultCode);
      System.out.println("faultCode:::"+faultReason);
      if(faultCode == 9000){
        System.out.println("**Update Associate SuccessIn if");
      }else{
        resultMap.put("User ID",userName);
        resultMap.put("Employee ID",EmployeeID);
        resultMap.put("UAAS Web Service name","updateAssociate");
        //sendCiamFailureNotication(resultMap);
        source = "updateAssociate";
        auditAttributes.put("User ID",userName);
        auditAttributes.put("Employee ID",EmployeeID);
        auditAttributes.put("UAAS Web Service name","updateAssociate");
        createCiamAuditEvent(source,EmployeeID,null,STR_AUDIT_CF_SP_CIAMSYNCFAILURE,null,EmployeeID,null,null,auditAttributes,null,null,null,null);
      }
    }else{
      resultMap = updateContractor(userDetailsMap, isRehire);
      int faultCode = resultMap.get("faultCode");
      String faultReason = resultMap.get("faultReason");
      System.out.println("faultCode:::"+faultCode);
      System.out.println("faultCode:::"+faultReason);
      if(faultCode == 9000){
        System.out.println("**Update Contrator SuccessIn if");
      }else{
        System.out.println("***ELSE Update Contractor Failed:::");
        resultMap.put("User ID",userName);
        resultMap.put("Employee ID",EmployeeID);
        resultMap.put("UAAS Web Service name","updateContractor");
        //sendCiamFailureNotication(resultMap);
        source = "updateContractor";
        auditAttributes.put("User ID",userName);
        auditAttributes.put("Employee ID",EmployeeID);
        auditAttributes.put("UAAS Web Service name","updateContractor");
        createCiamAuditEvent(source,EmployeeID,null,STR_AUDIT_CF_SP_CIAMSYNCFAILURE,null,EmployeeID,null,null,auditAttributes,null,null,null,null);
      }
    }
    System.out.println("In End Modify  updateAssociate" +employeeType);     

  }catch(Exception e){
    result.addError(e.getMessage());
    result.setStatus(ProvisioningResult.STATUS_FAILED);
  }finally{
    stmt.close();
  }
  return result;</Source>
</Rule>