<?xml version='1.0' encoding='UTF-8'?>
<!DOCTYPE Rule PUBLIC "sailpoint.dtd" "sailpoint.dtd">
<Rule language="beanshell" name="CF-DeleteTrigger-Rule" type="IdentityTrigger">
  <Description>This rule can be used for Certification Events that use rule triggers. The previousIdentity and newIdentity hold snapshots of the identity before the update has occurred and the state of the identity after the update, respectively.</Description>
  <ReferencedRules>
    <Reference class="sailpoint.object.Rule" name="CF-Constants-Rule"/>
  </ReferencedRules>
  <Signature returnType="boolean">
    <Inputs>
      <Argument name="log">
        <Description>
          The log object associated with the SailPointContext.
        </Description>
      </Argument>
      <Argument name="context">
        <Description>
          A sailpoint.api.SailPointContext object that can be used to query the database if necessary.
        </Description>
      </Argument>
      <Argument name="previousIdentity">
        <Description>
          The identity before the refresh/aggregation (this will be null when an
          identity is created).
        </Description>
      </Argument>
      <Argument name="newIdentity">
        <Description>
          The identity after the refresh/aggregation (this will be null when an
          identity is deleted).
        </Description>
      </Argument>
    </Inputs>
    <Returns>
      <Argument name="result">
        <Description>
          A boolean describing the result of the rule.
        </Description>
      </Argument>
    </Returns>
  </Signature>
  <Source>import sailpoint.tools.Util;
import org.apache.log4j.Logger;
import java.text.*;
import java.util.Calendar;
  import java.util.Date;
  import java.time.LocalDateTime;
import java.time.format.DateTimeFormatter;
  import java.time.temporal.ChronoUnit;

Logger mylogger = Logger.getLogger("com.carefirst.loggers");
mylogger.info("Starting Carefirst Leaver Trigger Rule");
	try{
	 String strAction = newIdentity.getAttribute(ATR_ACTION) != null ? newIdentity.getAttribute(ATR_ACTION) : "";
   String actionDate = newIdentity.getAttribute("termdate") != null ? newIdentity.getAttribute("termdate") : "";
    
   mylogger.info("Starting Carefirst Delete Trigger Rule Action is "+strAction);
    mylogger.info("Starting Carefirst Delete Trigger Rule ActionDate is "+actionDate);
    
	 if(newIdentity != null &amp;&amp; previousIdentity != null &amp;&amp;  Util.isNotNullOrEmpty(strAction) &amp;&amp;  Util.isNotNullOrEmpty(actionDate)) {
             
		Date actDate = new SimpleDateFormat("dd-MMM-yy").parse(actionDate);
   	SimpleDateFormat sdf1 = new SimpleDateFormat("yyyy-dd-MM");
    
    DateTimeFormatter sdf = DateTimeFormatter.ofPattern("yyyy-dd-MM HH:mm");
		LocalDateTime ldt = LocalDateTime.parse(sdf1.format(actDate)+" 17:00",sdf);
     mylogger.info("Starting Carefirst Delete Trigger Rule Converted ActionDate is "+ldt);
     System.out.println("Starting Carefirst Delete Trigger Rule Converted ActionDate is "+ldt);
     if(newIdentity.isInactive() &amp;&amp; previousIdentity.isInactive() &amp;&amp;  strAction.equalsIgnoreCase(STR_ACTION_TER) || (strAction.equalsIgnoreCase(STR_ACTION_COM ))){
			mylogger.info("Starting Carefirst Delete Trigger Rule Inside return if ");
       long daysCount = ChronoUnit.DAYS.between(ldt, LocalDateTime.now());
	   mylogger.info("Starting Carefirst Delete Trigger Rule Days Count are: "+daysCount);
 System.out.println("Starting Carefirst Delete Trigger Rule Days Count are: "+daysCount);
	   if(daysCount&gt;60){
        mylogger.info("Starting Carefirst Delete Trigger Rule Trigger will start now after Date Comparison "); 
				return true;  
       }
	  }
	 }
	}
	catch(Exception e){
	}</Source>
</Rule>