<?xml version='1.0' encoding='UTF-8'?>
<!DOCTYPE Rule PUBLIC "sailpoint.dtd" "sailpoint.dtd">
<Rule language="beanshell" name="CF-DeleteCIAMUserRoleData-Rule">
  <Description>This rule is used to load user into CIAM table</Description>
  <Signature>
    <Inputs>
      <Argument name="log">
        <Description>
          The log object associated with the SailPointContext.
        </Description>
      </Argument>
      <Argument name="context">
        <Description>
          A sailpoint.api.SailPointContext object that can be used to query the database if necessary.
        </Description>
      </Argument>
    </Inputs>
    <Returns>
      <Argument name="count"/>
    </Returns>
  </Signature>
  <Source>
import java.io.File;
  import java.util.List;
  import java.util.HashMap;
  import sailpoint.tools.Util;
  import sailpoint.object.Application;
  import sailpoint.object.Bundle;
  import sailpoint.object.Custom;
  import sailpoint.object.Classification;
  import sailpoint.object.ObjectClassification;
  import sailpoint.object.Identity;
  import sailpoint.object.IdentitySelector;
  import sailpoint.object.IdentitySelector.MatchExpression;
  import sailpoint.object.IdentitySelector.MatchTerm;
  import sailpoint.object.IdentitySelector.MatchTerm.Type;
  import sailpoint.object.Link;
  import sailpoint.object.Profile;
  import sailpoint.object.Filter;
  import sailpoint.object.Filter.LeafFilter;
  import sailpoint.object.QueryOptions;
  import sailpoint.object.Schema;
  import sailpoint.object.ManagedAttribute;
  import sailpoint.tools.RFC4180LineIterator;
  import sailpoint.tools.RFC4180LineParser;
  import java.sql.Connection;
import java.sql.DriverManager;
import java.sql.*;
import sailpoint.object.TaskDefinition;
import sailpoint.object.TaskResult;
  public dbInsert(HashMap m){
/*String username = "identityiqdev";
    String password = "Identityiq123$";
    String url = "jdbc:sqlserver://sv-spidsql-d1.carefirst.com";*/
    
    String username = "identityiq";
    String password = "$ailPoin12020";
   	String url = "jdbc:sqlserver://sv-spidsql-p1.carefirst.com";
    
    Class.forName("com.mysql.cj.jdbc.Driver").newInstance();
    Connection connection = DriverManager.getConnection(url, username, password);
    String Employee_id = m.get("Employee ID");
    String Employee_num = ("000000" + Employee_id).substring(Employee_id.length());
  System.out.println("connection............................"+connection);
   
    String sqlQuery = "DELETE FROM [identityiq].[dbo].[CIAM_ROLESYNC_TABLE] WHERE Native_Identity='"+Employee_num+"' and Requestor_Networkid='"+m.get("USERID")+"' and Role_name='"+m.get("ROLE_NM")+"'";
        PreparedStatement stmt = connection.prepareStatement(sqlQuery);
	stmt.executeUpdate();
	connection.close();
   
  }
      

  String dlm = ",";

  String csvFileName = "//home//iqadmin//Data//BulkRoleImport//Role_Export//DB//Sample.csv";
  
  //String csvFileName ="/home/iqadmin/Data//CIAM-UserRoleRemoval_Delta_CSV.csv";
File testFile = new File(csvFileName);
  if ((!testFile.exists()) || (testFile.isDirectory())) {
    System.out.println("Unable to find file: " + csvFileName);
    return;
  }

  System.out.println("Importing Roles from: '" + csvFileName + "' ...");

  // Open the CSV file for reading.
  BufferedReader fileIn = new BufferedReader(new FileReader(csvFileName));

  RFC4180LineParser parser = new RFC4180LineParser(dlm);
  System.out.println(" After RFC418 ");
  int lineCounter = 0;
  int userCount = 0;
  ArrayList headerStrings = new ArrayList();
  String thisLine = null;
  System.out.println(" Before while ");
  while (null != (thisLine = fileIn.readLine())) {
    System.out.println("Inside while ");

    List tokens = parser.parseLine(thisLine);
    System.out.println(" tokens: " + tokens);

    if (lineCounter == 0) {
      System.out.println(" Inside IF condition: ");
      // Header Line.
      // Assign indexes to each position.
      for (int i=0; i &lt; tokens.size(); i++) {
        headerStrings.add(tokens.get(i).trim());
      }         
    } else {
      // Data Line.  Read the data elements out.
      HashMap lineHash = new HashMap();
      System.out.println(" Inside else condition: ");
      for (int i=0; i &lt; tokens.size(); i++) {
        String headerString = headerStrings.get(i);
        String valueString = tokens.get(i);
        if (null != valueString) { valueString = valueString.trim(); }
        System.out.println ("header " + headerString + " == " + valueString);
        lineHash.put(headerString, valueString);
                             
      }       
      //return lineHash;
      System.out.println(" Before calling buildRole: " );
       dbInsert(lineHash);
      userCount++;
      System.out.println(" Processing user number::: "+userCount);

    }

    lineCounter++;

    // Don't let objects accrue in memory, flush them out every so often.
    if ((lineCounter % 20) == 0) { context.decache(); }

  } 

  fileIn.close();

  System.out.println("taskResult:::."+taskResult);
  if(null != taskResult){
taskResult.setAttribute("count",userCount);
    context.saveObject(taskResult);
    context.commitTransaction();
  }
    System.out.println("User Count is:::"+userCount);


  //return "Success";
  //return "Success";


  </Source>
</Rule>