<?xml version='1.0' encoding='UTF-8'?>
<!DOCTYPE Rule PUBLIC "sailpoint.dtd" "sailpoint.dtd">
<Rule language="beanshell" name="CF-ExchangeSetRemoteAttrsWithoutDefaultPolicy-Rule" type="ConnectorAfterCreate">
  <Attributes>
    <Map>
      <entry key="ObjectOrientedScript" value="true"/>
      <entry key="disabled" value="false"/>
      <entry key="extension" value=".ps1"/>
      <entry key="program" value="powershell.exe"/>
      <entry key="timeout" value="150"/>
    </Map>
  </Attributes>
  <Description>
    An IdentityIQ Server-Side rule that is executed AFTER the connector's provisioning method is called. 
    This rule is called after accounts have been created on the underlying AD domain.
  </Description>
  <Signature>
    <Inputs>
      <Argument name="log">
        <Description>
          The log object associated with the SailPointContext.
        </Description>
      </Argument>
      <Argument name="context">
        <Description>
          A sailpoint.api.SailPointContext object that can be used to query the database if necessary.
        </Description>
      </Argument>
      <Argument name="plan">
        <Description>
          The ProvisioningPlan object on its way to the Connector.
        </Description>
      </Argument>
      <Argument name="application">
        <Description>
          The application object that references this before/after script.
        </Description>
      </Argument>
    </Inputs>
  </Signature>
  <Source>  
    
   Add-type -path E:\IQService\IQService\utils.dll


   try{
     $date = Get-Date
    ECHO "Creating Exchange Remote  Mailbox on Get-Date on****"$date |Add-Content -path E:\Test\ExchangeMailboxlogFile.txt -FORC
      $sReader = New-Object System.IO.StringReader([System.String]$env:Request); 
    $xmlReader = [System.xml.XmlTextReader]([sailpoint.Utils.xml.XmlUtil]::getReader($sReader)); 
    $requestObject = New-Object Sailpoint.Utils.objects.AccountRequest($xmlReader);
 ECHO "Creating Exchange Remote  Before Request Operation****"$date |Add-Content -path E:\Test\ExchangeMailboxlogFile.txt -FORC
    #if($requestObject.Operation -eq "Create"){
    ECHO "Creating Exchange Remote  Inside create Operation****"$date |Add-Content -path E:\Test\ExchangeMailboxlogFile.txt -FORC

      $s=New-PSSession -ConfigurationName microsoft.exchange -ConnectionUri "http://sv-exmail16-p1.carefirst.com/powershell"
       ECHO "Creating Exchange Remote  new session ****"$s |Add-Content -path E:\Test\ExchangeMailboxlogFile.txt -FORC
        Import-PSSession $s -WarningAction silentlycontinue -ErrorAction silentlycontinue -AllowClobber -DisableNameChecking -commandname enable-remotemailbox,set-remotemailbox
  ECHO "Creating Exchange Remote  After import session ****" |Add-Content -path E:\Test\ExchangeMailboxlogFile.txt -FORC
        foreach ($attribute in $requestObject.AttributeRequests){
       ECHO "Creating Exchange Remote  Inside For loop****"$date |Add-Content -path E:\Test\ExchangeMailboxlogFile.txt -FORC

        if($attribute.Name -eq "sAMAccountName"){
          [string]$samAccountName = $attribute.Value
            ECHO "Creating Exchange Remote SamAccountName = ****"$samAccountName |Add-Content -path E:\Test\ExchangeMailboxlogFile.txt -FORC
        }
       
if($attribute.Name -eq "mail"){
          [string]$emailValue = $attribute.Value
            ECHO "Creating Exchange Remote emailValue = ****"$emailValue |Add-Content -path E:\Test\ExchangeMailboxlogFile.txt -FORC
        }
  

      }
      ECHO  $samaccountName |Add-Content -path E:\Test\ExchangeMailboxlogFile.txt -FORCE 
        
          
          enable-RemoteMailbox -Identity $samAccountName -Alias $samAccountName -PrimarySmtpAddress $emailValue -RemoteRoutingAddress $samAccountName@carefirst.mail.onmicrosoft.com

          enable-remotemailbox -identity $samAccountName -Archive
        
          ECHO "Exchange mailBox Created for "+$samaccountName  + "on "  |Add-Content -path E:\Test\ExchangeMailboxlogFile.txt -FORCE            
            
            Set-RemoteMailbox -Identity $samaccountName -EmailAddressPolicyEnabled:$true
              
              ECHO "New mailbox attribute set for "+$samaccountName  + "on "  |Add-Content -path E:\Test\ExchangeMailboxlogFile.txt -FORCE
                
         Set-RemoteMailbox -Identity $samaccountName -PrimarySmtpAddress $emailValue -EmailAddressPolicyEnabled:$false
           
           ECHO "New mailbox attribute set to FALSE for "+$samaccountName  + "on "  |Add-Content -path E:\Test\ExchangeMailboxlogFile.txt -FORCE
            
    #}

  }
  catch{
    ECHO "error:" $_.exception.message|Add-Content -path E:\ExchangeMailboxError.txt -FORCE
      $errorMessage = $_.exception.message;

  }

 // return "Succes";
  </Source>
</Rule>