<?xml version='1.0' encoding='UTF-8'?>
<!DOCTYPE Rule PUBLIC "sailpoint.dtd" "sailpoint.dtd">
<Rule language="beanshell" name="CF-EBSBeforeProvsioning-Rule" type="BeforeProvisioning">
  <Description>An IdentityIQ server-side rule that is executed before the connector's provisioning method is called. This gives the customer the ability to customize or react to anything in the ProvisioningPlan BEFORE it is sent to the underlying connectors used in provisioning. 

This rule will be called for any application found in a plan that also has a configured 'beforeProvisioningRule' configured.  

The plan can be updated directly in the rule by reference and does not need to return the plan.</Description>
  <Signature>
    <Inputs>
      <Argument name="log">
        <Description>
          The log object associated with the SailPointContext.
        </Description>
      </Argument>
      <Argument name="context">
        <Description>
          A sailpoint.api.SailPointContext object that can be used to query the database if necessary.
        </Description>
      </Argument>
      <Argument name="plan">
        <Description>
          The ProvisioningPlan object on its way to the Connector.
        </Description>
      </Argument>
      <Argument name="application">
        <Description>
          The application object that references this before/after script.
        </Description>
      </Argument>
    </Inputs>
  </Signature>
  <Source>import sailpoint.object.*;
  import sailpoint.object.ProvisioningPlan.AccountRequest;
  import sailpoint.object.ProvisioningPlan.AccountRequest.Operation;
  import sailpoint.object.ProvisioningPlan.AttributeRequest;
  import sailpoint.object.ProvisioningResult;
  import org.apache.log4j.Logger;
  import java.util.List;
  import sailpoint.object.Application;
  import sailpoint.object.Link;
  import sailpoint.api.SailPointContext;




  System.out.println(" **** Starting CF-EBSEBSOracleDBBeforeProvisioning-Rule****");

  
  System.out.println("Plan XML Value "+plan.toXml());
   
 
 String appName = application.getName();
 AccountRequest accountRequest = plan.getAccountRequest(appName);
    
 Operation operation = accountRequest.getOperation();
 
  if(operation.equals(Operation.Disable)){
    
    System.out.println("Inside EBSBeforeProvisioningDisableOperation Plan Modification"+plan.toXml());

    plan.setTargetIntegration(appName);
   
  }
  
 System.out.println("Exiting EBS Plan XML Value "+plan.toXml()); 
    
    
    
   
    </Source>
</Rule>