<?xml version='1.0' encoding='UTF-8'?>
<!DOCTYPE Rule PUBLIC "sailpoint.dtd" "sailpoint.dtd">
<Rule language="beanshell" name="CF-ExchangePowerShell-Rule" type="ConnectorAfterCreate">
  <Attributes>
    <Map>
      <entry key="ObjectOrientedScript" value="true"/>
      <entry key="disabled" value="false"/>
      <entry key="extension" value=".ps1"/>
      <entry key="program" value="powershell.exe"/>
      <entry key="timeout" value="150"/>
    </Map>
  </Attributes>
  <Description>
    An IdentityIQ Server-Side rule that is executed AFTER the connector's provisioning method is called. 
    This rule is called after accounts have been created on the underlying AD domain.
  </Description>
  <Signature>
    <Inputs>
      <Argument name="log">
        <Description>
          The log object associated with the SailPointContext.
        </Description>
      </Argument>
      <Argument name="context">
        <Description>
          A sailpoint.api.SailPointContext object that can be used to query the database if necessary.
        </Description>
      </Argument>
      <Argument name="plan">
        <Description>
          The ProvisioningPlan object on its way to the Connector.
        </Description>
      </Argument>
      <Argument name="application">
        <Description>
          The application object that references this before/after script.
        </Description>
      </Argument>
    </Inputs>
  </Signature>
  <Source>
//return context.decrypt("1:ACP:Jij32w72mtAMXxRx5Bk5Ll+e/5rki+PMvVWfzPAl7zI=");
//Add-type -path  E:\IQService\utils.dll

  
   try{

      ECHO "Starting exchange script***" |Add-Content -path E:\Test\Exchange.txt -FORCE
    Set-ExecutionPolicy -ExecutionPolicy remotesigned -Force -Scope CurrentUser
ECHO "sysout 0***" |Add-Content -path E:\Test\Exchange.txt -FORCE
$s=New-PSSession -ConfigurationName microsoft.exchange -ConnectionUri "http://sv-exmail16-p1.carefirst.com/powershell"
Import-PSSession $s -WarningAction silentlycontinue -ErrorAction silentlycontinue -AllowClobber -DisableNameChecking -commandname enable-remotemailbox
        
ECHO "sysout 1***" |Add-Content -path E:\Test\Exchange.txt -FORCE
  
$secpasswd = ConvertTo-SecureString "Here2dayGone2morrow" -AsPlainText -Force
$mycreds = New-Object System.Management.Automation.PSCredential -ArgumentList "tim_o365@carefirsttest.com", $secpasswd
  
ECHO "sysout 2***" |Add-Content -path E:\Test\Exchange.txt -FORCE
  
$os=New-PSSession -ConfigurationName microsoft.exchange -ConnectionUri "https://outlook.office365.com/powershell-liveid/" -AllowRedirection -Credential $mycreds -Authentication Basic
Import-PSSession $os -WarningAction silentlycontinue -ErrorAction silentlycontinue -DisableNameChecking -AllowClobber -commandname get-mailbox,set-mailbox,set-casmailbox

  ECHO "sysout 3***" |Add-Content -path E:\Test\Exchange.txt -FORCE
    
function Pause ($Message)
{
Write-Host -NoNewLine $Message
$null = $Host.UI.RawUI.ReadKey("NoEcho,IncludeKeyDown")
Write-Host ""
}

#$ADID = 'ciamad2'



    $ADID = 'aaa5232'
  ECHO "User adid ***"+$ADID |Add-Content -path E:\Test\Exchange.txt -FORCE
    $DC = 'SV-ADCFTEST-t2.carefirsttest.com'
  ECHO "User DC ***"+$DC |Add-Content -path E:\Test\Exchange.txt -FORCE
    $UPN = $ADID +"@carefirsttest.com"
    ECHO "User UPN ***"+$UPN |Add-Content -path E:\Test\Exchange.txt -FORCE
    Write-Host $ADID
    $user = Get-mailbox -Identity $UPN -erroraction silentlycontinue
  	ECHO "User ***"+$user |Add-Content -path E:\Test\Exchange.txt -FORCE
    if ($user)
      {
       Write-Host $ADID
       Set-CASMailbox -Identity $UPN -ImapEnabled $false -PopEnabled $false -SmtpClientAuthenticationDisabled $true
       set-mailbox -identity $upn -litigationholdenabled $true -AuditEnabled $true -AuditLogAgeLimit 180 -AuditAdmin Update, MoveToDeletedItems, SoftDelete, HardDelete, SendAs, SendOnBehalf, Create, UpdateFolderPermission -AuditDelegate Update, SoftDelete, HardDelete, SendAs, Create, UpdateFolderPermissions, MoveToDeletedItems, SendOnBehalf -AuditOwner UpdateFolderPermission, MailboxLogin, Create, SoftDelete, HardDelete, Update, MoveToDeletedItems
       enable-remotemailbox -identity $ADID -Archive
          ECHO "enabled remote mailbox***" |Add-Content -path E:\Test\Exchange.txt -FORCE
      }
 }
   

  catch{
    ECHO "error:" $_.exception.message|Add-Content -path E:\Error.txt -FORCE
  }

  return "Succes";
  </Source>
</Rule>