<?xml version='1.0' encoding='UTF-8'?>
<!DOCTYPE Rule PUBLIC "sailpoint.dtd" "sailpoint.dtd">
<Rule language="beanshell" name="CF-ExclusionRule" type="CertificationExclusion">
  <Description>This rule is an example Certification Exclusion rule that removes all of the certifiable items from a certification if the identity being certified is marked as inactive.</Description>
  <Signature returnType="String">
    <Inputs>
      <Argument name="log">
        <Description>
          The log object associated with the SailPointContext.
        </Description>
      </Argument>
      <Argument name="context">
        <Description>
          A sailpoint.api.SailPointContext object that can be used to query the database if necessary.
        </Description>
      </Argument>
      <Argument name="entity" type="AbstractCertifiableEntity">
        <Description>
          The AbstractCertifiableEntity that is part of the certification.
          Currently, this is either an Identity, ManagedAttribute, or Bundle.
        </Description>
      </Argument>
      <Argument name="certification" type="Certification">
        <Description>
          The certification that this identity is part of.
        </Description>
      </Argument>
      <Argument name="certContext" type="CertificationContext">
        <Description>
          The CertificationContext that is being used to generate the
          certification.
        </Description>
      </Argument>
      <Argument name="items" type="List">
        <Description>
          List of Certifiable items that are currently part of the
          certification for this identity.  Any items that should be excluded
          from the certification should be deleted from this list and added
          to the itemsToExclude list.
        </Description>
      </Argument>
      <Argument name="itemsToExclude" type="List">
        <Description>
          A List of Certifiable items that should not be included in the
          certification.  This list will be empty when the rule is executed
          and any items that should not be part of the certification should
          be moved from the items list to the itemsToExclude list.
        </Description>
      </Argument>
      <Argument name="state">
        <Description>
          A Map containing state information.
        </Description>
      </Argument>
    </Inputs>
    <Returns>
      <Argument name="explanation" type="String">
        <Description>
          An optional explanation describing why the items were excluded.
        </Description>
      </Argument>
    </Returns>
  </Signature>
  <Source>import java.text.ParseException;
import java.text.SimpleDateFormat;
import java.util.Date;
import java.util.List;
import java.util.Locale;
import java.util.TimeZone;
import sailpoint.object.AbstractCertifiableEntity;
import sailpoint.object.Certifiable;
import sailpoint.object.Identity;
import sailpoint.object.Link;
  import sailpoint.object.Custom;

String explanation = "User is required to be certified and has no exclusion categories observed";
   Custom exclusionList=context.getObjectByName(Custom.class,"CF-Custom-ExclusionList-InactiveReview");
		Identity currentUser = (Identity) entity;
		
		Object userIdObj = currentUser.getAttribute("userid");
		String userid = null;
		if (userIdObj instanceof String) {
			userid = (String) currentUser.getAttribute("userid");
		}
		String empltype = null;
		Object empObject = currentUser.getAttribute("employeetype");
		if (empObject instanceof String) {
			empltype = (String)currentUser.getAttribute("employeetype");
		}
		
		List links = (List)currentUser.getLinks();
		Object company = currentUser.getAttribute("company");
		
		if (company instanceof String &amp;&amp; ((String)company).equalsIgnoreCase("SBP")) {
			itemsToExclude.addAll(items);
			items.clear();
			explanation = "User belongs to SBP";
			return explanation;
		}
		Object hrstatusObj = currentUser.getAttribute("hrStatus");
		Object affiliateAccountType= currentUser.getAttribute("affiliateAccountType");
		String hrstatus = null;
		if (hrstatusObj instanceof String) {
			hrstatus = (String) hrstatusObj;
		}
		if((hrstatus == null) &amp;&amp; (empltype != null &amp;&amp; !empltype.equalsIgnoreCase("AFFILIATE"))){
			itemsToExclude.addAll(items);
			items.clear();
			explanation = "Not certifying as user HR_STATUS is null";
			return explanation;
				}
				
		if((affiliateAccountType != null) &amp;&amp; (affiliateAccountType.equalsIgnoreCase("Non-Human"))){
			itemsToExclude.addAll(items);
			items.clear();
			explanation = "Not certifying as user account is non-human account";
			return explanation;
				}
				
 
  	if(exclusionList.get("userListToExclude").contains(currentUser.getName()))       
       {
			itemsToExclude.addAll(items);
			items.clear();
			explanation = "Not certifying as user is a affiliate system account";
			return explanation;
				}
		if ((hrstatus != null) &amp;&amp;((hrstatus).equals("I"))) {
			itemsToExclude.addAll(items);
			items.clear();
			explanation = "Not certifying as user HR_STATUS is Inactive";
			return explanation;
		}
		

		if (!links.isEmpty()) {
			for (Link link : links) {
				if (link == null) {
					continue;
				}
				if (link.getApplicationName().equalsIgnoreCase("PeopleSoft")) {
					if (link.getAttribute("ACTION") != null) {
						String action = (String)link.getAttribute("ACTION");
						if (action.equalsIgnoreCase("LOA")) {
							itemsToExclude.addAll(items);
							items.clear();
							explanation = "Not certifying as user is on LOA";
							break;
						} 
					}
					if (link.getAttribute("EMPL_STATUS") != null) {
						String emplstatus = (String)link.getAttribute("EMPL_STATUS");
						if ((emplstatus.equalsIgnoreCase("L")) ||(emplstatus.equalsIgnoreCase("P")))  {
							itemsToExclude.addAll(items);
							items.clear();
							explanation = "Not certifying as emplstatus is L or P";
							break;
						} 
					}
					
				}
				if (link.getApplicationName().equalsIgnoreCase("Active Directory")) {
					Object lastLogOn =  link.getAttribute("lastLogonTimestamp");
					Object whenCreated =  link.getAttribute("whenCreated");
					int maxDaysOld = 90;			
					float daysBetween ;
					float wcrdays ;
					String wcStr;
					String llStr;
					Date nowDate = new Date();
					SimpleDateFormat formatter = new SimpleDateFormat("yyyyMMdd"); 
					String currentdate = formatter.format(nowDate);  
					 
					Date cdate = formatter.parse(currentdate);


					// when created date is not null and if AD account is created with in last 90 days, We exclude from certification
					// or if it is null (Usually won't happen account will have creation date) it will be included in certification 
					if(whenCreated != null) {
						wcStr = whenCreated.toString();
						SimpleDateFormat sdf = new SimpleDateFormat("yyyyMMddHHmmss");
						Date datewcrOrg = sdf.parse(wcStr);
						String datewcrstr = formatter.format(datewcrOrg);
						
						Date datewcr = formatter.parse(datewcrstr);
						
						long diffwcr = cdate.getTime() - datewcr.getTime();
						
						wcrdays = diffwcr / (1000*60*60*24);
						
						if (wcrdays &lt; maxDaysOld ) {
							itemsToExclude.addAll(items);
							items.clear();
							explanation = "Not certifying as AD Account for user is active in last 90 days";
							break;
						}
					}

					// The below last log on check will only happen for accounts older than 90 days, As we handle creation date check above 
					// When last logon date is not null and if user logged into AD account with in last 90 days, We exclude from certification
					// else if it is null (Might happen if just account is created and user never logged in) it will be included in certification
					if(lastLogOn != null) {
						llStr = lastLogOn.toString();
							
						long adLongDate = (Long.parseLong(llStr));
						
						long DIFF_NET_JAVA_FOR_DATES = 11644473600000L;
						long epochTime = (adLongDate / 10000) - DIFF_NET_JAVA_FOR_DATES;
						
						Date lastlogon = new Date(epochTime);
						
						String lastldate = formatter.format(lastlogon);
						  
						Date llogindate = formatter.parse(lastldate);
						 
						long difference = cdate.getTime() - llogindate.getTime();						 
						daysBetween = difference / (1000*60*60*24);
						
						if (daysBetween &lt; maxDaysOld) {
							itemsToExclude.addAll(items);
							items.clear();
							explanation = "Not certifying as AD Account for user is active in last 90 days";
							break;
						}
					}

				}

			}
		}
		return explanation;</Source>
</Rule>