<?xml version='1.0' encoding='UTF-8'?>
<!DOCTYPE Rule PUBLIC "sailpoint.dtd" "sailpoint.dtd">
<Rule language="beanshell" name="CF-EBSOracleDBAfterProvisioning-Rule" type="AfterProvisioning">
  <Description>CF-EBSOracleDBAfterProvisioningRule</Description>
  <ReferencedRules>
    <Reference class="sailpoint.object.Rule" name="CF-Constants-Rule"/>
  </ReferencedRules>
  <Signature>
    <Inputs>
      <Argument name="log">
        <Description>
          The log object associated with the SailPointContext.
        </Description>
      </Argument>
      <Argument name="context">
        <Description>
          A sailpoint.api.SailPointContext object that can be used to query the database if necessary.
        </Description>
      </Argument>
      <Argument name="plan">
        <Description>
          The ProvisioningPlan object on its way to the Connector.
        </Description>
      </Argument>
      <Argument name="application">
        <Description>
          The application object that references this before/after script.
        </Description>
      </Argument>
      <Argument name="result">
        <Description>
          The ProvisioningResult object returned by the connectors provision method. This can be null and in many cases the connector will  not return a result and instead will annotate the plan's ProvisioningResult either at the plan or account level.        
        </Description>
      </Argument>
    </Inputs>
  </Signature>
  <Source>
  import sailpoint.object.*;
  import sailpoint.object.ProvisioningPlan.AccountRequest;
  import sailpoint.object.ProvisioningPlan.AccountRequest.Operation;
  import sailpoint.object.ProvisioningPlan.AttributeRequest;
  import java.text.SimpleDateFormat;
  import java.util.Date;
  import sailpoint.object.ProvisioningResult;
  import org.apache.log4j.Logger;
  import sailpoint.object.Attributes;
  import java.util.List;
  import sailpoint.object.Application;
  import sailpoint.object.Link;
  import sailpoint.api.TaskManager;
  import sailpoint.api.SailPointContext;
  import sailpoint.api.Provisioner;
  import sailpoint.api.Workflower;
  import sailpoint.object.Workflow;
  import sailpoint.object.WorkflowLaunch;
  import sailpoint.object.IdentityRequest;
  import sailpoint.object.IdentityRequestItem;
   import java.util.Date;
  import sailpoint.object.Identity;
  import sailpoint.object.Link;
  import sailpoint.object.ProvisioningPlan;
  import sailpoint.object.ProvisioningPlan.AccountRequest;
  import sailpoint.object.ProvisioningPlan.AttributeRequest;
  import sailpoint.object.Link;
  import javax.naming.directory.*;


  Logger loggerObj = Logger.getLogger("com.carefirst.OracleDBProvisioning");


  System.out.println(" **** Starting CF-EBSEBSOracleDBAfterProvisioning-Rule****");

  System.out.println("Inside Rule: CF-EBSOracleDBAfterProvisioning-Rule, result = "+result.getStatus());
  System.out.println("Inside Rule: CF-EBSOracleDBAfterProvisioning-Rule, result isFailed = "+result.isFailed());
  System.out.println("Inside Rule: CF-EBSOracleDBAfterProvisioning-Rule, result isFailure = "+result.isFailure());
  System.out.println("Inside Rule: CF-EBSOracleDBAfterProvisioning-Rule, result isCommitted = "+result.isCommitted());
  System.out.println("Inside Rule: CF-EBSOracleDBAfterProvisioning-Rule, result toXml = "+result.toXml());
  
  

  if (result.isCommitted() == true @and plan != null) {

    System.out.println("Inside Rule: CF-EBSOracleDBAfterProvisioning-Rule, inside condition to check if plan is not null. Plan is not null");

    String oracleDBName = application.getName();


    System.out.println("Inside Rule: CF-EBSOracleDBAfterProvisioning-Rule, oracleDBName = "+ oracleDBName);

    AccountRequest accountRequest = plan.getAccountRequest(oracleDBName);

    System.out.println("Inside Rule: CF-EBSOracleDBAfterProvisioning-Rule, accountRequest = "+ accountRequest.toXml());

    Operation operation = accountRequest.getOperation();
    Identity userIdentity = plan.getIdentity();

    if(operation.equals(Operation.Create)){

      System.out.println("Inside Rule: CF-EBSOracleDBAfterProvisioning-Rule, inside block to send mail notification.");

      

      if(userIdentity.getAttribute("email")!=null @and userIdentity.getAttribute("email")!=""){

        String emailAddress = userIdentity.getAttribute("email");

        System.out.println("Inside Rule: CF-EBSOracleDBAfterProvisioning-Rule, inside condition to check if user email is not null.");

        String userName = userIdentity.getDisplayName();
        
        String userID = accountRequest.getNativeIdentity().toUpperCase();
        String userPassword = "";
        String userPasswordSynchedFlag="";

        if(userIdentity.getAttribute("pwdSynched")!=null &amp;&amp; userIdentity.getPassword()!=null){
          System.out.println("Inside Rule: CF-EBSOracleDBAfterProvisioning-Rule, user password in SailPoint is not null.");
          
          userPasswordSynchedFlag = "true";
          
        }else{
          System.out.println("Inside Rule: CF-EBSOracleDBAfterProvisioning-Rule, user password in SailPoint is null.");
          userPassword = "Passw0rd1234";
        }



        System.out.println("Inside Rule: CF-EBSOracleDBAfterProvisioning-Rule, BEFORE composing email to user. Password = "+userPassword);


        EmailTemplate template = context.getObjectByName(EmailTemplate.class, STR_ORACLEDB_NEWACCOUNTNOTIFICATION_EMAILTEMPLATE);
        EmailOptions options = new EmailOptions();

        options.setTo(emailAddress);

        Map args = new HashMap();
        args.put("userDisplayName", userName);
        args.put("userID", userID);
        args.put("userPassword", userPassword);
        args.put("oracleDBName", oracleDBName);
        args.put("userPasswordSynchedFlag",userPasswordSynchedFlag);

        options.setVariables(args);
        context.sendEmailNotification(template, options);    

        System.out.println("Inside Rule: CF-EBSOracleDBAfterProvisioning-Rule, AFTER composing email to user. Mail notification sent.");

      }
    }

    //Disabling user account as part of mover CF EMP to CF CWR
	
    else if(operation.equals(Operation.Enable) @and userIdentity.getAttribute("isRehireProcessed").equalsIgnoreCase("moverprocessed")){
    System.out.println("Inside mover flow of EBS After provisioning rule"+plan.toXml());
     
       
 
   
  ProvisioningPlan plan1 = new ProvisioningPlan();
 
   Application appObj = context.getObjectByName(Application.class,"ORACLE EBS");
   Link linkObj = userIdentity.getLink(appObj);

  plan1.setNativeIdentity(userIdentity.getName());
  plan1.setIdentity(userIdentity);
  plan1.setTargetIntegration("ORACLE EBS");
  
  if((plan.getSource() == null) || !(plan.getSource().equalsIgnoreCase("custom"))){
 
  if(linkObj != null){
   AccountRequest accreq = new AccountRequest();
   
  
   
   List ebsResponsibilities = linkObj.getAttribute("RESPONSIBILITIES");
   System.out.println("EBS linkobj Responsibilities"+ebsResponsibilities);
   if(userIdentity.getAttribute("employeetype").equalsIgnoreCase("CONTRACTOR") @and (ebsResponsibilities == null @or ebsResponsibilities.isEmpty())){
	
   System.out.println("Responsibilities are null and employeetype is contractor");

   
   
   accreq.setOperation(ProvisioningPlan.AccountRequest.Operation.Disable);
   accreq.setApplication("ORACLE EBS");
   accreq.setNativeIdentity(linkObj.getNativeIdentity());
   plan1.add(accreq);
   System.out.println("After making the modify operation"+plan1.toXml());
   }
   else{  
   
   System.out.println("Responsibilities has some value");

   accreq.setOperation(ProvisioningPlan.AccountRequest.Operation.Modify);
   accreq.setApplication("ORACLE EBS");
   accreq.setNativeIdentity(linkObj.getNativeIdentity());
   
   
   SimpleDateFormat df = new SimpleDateFormat("yyyy/MM/dd");
   Date date = new Date();
   String strDate = df.format(date);
   System.out.println("Printing EndDate"+strDate);
   accreq.add(new AttributeRequest("START_DATE",ProvisioningPlan.Operation.Set,strDate));
   
   plan1.add(accreq);
   System.out.println("After making the modify operation"+plan1.toXml());
	 
   }
   Provisioner  prov = new Provisioner(context);
   prov.compile(plan1);
   prov.execute();
   System.out.println("Plan after executing provisioner");
   context.commitTransaction();
   context.saveObject(userIdentity);
   }
} else{
	System.out.println("Enabling when it is a access Request"+plan.toXml());
   
  ProvisioningPlan plan1 = new ProvisioningPlan();

   Application appObj = context.getObjectByName(Application.class,"ORACLE EBS");
   Link linkObj = userIdentity.getLink(appObj);

  plan1.setNativeIdentity(userIdentity.getName());
  plan1.setIdentity(userIdentity);
  plan1.setTargetIntegration("ORACLE EBS");

  if(linkObj != null){
   
   AccountRequest accreq = new AccountRequest();
   
   accreq.setOperation(ProvisioningPlan.AccountRequest.Operation.Modify);
   accreq.setApplication("ORACLE EBS");
   accreq.setNativeIdentity(linkObj.getNativeIdentity());
    
   SimpleDateFormat df = new SimpleDateFormat("yyyy/MM/dd");
   Date date = new Date();
   String strDate = df.format(date);
   System.out.println("Printing EndDate"+strDate);
   accreq.add(new AttributeRequest("START_DATE",ProvisioningPlan.Operation.Set,strDate));
   
   plan1.add(accreq);
      
   System.out.println("After making the modify operation"+plan1.toXml());
   Provisioner  prov = new Provisioner(context);
              prov.compile(plan1);
              prov.execute();
   System.out.println("Plan after executing provisioner");
              context.commitTransaction();
              context.saveObject(userIdentity);
   }
}
    
  }

    
  // Normal rehire
    
    
 else if(operation.equals(Operation.Enable)){
    System.out.println("Inside Rehire flow of EBS After provisioning rule"+plan.toXml());
      
   
  ProvisioningPlan plan1 = new ProvisioningPlan();

   Application appObj = context.getObjectByName(Application.class,"ORACLE EBS");
   Link linkObj = userIdentity.getLink(appObj);

  plan1.setNativeIdentity(userIdentity.getName());
  plan1.setIdentity(userIdentity);
  plan1.setTargetIntegration("ORACLE EBS");
 

  if(linkObj != null){
   
   AccountRequest accreq = new AccountRequest();
   
   accreq.setOperation(ProvisioningPlan.AccountRequest.Operation.Modify);
   accreq.setApplication("ORACLE EBS");
   accreq.setNativeIdentity(linkObj.getNativeIdentity());
    
   SimpleDateFormat df = new SimpleDateFormat("yyyy/MM/dd");
   Date date = new Date();
   String strDate = df.format(date);
   System.out.println("Printing EndDate"+strDate);
   accreq.add(new AttributeRequest("START_DATE",ProvisioningPlan.Operation.Set,strDate));
   
   plan1.add(accreq);
      
   System.out.println("After making the modify operation"+plan1.toXml());
   Provisioner  prov = new Provisioner(context);
              prov.compile(plan1);
              prov.execute();
   System.out.println("Plan after executing provisioner");
              context.commitTransaction();
              context.saveObject(userIdentity);
   }
    
  } 

  
// Enable Account while raising the access request

     else if(operation.equals(Operation.Modify) &amp;&amp; accountRequest.getAttributeRequest("RESPONSIBILITIES") != null){
    System.out.println("Inside Modify flow of EBS After provisioning rule"+plan.toXml());
     

       System.out.println("Before getting Attribute Request");
       AttributeRequest attrReq =  accountRequest.getAttributeRequest("RESPONSIBILITIES");
       System.out.println("Inside outer if loop"+attrReq.getOperation());
       if(attrReq.getOperation().equals(ProvisioningPlan.Operation.Add)){ 
                 
   
  
 
   Application appObj = context.getObjectByName(Application.class,"ORACLE EBS");
   Link linkObj = userIdentity.getLink(appObj);
   String hrStatus = userIdentity.getAttribute("hrStatus");
   if(linkObj != null @and hrStatus != null){
   System.out.println("Printing link Object"+linkObj.toXml());
     
   String endDate =  linkObj.getAttribute("END_DATE");
   System.out.println("ebs Account Status"+endDate);
   if(endDate != null @and hrStatus.equalsIgnoreCase("A")){
   System.out.println("Oracle pass end date");
   
              
              ProvisioningPlan plan1 = new ProvisioningPlan();
    plan1.setNativeIdentity(userIdentity.getName());
    plan1.setIdentity(userIdentity);
    plan1.setTargetIntegration("ORACLE EBS");
    plan1.setSource("custom");

    AccountRequest accreq = new AccountRequest();
   
    accreq.setOperation(ProvisioningPlan.AccountRequest.Operation.Enable);
    accreq.setApplication("ORACLE EBS");
    accreq.setNativeIdentity(linkObj.getNativeIdentity());
     
   plan1.add(accreq);
      
   System.out.println("After making the modify operation"+plan1.toXml());
   Provisioner  prov = new Provisioner(context);
   prov.compile(plan1);
   prov.execute();
   System.out.println("Plan after executing provisioner");
              context.commitTransaction();
              context.saveObject(userIdentity);
                 
               }
   }
   
  }
   
    
  }           
    
    
  }
  
  System.out.println(" #### Exiting CF-EBSOracleDBAfterProvisioning-Rule #### ");
  </Source>
</Rule>