<?xml version='1.0' encoding='UTF-8'?>
<!DOCTYPE Rule PUBLIC "sailpoint.dtd" "sailpoint.dtd">
<Rule language="beanshell" name="CF-GlobalWorkItemForwarding-Rule" type="WorkItemForward">
  <Description>A rule used to examine a WorkItem and determine whether or not it needs to be forwarded to a new owner for further analysis or action. The default forwarding rule in the system configuratin will be called every time a WorkItem is opened, and whenever it is forwarded in the user interface.</Description>
  <Signature returnType="Object">
    <Inputs>
      <Argument name="log">
        <Description>
The log object associated with the SailPointContext.
</Description>
      </Argument>
      <Argument name="context">
        <Description>
A sailpoint.api.SailPointContext object that can be used to query the database if necessary.
</Description>
      </Argument>
      <Argument name="item">
        <Description>
The WorkItem being opened or forwarded.
</Description>
      </Argument>
      <Argument name="owner">
        <Description>
The Identity that currently owns the work item.
</Description>
      </Argument>
    </Inputs>
    <Returns>
      <Argument name="newOwner">
        <Description>
An Identity that should own the work item. Alternatively, this can
be a String that is the name or id of the Identity.
</Description>
      </Argument>
    </Returns>
  </Signature>
  <Source>
import sailpoint.object.Identity;
import sailpoint.object.IdentityRequest;
import sailpoint.object.ProvisioningPlan.AccountRequest;
import sailpoint.object.WorkItem;
import sailpoint.tools.GeneralException;

IdentityRequest identityRequestObj = null;
String targetId = "";
WorkItem workitem = context.getObjectByName(WorkItem.class, item.name);
if (null != workitem) {
String identityRequestId = workitem.getIdentityRequestId();
if(identityRequestId != null) {
identityRequestObj = context.getObjectByName(IdentityRequest.class, identityRequestId);
}
if(null != identityRequestObj) {
targetId = identityRequestObj.getTargetId();
}
Identity targetUser = context.getObjectById(Identity.class, targetId);
if(null != targetUser &amp;&amp; targetUser.getName().equalsIgnoreCase(owner.getName())){
newOwner = context.getObjectByName(Identity.class, "FallbackApprovers");
return newOwner;
}
}

</Source>
</Rule>