<?xml version='1.0' encoding='UTF-8'?>
<!DOCTYPE Rule PUBLIC "sailpoint.dtd" "sailpoint.dtd">
<Rule language="beanshell" name="CF-GenericCorrelation-Rule" type="Correlation">
  <Description>Identity Correlation Rules are used to find identities to which new accounts can be attached.A correlation rule must return a Map with one of the specified Return arguments.</Description>
  <ReferencedRules>
    <Reference class="sailpoint.object.Rule" name="CF-Constants-Rule"/>
  </ReferencedRules>
  <Signature returnType="Map">
    <Inputs>
      <Argument name="log">
        <Description>
          The log object associated with the SailPointContext.
        </Description>
      </Argument>
      <Argument name="context">
        <Description>
          A sailpoint.api.SailPointContext object that can be used to query the database if necessary.
        </Description>
      </Argument>
      <Argument name="environment" type="Map">
        <Description>
          Arguments passed to the aggregation task.
        </Description>
      </Argument>
      <Argument name="application">
        <Description>
          Application being aggregated.
        </Description>
      </Argument>
      <Argument name="account">
        <Description>
          A sailpoint.object.ResourceObject returned from the
          collector.
        </Description>
      </Argument>
      <Argument name="link">
        <Description>
          Existing link to this account.
        </Description>
      </Argument>
    </Inputs>
    <Returns>
      <Argument name="identityName">
        <Description>
          The name of an Identity object.
        </Description>
      </Argument>
      <Argument name="identity">
        <Description>
          A fully resolved Identity object if the rule wants
          to do its own queries to locate the identity.
        </Description>
      </Argument>
      <Argument name="identityAttributeName">
        <Description>
          The name of the extended attribute that can be used
          to locate an existing identity.
        </Description>
      </Argument>
      <Argument name="identityAttributeValue">
        <Description>
          The value of the named extended attribute that can be used
          to locate an existing identity. This attribute is used
          together with the identityAttributeName argument.
        </Description>
      </Argument>
    </Returns>
  </Signature>
  <Source>import sailpoint.object.QueryOptions;
  import sailpoint.object.Filter;
  import java.util.List;
  import java.util.ArrayList;
  import java.util.HashMap;
  import sailpoint.object.Identity;
  import sailpoint.object.Identity;
  import java.text.DateFormat; 
  import java.text.SimpleDateFormat;
  import java.util.Date; 
  import org.apache.log4j.Logger;
  import java.util.List;
  import java.util.HashMap;
  import sailpoint.tools.Util;
  import sailpoint.object.Application;
  import sailpoint.object.Bundle;
  import sailpoint.object.Custom;
  import sailpoint.object.Classification;
  import sailpoint.object.ObjectClassification;
  import sailpoint.object.Identity;
  import sailpoint.object.IdentitySelector;
  import sailpoint.object.IdentitySelector.MatchExpression;
  import sailpoint.object.IdentitySelector.MatchTerm;
  import sailpoint.object.IdentitySelector.MatchTerm.Type;
  import sailpoint.object.Link;
  import sailpoint.object.Profile;
  import sailpoint.object.Filter;
  import sailpoint.object.Filter.LeafFilter;
  import sailpoint.object.QueryOptions;
  import sailpoint.object.Schema;
  import sailpoint.object.ManagedAttribute;
  import sailpoint.tools.RFC4180LineIterator;
  import sailpoint.tools.RFC4180LineParser;
  import java.sql.Connection;
  import java.sql.DriverManager;
  import java.sql.*;


  //Variables from application account
  String username = account.getAttribute("NetworkId");
  String nativeIdentity=account.getAttribute("NativeId");
  String applicationName =account.getAttribute("AppName");
  
  if((applicationName.equals("NASCO-TPOL-House Account")) @or (applicationName.equals("NASCO-TPOL")) @or(applicationName.equals("NASCO-BeneFact")) @or (applicationName.equals("NASCO-High Dollar")) @or (applicationName.equals("NASCO-House Account")) @or (applicationName.equals("NASCO")))
  {
    applicationName="NASCO System";
  }

  if(username!=null)
  {
    //if the userid exists in the application sheet, mapping the identitycube
    QueryOptions ops = new QueryOptions();
    Filter f = Filter.eq( "userid", username);
    ops.addFilter(f);

    List identities = context.getObjects( Identity.class, ops );

    HashMap map = new HashMap();
    if(!(identities.isEmpty()))
    {
      Identity i=identities.get(0);
      map.put("identity",i);
      return map;
    }
     }
  else if(nativeIdentity!=null)
  {
    //if the userid exists in the application sheet, mapping the identitycube
    QueryOptions opsnw = new QueryOptions();
    Filter f = Filter.eq( "userid", nativeIdentity);
    opsnw.addFilter(f);

    List newList = context.getObjects( Identity.class, opsnw );

    HashMap Nmap = new HashMap();
    if(!(newList.isEmpty()))
    {
      Identity i=newList.get(0);
      Nmap.put("identity",i);
      return Nmap;
    }
     }
	 
  else
  {
    //if the userid doesnt exists in the application sheet, fetching data from custom table(database)
    String user = STR_DBUNAME;
    String password = STR_DBPASS;
    String url = STR_URL;
    Class.forName("com.mysql.cj.jdbc.Driver").newInstance();
    Connection connection = DriverManager.getConnection(url, user, password);
    //log.info("connection............................"+connection);


    Statement stmt = connection.createStatement();
    String sqlQuery = "select userid from [identityiq].[dbo].[discApp_details] where nativeIdentity='"+nativeIdentity+"' and applicationName='"+applicationName+"'";
    ResultSet rs = stmt.executeQuery(sqlQuery);
    String userid = "";

    while ( rs.next() ) {
      userid = rs.getString("userid");
      //log.info("userid"+userid);
    }
    connection.close();
if(userid!=null)
{
  
    QueryOptions qoption = new QueryOptions();
    Filter f1 = Filter.eq( "userid", userid);
    qoption.addFilter(f1);

    List identityList = context.getObjects( Identity.class, qoption);  

    HashMap hmap = new HashMap();
    if(!(identityList.isEmpty()))
    {
      Identity i=identityList.get(0);
      hmap.put("identity",i);
      return hmap;
    }  
 }

  }</Source>
</Rule>