<?xml version='1.0' encoding='UTF-8'?>
<!DOCTYPE Rule PUBLIC "sailpoint.dtd" "sailpoint.dtd">
<Rule language="beanshell" name="CF-GlobalEmail-Rule" type="IdentityAttribute">
  <Description>Identity attribute rules are used when the value is not simply a copy of an application account attribute value.  A transformation may be necessary on the account attribute, or several account attributes may need to be combined to produce the identity attribute.

This rule can be called in two ways: as a global mapping rule and an application mapping rule.  A global mapping rule is called whenever the identity is refreshed.  The rule can look at any account attributes.  An application mapping rule is called only when the identity contains an account link for that application, this link is passed in the "link" argument which is not passed in global mapping rules.</Description>
  <ReferencedRules>
    <Reference class="sailpoint.object.Rule" name="CF-Constants-Rule"/>
  </ReferencedRules>
  <Signature returnType="String">
    <Inputs>
      <Argument name="log">
        <Description>
          The log object associated with the SailPointContext.
        </Description>
      </Argument>
      <Argument name="context">
        <Description>
          A sailpoint.api.SailPointContext object that can be used to query the database if necessary.
        </Description>
      </Argument>
      <Argument name="environment" type="Map">
        <Description>
           Arguments passed to the aggregation or refresh task.
        </Description>
      </Argument>
      <Argument name="identity">
        <Description>
           The Identity object that represents the user
           that is being aggregated.
        </Description>
      </Argument>
      <Argument name="attributeDefinition">
        <Description>
           The AttributeDefinition object for this attribute.
        </Description>
      </Argument>
      <Argument name="link">
        <Description>
           The Link object from the Identity, if this is an application
           mapping rule.  For global mapping rules this will be void.
        </Description>
      </Argument>
      <Argument name="attributeSource">
        <Description>
          The AttributeSource object.
        </Description>
      </Argument>
      <Argument name="oldValue">
        <Description>
          The original value of the application account attribute.
        </Description>
      </Argument>
    </Inputs>
    <Returns>
      <Argument name="attributeValue">
        <Description>
          The value of the attribute that should be populated.
          The rule should return this value.
        </Description>
      </Argument>
    </Returns>
  </Signature>
  <Source>import sailpoint.object.*;

//String employeetype = identity.getAttribute("employeetype");
  //System.out.println("CF-Global-EmailRule"+attributeValue+oldValue+environment);
  
  /* System.out.println("..refreshhhhhhhhhhhhhh111111111122222222222222...");
  if(environment.equals("void")){
  
  
  
  System.out.println("..refreshhhhhhhhhhhhhh111111111122222222222222...");
  
  
  }
  
  if(environment.isEmpty()){
  
  
  System.out.println("..refreshhhhhhhhhhhhhh1111111111...");
  
  
  }*/
  
  if(environment !=null){
  System.out.println("..aggregationnnnnnnnnnnnnnnnnnnnn...");
  
//  if(oldValue ==null @or !(oldValue.toString().equals(attributeValue.toString()))){
  String employeetype = STR_EMPLOYEE;
   System.out.println("..refreshhhhhhhhhhhhhh111111111122222222222222...");
  System.out.println("................CF-Global-EmailRule..................."+employeetype+identity+environment);
   System.out.println("................oldvalueeeeeeeee..................."+oldValue);
   System.out.println("................attributeValue..................."+attributeValue);
 // Identity exists = (Identity)context.getObjectByName(Identity.class,identity.getAttribute("employeeid"));
  // Identity identity1= context.getObjectByName(identity.getAttribute("employeeid"));
 //System.out.println("exists....."+exists.getAttributes()+exists.toXml()+identity.toXml());
 // List  hrApplicationlist=identity.getLinks();
 // System.out.println("hrApplicationlist"+hrApplicationlist);
 //  Link hrApplication=null;
/*  for(Link l: hrApplicationlist){
    System.out.println("hrApplicationlist"+l.getApplicationName()+l);
    if(l.getApplicationName().equals("HR Application")){
      Link hrApplication=l;
      System.out.println("hrApplication"+hrApplication.getAttributes());
    }
  }*/
        if(identity != null){
      String  userid=  identity.getAttribute("userid") != null ? identity.getAttribute("userid") : "";
String firstname = "";
 // String firstname =  identity.getFirstname();
 // if(oldValue == null){
//if(employeetype.equalsIgnoreCase(STR_EMPLOYEE)){
      System.out.println("CF-Global-EmailRule........12");
if(identity.getAttribute("prefFirstName")!=null){
firstname =  identity.getAttribute("prefFirstName");
  System.out.println("CF-Global-EmailRule........11");
}
else{
firstname =  identity.getAttribute("firstname");
 // firstname=hrApplication.getAttribute("FIRST_NAME");
  System.out.println("CF-Global-EmailRule.......1."+identity.getAttributes());
}
//}
/* else{
firstname =  identity.getAttribute("firstname");
  // firstname=hrApplication.getAttribute("FIRST_NAME");
    System.out.println("CF-Global-EmailRule.......2.");
}*/
  System.out.println("CF-Global-EmailRule"+firstname);
String lastname =  identity.getLastname();
//    String lastname = hrApplication.getAttribute("LAST_NAME");
  System.out.println("CF-Global-EmailRule"+lastname);
String company = identity.getAttribute(ATR_COMPANY);
//  String company = "WIL";
  System.out.println("CF-Global-EmailRule: "+company);
String domain = "";
    if(company !=null){
if(company.equalsIgnoreCase("CCO")){
domain=STR_CCO_MAIL;
}
else if(company.equalsIgnoreCase("TRU")){
domain=STR_TRU_MAIL;
}
else if(company.equalsIgnoreCase("WIL")||company.equalsIgnoreCase("NCS")){
domain=STR_WIL_MAIL;
}
else if(company.equalsIgnoreCase("SBP")){
domain=STR_SBP_MAIL;
}
else {
domain=STR_CAREFIRST_MAIL;
}
    }else {
domain=STR_CAREFIRST_MAIL;
}
System.out.println("CF-Global-EmailRule"+domain);
String email = firstname+"."+lastname+domain;
  System.out.println("email::"+email);
 boolean flag = true;

  Identity identity = null; 
  Filter emailFilter= null;
    emailFilter = Filter.eq("email",email);
   identity = context.getUniqueObject(Identity.class,emailFilter);
   
   if(identity != null){
     System.out.println("identity......."+email);
		String middleInit = identity.getAttribute("middlename");
		List middleList = new ArrayList();
		if(middleInit != null @and middleInit.length() != 0){
		email = firstname+"."+middleInit.charAt(0)+"."+lastname+domain;
		//middleList.add(Character.toString(middleInit.charAt(0)));
		emailFilter = Filter.eq("email",email);
		identity = context.getUniqueObject(Identity.class,emailFilter);
		if(identity == null){
        
          flag=false;
      }
	  while(flag){
	  
	  if(middleList == null || middleList.size() == 0){
		email =   firstname+".X."+lastname+domain;
		middleList.add("X");
        emailFilter= Filter.eq("email",email);
		identity = context.getUniqueObject(Identity.class,emailFilter);
		if(identity == null){
        
          flag=false;
      }
        //count ++;
		}
		else{
	  for (char ch = 'A'; ch @lteq 'Z'; ch++) {
			String st = Character.toString(ch);
			email = firstname+"."+st+"."+lastname+domain;
			middleList.add(st);
			emailFilter= Filter.eq("email",email);
			identity = context.getUniqueObject(Identity.class,emailFilter);
			if(identity == null){
        
          flag=false;
		  break;
      }
		}
		}
	  }
	  }
	  else{
	  while(flag){
	  
	  if(middleList == null || middleList.size() == 0){
		email =   firstname+".X."+lastname+domain;
		middleList.add("X");
        emailFilter= Filter.eq("email",email);
		identity = context.getUniqueObject(Identity.class,emailFilter);
		if(identity == null){
        
          flag=false;
      }
        //count ++;
		}
		else{
	  for (char ch = 'A'; ch @lteq 'Z'; ch++) {
			String st = Character.toString(ch);
			email = firstname+"."+st+"."+lastname+domain;
			middleList.add(st);
			emailFilter= Filter.eq("email",email);
			identity = context.getUniqueObject(Identity.class,emailFilter);
			if(identity == null){
        
          flag=false;
		  break;
      }
		}
		}
	  }
	  }
  }
   System.out.println("Before Return::"+email);
return email;
 // }
 /* else{
    return oldValue;
  }*/
        } 
/*import sailpoint.object.*;

String firstname =  identity.getFirstname();
String lastname =  identity.getLastname();

String email = firstname+"."+lastname+STR_CAREFIRST_MAIL;
 boolean flag = true;

  Identity identity = null; 
  Filter emailFilter= null;
    emailFilter = Filter.eq("email",email);
   identity = context.getUniqueObject(Identity.class,emailFilter);
   
   if(identity != null){
   
		String middleInit = identity.getAttribute("middlename");
		List middleList = new ArrayList();
		if(middleInit != null &amp;amp;&amp;amp; middleInit.length() != 0){
		email = firstname+"."+middleInit.charAt(0)+"."+lastname+STR_CAREFIRST_MAIL;
		//middleList.add(Character.toString(middleInit.charAt(0)));
		emailFilter = Filter.eq("email",email);
		identity = context.getUniqueObject(Identity.class,emailFilter);
		if(identity == null){
        
          flag=false;
      }
	  while(flag){
	  
	  if(middleList == null || middleList.size() == 0){
		email =   firstname+".X."+lastname+STR_CAREFIRST_MAIL;
		middleList.add("X");
        emailFilter= Filter.eq("email",email);
		identity = context.getUniqueObject(Identity.class,emailFilter);
		if(identity == null){
        
          flag=false;
      }
        //count ++;
		}
		else{
	  for (char ch = 'A'; ch &amp;lt;= 'Z'; ch++) {
			String st = Character.toString(ch);
			email = firstname+"."+st+"."+lastname+STR_CAREFIRST_MAIL;
			middleList.add(st);
			emailFilter= Filter.eq("email",email);
			identity = context.getUniqueObject(Identity.class,emailFilter);
			if(identity == null){
        
          flag=false;
		  break;
      }
		}
		}
	  }
	  }
	  else{
	  while(flag){
	  
	  if(middleList == null || middleList.size() == 0){
		email =   firstname+".X."+lastname+STR_CAREFIRST_MAIL;
		middleList.add("X");
        emailFilter= Filter.eq("email",email);
		identity = context.getUniqueObject(Identity.class,emailFilter);
		if(identity == null){
        
          flag=false;
      }
        //count ++;
		}
		else{
	  for (char ch = 'A'; ch &amp;lt;= 'Z'; ch++) {
			String st = Character.toString(ch);
			email = firstname+"."+st+"."+lastname+STR_CAREFIRST_MAIL;
			middleList.add(st);
			emailFilter= Filter.eq("email",email);
			identity = context.getUniqueObject(Identity.class,emailFilter);
			if(identity == null){
        
          flag=false;
		  break;
      }
		}
		}
	  }
	  }
  }
  
return email;*/
 /* import sailpoint.object.*;

String firstname =  identity.getFirstname();
 
String lastname =  identity.getLastname();
String email = firstname+"."+lastname+STR_CAREFIRST_MAIL;

return email;*/
 // }
  }
   System.out.println("................attributeValue..................."+attributeValue);</Source>
</Rule>