<?xml version='1.0' encoding='UTF-8'?>
<!DOCTYPE Rule PUBLIC "sailpoint.dtd" "sailpoint.dtd">
<Rule language="beanshell" name="CF-HomedriveAndHomedirectoryProvision-Rule" type="ConnectorAfterCreate">
  <Attributes>
    <Map>
      <entry key="ObjectOrientedScript" value="true"/>
      <entry key="disabled" value="false"/>
      <entry key="extension" value=".ps1"/>
      <entry key="program" value="powershell.exe"/>
      <entry key="timeout" value="150"/>
    </Map>
  </Attributes>
  <Description>
    An IdentityIQ Server-Side rule that is executed AFTER the connector's provisioning method is called. 
    This rule is called after accounts have been created on the underlying AD domain.
  </Description>
  <Signature>
    <Inputs>
      <Argument name="log">
        <Description>
          The log object associated with the SailPointContext.
        </Description>
      </Argument>
      <Argument name="context">
        <Description>
          A sailpoint.api.SailPointContext object that can be used to query the database if necessary.
        </Description>
      </Argument>
      <Argument name="plan">
        <Description>
          The ProvisioningPlan object on its way to the Connector.
        </Description>
      </Argument>
      <Argument name="application">
        <Description>
          The application object that references this before/after script.
        </Description>
      </Argument>
    </Inputs>
  </Signature>
  <Source>
  #Add-type -path E:\sailpoint\IQService\utils.dll
    Add-type -path E:\IQService\utils.dll
      
        try{
    
    ECHO "**** Testing Homedrive and Homedirectory creation****" |Add-Content -path E:\Test\TestNewFile.txt -FORCE
      
#Import-Module ActiveDirectory
$path = "E:\Test\"

     # $path = "\\carefirst.com\corp\cdchome\"

     foreach ($attribute in $requestObject.AttributeRequests){
     if($attribute.Name -eq "sAMAccountName"){
        [string]$newFolderName = $attribute.Value
      }
   }

    $newFolderFull = $path + 'SPF9469'
      
      ECHO "@@@@@@@@@@ Homedir path: ****" +$newFolderFull |Add-Content -path E:\Test\TestNewFile.txt -FORCE
  
Write-Output "Add Folder.."
New-Item $newFolderFull -ItemType Directory
#Write-Output "Remove Inheritance.."
#icacls $newFolderFull /inheritance:d

    
  
  $acl = Get-Acl E:\Test\SPF9469
          $AccessRuleSetPerm = New-Object System.Security.AccessControl.FileSystemAccessRule('BCBSMD\AD - Security Admins','FullControl','Allow')
         $acl.SetAccessRule($AccessRuleSetPerm)
              $acl | Set-Acl
    
    
    $acl2 = Get-Acl E:\Test\SPF9469
    $AccessRuleRemPerm = New-Object System.Security.AccessControl.FileSystemAccessRule('$tim_user@carefirsttest.com','FullControl','Allow')
         $acl2.RemoveAccessRule($AccessRuleRemPerm)  
           $acl2 | Set-Acl
      
      
      $acl3 = Get-Acl E:\Test\SPF9469
   				 $acl3.SetOwner('AAC6374');
    $acl3 | Set-Acl
    
	   
 }
   

  catch{
    ECHO "error:" $_.exception.message|Add-Content -path E:\Error.txt -FORCE
  }

  return "Success";
	   
  </Source>
</Rule>