<?xml version='1.0' encoding='UTF-8'?>
<!DOCTYPE Rule PUBLIC "sailpoint.dtd" "sailpoint.dtd">
<Rule language="beanshell" name="CF-HomeDirectoryReassign-Rule" type="ConnectorAfterCreate">
  <Attributes>
    <Map>
      <entry key="ObjectOrientedScript" value="true"/>
      <entry key="disabled" value="false"/>
      <entry key="extension" value=".ps1"/>
      <entry key="program" value="powershell.exe"/>
      <entry key="timeout" value="150"/>
    </Map>
  </Attributes>
  <Description>
    An IdentityIQ Server-Side rule that is executed AFTER the connector's provisioning method is called. 
    This rule is called after accounts have been created on the underlying AD domain.
  </Description>
  <Signature>
    <Inputs>
      <Argument name="log">
        <Description>
          The log object associated with the SailPointContext.
        </Description>
      </Argument>
      <Argument name="context">
        <Description>
          A sailpoint.api.SailPointContext object that can be used to query the database if necessary.
        </Description>
      </Argument>
      <Argument name="plan">
        <Description>
          The ProvisioningPlan object on its way to the Connector.
        </Description>
      </Argument>
      <Argument name="application">
        <Description>
          The application object that references this before/after script.
        </Description>
      </Argument>
    </Inputs>
  </Signature>
  <Source>
 Add-type -path  E:\IQService\IQService\utils.dll


  try{
    
ECHO "Before creating the Variables 11222211****" |Add-Content -path E:\Test\homedriveReassignLogs.txt -FORCE
    $sReader = New-Object System.IO.StringReader([System.String]$env:Request); 
    ECHO "after sreader  ****" |Add-Content -path E:\Test\homedriveReassignLogs.txt -FORCE
    $xmlReader = [System.xml.XmlTextReader]([sailpoint.Utils.xml.XmlUtil]::getReader($sReader)); 
        ECHO "after xmlreader  ****" |Add-Content -path E:\Test\homedriveReassignLogs.txt -FORCE
    $requestObject = New-Object Sailpoint.Utils.objects.AccountRequest($xmlReader);
    
    ECHO "Declared OOB Varaibles ****" |Add-Content -path E:\Test\homedriveReassignLogs.txt -FORCE
      
     #Below two lines to be deleted when moving to Prod
     [string] $userID = "E:\Test\"
     [string]  $managerUserID = "E:\Test\"
      
      #Below two lines to be uncommented when moving to Prod
     #[string] $userID = "\\carefirst.com\corp\cdchome\"  
     #[string]  $managerUserID = "\\carefirst.com\corp\cdchome\" 
      
      
foreach ($attribute in $requestObject.AttributeRequests){

    if($attribute.Name -eq "identityName"){
      $userID  = $userID+$attribute.Value
          $sAMAccountName = $attribute.Value
      
    }
      if($attribute.Name -eq "manageruserid"){
     $managerUserID  = $managerUserID+$attribute.Value
        $managerName = $attribute.Value
      
    }
  }
   Move-Item -Path $userID -Destination $managerUserID
        ECHO "user folder is moved to manager folder ****" |Add-Content -path E:\Test\homedriveReassignLogs.txt -FORCE
                $slash = "\"
        $homeDirectory =  $managerUserID + $slash + $sAMAccountName
        ECHO " Current Homedirectory ****" $homeDirectory |Add-Content -path E:\Test\homedriveReassignLogs.txt -FORCE
          $currentACL = Get-ACL -path $homeDirectory
         
          $AccessRule = New-Object System.Security.AccessControl.FileSystemAccessRule($managerName,"Read","Allow")
          $currentACL.SetAccessRule($AccessRule)
          $currentACL | Set-Acl -path $homeDirectory 
          ECHO "Manager added in User folder ****" |Add-Content -path E:\Test\homedriveReassignLogs.txt -FORCE
     
   
 }
  
  catch{
    ECHO "error:" $_.exception.message|Add-Content -path E:\homedriveReassignError.txt -FORCE
  }


  </Source>
</Rule>