<?xml version='1.0' encoding='UTF-8'?>
<!DOCTYPE Rule PUBLIC "sailpoint.dtd" "sailpoint.dtd">
<Rule language="beanshell" name="CF-HomedriveUpdatedCreation-Rule" type="ConnectorAfterCreate">
  <Attributes>
    <Map>
      <entry key="ObjectOrientedScript" value="true"/>
      <entry key="disabled" value="false"/>
      <entry key="extension" value=".ps1"/>
      <entry key="program" value="powershell.exe"/>
      <entry key="timeout" value="1000"/>
    </Map>
  </Attributes>
  <Description>
    An IdentityIQ Server-Side rule that is executed AFTER the connector's provisioning method is called. 
    This rule is called after accounts have been created on the underlying AD domain.
  </Description>
  <Signature>
    <Inputs>
      <Argument name="log">
        <Description>
          The log object associated with the SailPointContext.
        </Description>
      </Argument>
      <Argument name="context">
        <Description>
          A sailpoint.api.SailPointContext object that can be used to query the database if necessary.
        </Description>
      </Argument>
      <Argument name="plan">
        <Description>
          The ProvisioningPlan object on its way to the Connector.
        </Description>
      </Argument>
      <Argument name="application">
        <Description>
          The application object that references this before/after script.
        </Description>
      </Argument>
    </Inputs>
  </Signature>
  <Source>
  
  Add-type -path E:\IQService\IQService\utils.dll

      try{

      $timeNow=Get-Date
        
      ECHO "**** Entering Homedirectory creation rule, time now = ***"$timeNow |Add-Content -path E:\Test\CF-HomeDrive-Logs.txt -FORCE
        $sReader = New-Object System.IO.StringReader([System.String]$env:Request); 
      ECHO "**** Inside Homedirectory creation $sReader = "$sReader |Add-Content -path E:\Test\CF-HomeDrive-Logs.txt -FORCE
        $xmlReader = [System.xml.XmlTextReader]([sailpoint.Utils.xml.XmlUtil]::getReader($sReader)); 
      ECHO "**** Inside Homedirectory creation, $xmlReader = "$xmlReader |Add-Content -path E:\Test\CF-HomeDrive-Logs.txt -FORCE
        $requestObject = New-Object Sailpoint.Utils.objects.AccountRequest($xmlReader);
      ECHO "**** Inside Homedirectory creatio,n $requestObject = "$requestObject |Add-Content -path E:\Test\CF-HomeDrive-Logs.txt -FORCE
        #$requestObject = New-Object Sailpoint.Utils.objects.AccountRequest($xmlReader);
      #ECHO "**** Inside Homedirectory creation, $requestObject.Operation = "$requestObject.Operation |Add-Content -path E:\Test\CF-HomeDrive-Logs.txt -FORCE
        

        #if($requestObject.Operation -eq "Create"){
        ECHO "**** Inside Create Operation ***" |Add-Content -path E:\Test\CF-HomeDrive-Logs.txt -FORCE

          foreach ($attribute in $requestObject.AttributeRequests){
          if($attribute.Name -eq "sAMAccountName"){
            [string]$samAccountName = $attribute.Value
              ECHO "**** Inside sAMAccountName ***" |Add-Content -path E:\Test\CF-HomeDrive-Logs.txt -FORCE
          }

          if($attribute.Name -eq "homedirectory"){
            [string]$homedirectory = $attribute.Value
          }
        }


        ECHO "**** User: ***" +$samAccountName +", homedirectory value: " +$homedirectory +" ****" |Add-Content -path E:\Test\CF-HomeDrive-Logs.txt -FORCE

          
          ECHO "**** Test homedirectory value: " +$homedirectory +" ****"$homeDirectory  |Add-Content -path E:\Test\CF-HomeDrive-Logs.txt -FORCE

            new-item -path $homeDirectory -itemtype directory;

        ECHO "**** Test homedirectory created on: "+Get-Date+" ****" |Add-Content -path E:\Test\CF-HomeDrive-Logs.txt -FORCE
          $Domain = 'BCBSMD'
          $userId = 'AD - Security Admins'
          $UsersAm = "$Domain\$userId"


          $FileSystemAccessRights = [System.Security.AccessControl.FileSystemRights]"FullControl"
          

          $InheritanceFlags = [System.Security.AccessControl.InheritanceFlags]::"ContainerInherit", "ObjectInherit"

          $PropagationFlags = [System.Security.AccessControl.PropagationFlags]::None

          $AccessControl =[System.Security.AccessControl.AccessControlType]::Allow 

          #$NewAccessrule = New-Object System.Security.AccessControl.FileSystemAccessRule($UsersAm, $FileSystemAccessRights, $InheritanceFlags, $PropagationFlags, $AccessControl)

          $NewAccessrule = New-Object System.Security.AccessControl.FileSystemAccessRule($UsersAm, $FileSystemAccessRights, $InheritanceFlags,$PropagationFlags, "Allow")

          
          ECHO "**** Testing Homedrive and Homedirectory creation33333333****" |Add-Content -path E:\Test\CF-HomeDrive-Logs.txt -FORCE


            $currentACL = Get-ACL -path $homeDirectory

            $currentACL.SetAccessRule($NewAccessrule)


            ECHO "**** Testing Homedrive and Homedirectory 4444444****" |Add-Content -path E:\Test\CF-HomeDrive-Logs.txt -FORCE
              $acl = Get-Acl -path $homeDirectory              
              
              $AccessRule = New-Object System.Security.AccessControl.FileSystemAccessRule($samAccountName,"Modify","ContainerInherit,ObjectInherit","None","Allow")
              
              $acl.SetAccessRule($AccessRule)
              $acl | Set-Acl -path $homeDirectory    



              ECHO "**** Completed ****" |Add-Content -path E:\Test\CF-HomeDrive-Logs.txt -FORCE


      #}else
      #{
       # ECHO "**** Operation is not Create  ****" |Add-Content -path E:\Test\CF-HomeDrive-Logs.txt -FORCE
			#}
    }


  catch{
    ECHO "error:" $_.exception.message|Add-Content -path E:\Test\CF-HomeDriveErrors-Logs.txt -FORCE
      $errorMsg =$_.exception.message
      foreach ($attribute in $requestObject.AttributeRequests){
          if($attribute.Name -eq "CmdletResponse"){
            $attribute.Value = $errorMsg;
          }
       }
		$env:Request =$requestObject.toXml() | out-file $args[0];
  }

  //return "Success";
  </Source>
</Rule>