<?xml version='1.0' encoding='UTF-8'?>
<!DOCTYPE Rule PUBLIC "sailpoint.dtd" "sailpoint.dtd">
<Rule language="beanshell" name="CF-HomedriveCreation-Rule" type="ConnectorAfterCreate">
  <Attributes>
    <Map>
      <entry key="ObjectOrientedScript" value="true"/>
      <entry key="disabled" value="false"/>
      <entry key="extension" value=".ps1"/>
      <entry key="program" value="powershell.exe"/>
      <entry key="timeout" value="1000"/>
    </Map>
  </Attributes>
  <Description>
    An IdentityIQ Server-Side rule that is executed AFTER the connector's provisioning method is called. 
    This rule is called after accounts have been created on the underlying AD domain.
  </Description>
  <Signature>
    <Inputs>
      <Argument name="log">
        <Description>
          The log object associated with the SailPointContext.
        </Description>
      </Argument>
      <Argument name="context">
        <Description>
          A sailpoint.api.SailPointContext object that can be used to query the database if necessary.
        </Description>
      </Argument>
      <Argument name="plan">
        <Description>
          The ProvisioningPlan object on its way to the Connector.
        </Description>
      </Argument>
      <Argument name="application">
        <Description>
          The application object that references this before/after script.
        </Description>
      </Argument>
    </Inputs>
  </Signature>
  <Source>
   #Add-type -path E:\sailpoint\IQService\utils.dll
   #  Add-type -path  E:\sailpoint\Dev-IQService\IQService
    Add-type -path E:\IQService\utils.dll

      try{
       $date = Get-Date 
      ECHO "**** Entering Homedrive and Homedirectory creation ***"$date |Add-Content -path E:\Test\CF-HomeDrive-Logs.txt -FORCE
        $sReader = New-Object System.IO.StringReader([System.String]$env:Request); 
      ECHO "**** Entering Homedrive and Homedirectory creation ***"$sReader |Add-Content -path E:\Test\CF-HomeDrive-Logs.txt -FORCE
        $xmlReader = [System.xml.XmlTextReader]([sailpoint.utils.xml.XmlUtil]::getReader($sReader)); 
      ECHO "**** Entering Homedrive and Homedirectory creation ***"$xmlReader |Add-Content -path E:\Test\CF-HomeDrive-Logs.txt -FORCE
        $requestObject = New-Object Sailpoint.Utils.objects.AccountRequest($xmlReader);
      ECHO "**** Entering Homedrive and Homedirectory creation ***"$requestObject |Add-Content -path E:\Test\CF-HomeDrive-Logs.txt -FORCE

        if($requestObject.Operation -eq "Create"){
        ECHO "**** Inside Create Operation ***" |Add-Content -path E:\Test\CF-HomeDrive-Logs.txt -FORCE

          foreach ($attribute in $requestObject.AttributeRequests){
          if($attribute.Name -eq "sAMAccountName"){
            [string]$samAccountName = $attribute.Value
              ECHO "**** Inside sAMAccountName ***" |Add-Content -path E:\Test\CF-HomeDrive-Logs.txt -FORCE
          }

          if($attribute.Name -eq "homedirectory"){
            [string]$homedirectory = $attribute.Value
          }
        }


        ECHO "**** User: ***" +$samAccountName +", homedirectory value: " +$homedirectory +" ****" |Add-Content -path E:\Test\CF-HomeDrive-Logs.txt -FORCE

          #To be deleted when moving to Production
          $path = "E:\Test\"
          $homeDirectory = $path + $samAccountName
          
          $homeDirectory1 = $path + "$samAccountName"


          ECHO "**** Test homedirectory value: " +$homedirectory +" ****"$homeDirectory  |Add-Content -path E:\Test\CF-HomeDrive-Logs.txt -FORCE

            new-item -path $homeDirectory -itemtype directory;

        ECHO "**** Test homedirectory created on: "+Get-Date+" ****" |Add-Content -path E:\Test\CF-HomeDrive-Logs.txt -FORCE
          $Domain = 'BCBSMD'
          $userId = 'AD - Security Admins'
          $UsersAm = "$Domain\$userId"


          $FileSystemAccessRights = [System.Security.AccessControl.FileSystemRights]"FullControl"

          $InheritanceFlags = [System.Security.AccessControl.InheritanceFlags]::"ContainerInherit", "ObjectInherit"

          $PropagationFlags = [System.Security.AccessControl.PropagationFlags]::None

          $AccessControl =[System.Security.AccessControl.AccessControlType]::Allow 

          $NewAccessrule = New-Object System.Security.AccessControl.FileSystemAccessRule($UsersAm, $FileSystemAccessRights, $InheritanceFlags, $PropagationFlags, $AccessControl)

          ECHO "**** Testing Homedrive and Homedirectory creation33333333****" |Add-Content -path E:\Test\CF-HomeDrive-Logs.txt -FORCE


            $currentACL = Get-ACL -path $homeDirectory

            $currentACL.SetAccessRule($NewAccessrule)


            ECHO "**** Testing Homedrive and Homedirectory 4444444****" |Add-Content -path E:\Test\CF-HomeDrive-Logs.txt -FORCE
              $acl = Get-Acl -path $homeDirectory
              $AccessRule = New-Object System.Security.AccessControl.FileSystemAccessRule($samAccountName,"Read","Allow")
              $acl.SetAccessRule($AccessRule)
              $acl | Set-Acl -path $homeDirectory 
              
              $userId1 = "AAC4398"

              Set-ADUser -Identity $userId1 -HomeDrive 'I:' -HomeDirectory $homeDirectory1


              ECHO "**** Completed ****" |Add-Content -path E:\Test\CF-HomeDrive-Logs.txt -FORCE


      }else
      {
        ECHO "**** Operation is not Create  ****" |Add-Content -path E:\Test\CF-HomeDrive-Logs.txt -FORCE
      }
    }


  catch{
    ECHO "error:" $_.exception.message|Add-Content -path E:\Test\CF-HomeDriveErrors-Logs.txt -FORCE
      $errorMsg =$_.exception.message
      foreach ($attribute in $requestObject.AttributeRequests){
          if($attribute.Name -eq "CmdletResponse"){
            $attribute.Value = $errorMsg;
          }
       }
		$env:Request =$requestObject.toXml() | out-file $args[0];
  }

  //return "Success";
  </Source>
</Rule>