<?xml version='1.0' encoding='UTF-8'?>
<!DOCTYPE Rule PUBLIC "sailpoint.dtd" "sailpoint.dtd">
<Rule language="beanshell" name="CF-ImportITRolesWithEntitlements-Rule" type="Correlation">
  <Description>
    Import template-defined Roles from a CSV file.
  </Description>
  <Signature returnType="Map">
    <Inputs>
      <Argument name="log">
        <Description>
          The log object associated with the SailPointContext.
        </Description>
      </Argument>
      <Argument name="context">
        <Description>
          A sailpoint.api.SailPointContext object that can be used to query the database if necessary.
        </Description>
      </Argument>
    </Inputs>
  </Signature>
  <Source>
  // Sample Tool to import Roles.
  import java.io.File;
  import java.util.List;
  import java.util.HashMap;
  import sailpoint.tools.Util;
  import sailpoint.object.Application;
  import sailpoint.object.Bundle;
  import sailpoint.object.Classification;
  import sailpoint.object.ObjectClassification;
  import sailpoint.object.Identity;
  import sailpoint.object.IdentitySelector;
  import sailpoint.object.IdentitySelector.MatchExpression;
  import sailpoint.object.IdentitySelector.MatchTerm;
  import sailpoint.object.IdentitySelector.MatchTerm.Type;
  import sailpoint.object.Link;
  import sailpoint.object.Profile;
  import sailpoint.object.Filter;
  import sailpoint.object.QueryOptions;
  import sailpoint.object.Schema;
  import sailpoint.tools.RFC4180LineIterator;
  import sailpoint.tools.RFC4180LineParser;
  import sailpoint.object.ManagedAttribute;

  // Routine that takes a key/value hash of role data and builds it into roles
  // in IdentityIQ.  
    public void buildRole (HashMap roleHash) {
    System.out.println(" key Values Map "+roleHash);
       String strCiamAppID  = (String) roleHash.get("CIAM Application ID") != null ? (String) roleHash.get("CIAM Application ID") : "";
    String strCiamAppName  = (String) roleHash.get("CIAM Application Name") != null ? (String) roleHash.get("CIAM Application Name") : "";
    String strCiamBusRoleID  = (String) roleHash.get("CIAM Business Role ID") != null ? (String) roleHash.get("CIAM Business Role ID") : "";
    String strCiamBusinessRoleName  = (String) roleHash.get("CIAM Business Role Name") != null ? (String) roleHash.get("CIAM Business Role Name") : "";

    String strCiamITRoleName  = (String) roleHash.get("CIAM IT Role Name") != null ? (String) roleHash.get("CIAM IT Role Name") : "";
	  String strCiamITRoleID  = (String) roleHash.get("CIAM IT Role ID") != null ? (String) roleHash.get("CIAM IT Role ID") : "";
	  String strITRoleDesc = (String) roleHash.get("IT Role Description") != null ? (String) roleHash.get("IT Role Description") : "";
	  String entsList = (String) roleHash.get("Attribute") != null ? (String) roleHash.get("Attribute") : "";
	  String appName = (String) roleHash.get("End Point") != null ? (String) roleHash.get("End Point") : "";
   
	

    Bundle role = context.getObject(Bundle.class, strCiamITRoleName);
    if (null == role) {
      System.out.println(" - role does not exist, creating new: " + strCiamITRoleName);
      role = new sailpoint.object.Bundle();
    }   
    if(Util.isNotNullOrEmpty(strCiamITRoleName)) {
      role.setName(strCiamITRoleName);
	   role.setDisplayName(strCiamITRoleName);
	   role.setType("it");
	    role.setAttribute("ciamApplicationID", strCiamAppID);
      role.setAttribute("ciamApplicationName", strCiamAppName);
      role.setAttribute("ciamRoleID", strCiamBusRoleID); // need to add ciamBusinessROleID,and ciamITRoleID in IIQ.
      role.setAttribute("ciamBusinessRoleName", strCiamBusinessRoleName);
     // role.setAttribute("ciamBusinessITRoleName", strCiamBusinessITRoleName);

    }
    

    if(Util.isNotNullOrEmpty(strITRoleDesc)) {
      Map descMap  = new HashMap();
      descMap.put("en_US", strITRoleDesc);
      role.setDescriptions(descMap);
	     }

   
  /*  Identity ownerId = context.getObject(Identity.class, roleOwner);
    if (null == ownerId) {
      System.out.println(" - WARNING: Could not find owner [" +  roleOwner + "] using 'spadmin' instead.");
      ownerId = context.getObject(Identity.class, "spadmin");
    }
    role.setOwner(ownerId);
*/
  

    // Lookup the application for the role, if one is required.
    Application appObj = null;
    if ((null != appName) &amp;&amp; (0 &lt; appName.length())) {
      appObj = context.getObject(Application.class, appName);
      if (null == appObj) {
        //System.out.println("ERROR: Could not find application: " + appName);
        //System.out.println("ERROR: Skipping role creation for " + roleName);
        //System.out.println();
		
		Application appObj1 = context.getObject(Application.class, "CIAM_USER_ROLE_SYNC");
		ManagedAttribute ent=new ManagedAttribute();
		ent.setDisplayName(entsList);
		ent.setValue(entsList);
        ent.setApplication(appObj1);
		ent.setAttribute("entitlement");
        ent.setType("Entitlement");
        ent.setRequestable(false);
		context.saveObject(ent);
        return;		 
		//
      }
    }

	String entAttrName = "";
    // Make sure the application (if specified) has the specified entitlement.
    if (null != appObj) {
      Schema appSchema = appObj.getSchema("account");
      if (null != appSchema) {
        List entAttrNames = appSchema.getEntitlementAttributeNames();
        if ((null != entAttrNames) &amp;&amp; (1 == entAttrNames.size())) {
          // Deterministic single entitlement name.
           entAttrName = entAttrNames.get(0);
      
        }
      }
    }

    // Convert the entitlements list into a java.util.List object.
    if ((null != entsList) &amp;&amp; (0 &lt; entsList.length())) {
      entsList = entsList.replace("\\/", "/");
    }
    RFC4180LineParser entParser = new RFC4180LineParser("|");
    List entitlements = entParser.parseLine(entsList);


    // Handle IT-role specifc build out options here.
  

      // Clear out the previous profiles on the role.
      if (null != role.getProfiles()) {
     //   role.getProfiles().clear();
      }	  

      // Build the filterString for entitlements matching this IT role.
      String comma = "";
      String filterString = entAttrName + ".containsAllIgnoreCase({";
      for (String entValue : entitlements) {
        filterString += comma + "\"" + entValue + "\"";
        comma = ",";
      }
      filterString += "})";

      Filter filter = Filter.compile(filterString);   

      Profile profile = new Profile();
      profile.setDescription("Entitlements required by '" + roleName + "' for " + appName);
      profile.setApplication(appObj);
      profile.addConstraint(filter);
      role.add(profile);

    

    System.out.println("role: " + role.toXml());

    context.saveObject(role);
    context.commitTransaction();

    return;
  }

  // What delimiter do we want to use in the CSV file.
  String dlm = ",";

  String csvFileName ="//home//iqadmin//Data//BulkRoleImport//CiamBulkITRole.csv";
  //String csvFileName ="////sv-tivdi-p2//e$//CareFirst//Data//BulkRoleImport//ImportRolesDemo//BusinessRoles.csv";

  
  File testFile = new File(csvFileName);
  if ((!testFile.exists()) || (testFile.isDirectory())) {
    System.out.println("Unable to find file: " + csvFileName);
    return;
  }

  System.out.println("Importing Roles from: '" + csvFileName + "' ...");

  // Open the CSV file for reading.
  BufferedReader fileIn = new BufferedReader(new FileReader(csvFileName));

  RFC4180LineParser parser = new RFC4180LineParser(dlm);
  System.out.println(" After RFC418 ");
  int lineCounter = 0;
  ArrayList headerStrings = new ArrayList();
  String thisLine = null;
  System.out.println(" Before while ");
  while (null != (thisLine = fileIn.readLine())) {
    System.out.println("Inside while ");

    List tokens = parser.parseLine(thisLine);
    System.out.println(" tokens: " + tokens);

    if (lineCounter == 0) {
      System.out.println(" Inside IF condition: ");
      // Header Line.
      // Assign indexes to each position.
      for (int i=0; i &lt; tokens.size(); i++) {
        headerStrings.add(tokens.get(i).trim());
      }	  
    } else {
      // Data Line.  Read the data elements out.
      HashMap lineHash = new HashMap();
      System.out.println(" Inside else condition: ");
      for (int i=0; i &lt; tokens.size(); i++) {
        String headerString = headerStrings.get(i);
        String valueString = tokens.get(i);
        if (null != valueString) { valueString = valueString.trim(); }
        System.out.println ("header " + headerString + " == " + valueString);
        lineHash.put(headerString, valueString);
      }	
      System.out.println(" Before calling buildRole: " );
      
      //return lineHash;
      buildRole (lineHash);
      System.out.println(" After calling buildRole: " );

    }

    lineCounter++;

    // Don't let objects accrue in memory, flush them out every so often.
    if ((lineCounter % 20) == 0) { context.decache(); }

  } 

  fileIn.close();

  System.out.println("Role import Complete.");

  return "Success";
  </Source>
</Rule>