<?xml version='1.0' encoding='UTF-8'?>
<!DOCTYPE Rule PUBLIC "sailpoint.dtd" "sailpoint.dtd">
<Rule language="beanshell" name="CF-Initial-SAMLCorrelation-Rule" type="SAMLCorrelation">
  <Description>A rule used to map SAML name Id and attributes to an Identity.</Description>
  <Signature returnType="SailPointObject">
    <Inputs>
      <Argument name="log">
        <Description>
          The log object associated with the SailPointContext.
        </Description>
      </Argument>
      <Argument name="context">
        <Description>
          A sailpoint.api.SailPointContext object that can be used to query the database if necessary.
        </Description>
      </Argument>
      <Argument name="assertionAttributes">
        <Description>
          A map where the key is a string and value is a string. The map will always contain
          a key NameId with the value being the name Id sent by the Identity Provider.  All other
          SAML assertion attributes will be included in the map.
        </Description>
      </Argument>
    </Inputs>
    <Returns>
      <Argument name="identity Or Link">
        <Description>
          The Identity or Link that has been authenticated via SAML SSO.
          Returning the Link is the preferred way as it provides the
          exact account back to the server side which can be helpful
          when collecting authentication for electronic signatures.
        </Description>
      </Argument>
    </Returns>
  </Signature>
  <Source>import sailpoint.object.Identity;
import sailpoint.object.*;

// Assumption in this example is that the nameid-format is unspecified/persistent so it is a string

// Get the nameId from the assertionAttributes
//String nameId = (String)assertionAttributes.get("nameId");
String nameId = (String)assertionAttributes.get("tagvalue_employeenumber");

System.out.println("value of assertionAttributes : "+assertionAttributes);
System.out.println("value of nameId : "+nameId);

Identity identity;


//QueryOptions qo = new QueryOptions();
//Filter f1 = Filter.ignoreCase(Filter.eq("name", nameId));
//Filter f2 = Filter.ignoreCase(Filter.eq("userid", nameId));
//Filter f = Filter.or(f1, f2);
//qo.addFilter(f);



if(nameId != null) {
    // Lookup the identity based on nameId
    identity = context.getObject(Identity.class, nameId);
    System.out.println("returned identity : "+identity.getName());
}

if (identity == null) {
      System.out.println("returned null identity : ");
}
return identity;</Source>
</Rule>