<?xml version='1.0' encoding='UTF-8'?>
<!DOCTYPE Rule PUBLIC "sailpoint.dtd" "sailpoint.dtd">
<Rule language="beanshell" name="CF-ImportBirthrightBusinessRoles-Rule" type="Correlation">
  <Description>
    Import template-defined Roles from a CSV file.
  </Description>
  <Signature returnType="Map">
    <Inputs>
      <Argument name="log">
        <Description>
          The log object associated with the SailPointContext.
        </Description>
      </Argument>
      <Argument name="context">
        <Description>
          A sailpoint.api.SailPointContext object that can be used to query the database if necessary.
        </Description>
      </Argument>
    </Inputs>
  </Signature>
  <Source>
  // Sample Tool to import Roles.
  import java.io.File;
  import java.util.List;
  import java.util.HashMap;
  import sailpoint.tools.Util;
  import sailpoint.object.Application;
  import sailpoint.object.Bundle;
  import sailpoint.object.Classification;
  import sailpoint.object.ObjectClassification;
  import sailpoint.object.Identity;
  import sailpoint.object.IdentitySelector;
  import sailpoint.object.IdentitySelector.MatchExpression;
  import sailpoint.object.IdentitySelector.MatchTerm;
  import sailpoint.object.IdentitySelector.MatchTerm.Type;
  import sailpoint.object.Link;
  import sailpoint.object.Profile;
  import sailpoint.object.Filter;
  import sailpoint.object.QueryOptions;
  import sailpoint.object.Schema;
  import sailpoint.tools.RFC4180LineIterator;
  import sailpoint.tools.RFC4180LineParser;

  // Routine that takes a key/value hash of role data and builds it into roles
  // in IdentityIQ.  
  public void buildRole (HashMap roleHash) {
    System.out.println(" key Values Map "+roleHash);
    String roleName  = (String) roleHash.get("Role Name");
    String roleDisplayName  = (String) roleHash.get("Role DisplayName");
    String roleType  = (String) roleHash.get("Role Type");
    String roleDesc  = (String) roleHash.get("Role Description");
    String roleOwner = (String) roleHash.get("Role Owner");
    String subRoles  = (String) roleHash.get("Sub Roles/IT Roles");
    String appName   = (String) roleHash.get("TargetSystem Name");
    String attrName  = (String) roleHash.get("Attribute");
    String entsList  = (String) roleHash.get("Entitlements");
    String classificationName  = (String) roleHash.get("Classification");
    String isRequestable  = (String) roleHash.get("Requestable Role");

    // boolean isRequestable  = (Boolean) roleHash.get("Requestable Role");
    //String assignRule  = (String) roleHash.get("AssignmentRule");
    String costCentre  = (String) roleHash.get("costcenter");
    String jobCode  = (String) roleHash.get("jobcode");


    System.out.println("Role: '" + roleName + "' type: [" + roleType + "]");

    Bundle role = context.getObject(Bundle.class, roleName);
    if (null == role) {
      System.out.println(" - role does not exist, creating new: " + roleName);
      role = new sailpoint.object.Bundle();
    }   
    if(Util.isNotNullOrEmpty(roleName)) {
      role.setName(roleName);
    }
    if(Util.isNotNullOrEmpty(roleDisplayName)) {
      role.setDisplayName(roleDisplayName);
    }

    if(Util.isNotNullOrEmpty(roleDesc)) {
      Map descMap  = new HashMap();
      descMap.put("en_US", roleDesc);
      role.setDescriptions(descMap);
    }


    if (roleType.toLowerCase().startsWith("it")) {
      role.setType("it");	  
    } else {
      role.setType("business");
    }
    //System.out.println("Requestable Role string " + requestable);
    System.out.println("Requestable Role boolean " + isRequestable);
    // Set a privileged flag on the bundle.  Default to false (not privileged).
    role.setAttribute("requestable", "false");

    if ((null != isRequestable) &amp;&amp; (0 &lt; isRequestable.length())) {
      if (isRequestable.toLowerCase().contains("t") || 
          isRequestable.toLowerCase().contains("Y")   ) {
        role.setAttribute("requestable", "true");
      }
    } 

    Identity ownerId = context.getObject(Identity.class, roleOwner);
    if (null == ownerId) {
      System.out.println(" - WARNING: Could not find owner [" +  roleOwner + "] using 'spadmin' instead.");
      ownerId = context.getObject(Identity.class, "spadmin");
    }
    role.setOwner(ownerId);

    // We need to translate application names coming in from the CSV feed.
    // Add new application names to translate to the following hash map.
    // The CSV feed name goes on the left (key) of the hash and the IIQ name
    // for the application goes in the right (value) side of the hash.
    HashMap appNameTranslations = new HashMap();
    appNameTranslations.put("AD",       "Active Directory");
    // appNameTranslations.put("ERP",      "Oracle ERP");

    // Do the actual application name translation here:
    if ((null != appName) &amp;&amp; (0 &lt; appName.length())) {
      if (null != appNameTranslations.get(appName)) {
        appName = (String) appNameTranslations.get(appName);
      }
    }

    // Lookup the application for the role, if one is required.
    Application appObj = null;
    if ((null != appName) &amp;&amp; (0 &lt; appName.length())) {
      appObj = context.getObject(Application.class, appName);
      if (null == appObj) {
        System.out.println("ERROR: Could not find application: " + appName);
        System.out.println("ERROR: Skipping role creation for " + roleName);
        System.out.println();
        return;		 
      }
    }

    // Make sure the application (if specified) has the specified entitlement.
    if (null != appObj) {
      Schema appSchema = appObj.getSchema("account");
      if (null != appSchema) {
        List entAttrNames = appSchema.getEntitlementAttributeNames();
        if ((null != entAttrNames) &amp;&amp; (1 == entAttrNames.size())) {
          // Deterministic single entitlement name.
          String entAttrName = entAttrNames.get(0);
          if (!entAttrName.equals(attrName)) {
            System.out.println(" - WARNING: Replacing CSV attribute [" +     attrName +   "] with schema attribute [" + entAttrName +"] ");
            attrName = entAttrName;
          }
        }
      }
    }

    // Convert the entitlements list into a java.util.List object.
    if ((null != entsList) &amp;&amp; (0 &lt; entsList.length())) {
      entsList = entsList.replace("\\/", "/");
    }
    RFC4180LineParser entParser = new RFC4180LineParser("|");
    List entitlements = entParser.parseLine(entsList);

    // Convert the sub-roles list into a java.util.List object.
    RFC4180LineParser subRolePaser = new RFC4180LineParser("|");
    List subRolesList = entParser.parseLine(subRoles);

    // Handle IT-role specifc build out options here.
    if (role.getType().contains("it")) {

      // Clear out the previous profiles on the role.
      if (null != role.getProfiles()) {
        role.getProfiles().clear();
      }	  

      // Build the filterString for entitlements matching this IT role.
      String comma = "";
      String filterString = attrName + ".containsAllIgnoreCase({";
      for (String entValue : entitlements) {
        filterString += comma + "\"" + entValue + "\"";
        comma = ",";
      }
      filterString += "})";

      Filter filter = Filter.compile(filterString);   

      Profile profile = new Profile();
      profile.setDescription("Entitlements required by '" + roleName + "' for " + appName);
      profile.setApplication(appObj);
      profile.addConstraint(filter);
      role.add(profile);

    }

    // Handle Business-role specific build out options here.
    if (role.getType().contains("business")) {

      // Setting the classification to the Role
      if(Util.isNotNullOrEmpty(classificationName)) {
        List classificList = new ArrayList();

        ObjectClassification objClassific = new ObjectClassification();
        objClassific.setOwnerType("Bundle");
        objClassific.setSource("UI");
        Classification classification = context.getObjectByName(Classification.class, classificationName);
        if(classification != null) {

          objClassific.setClassification(classification);
          classificList.add(objClassific);
          role.setClassifications(classificList);
        }
        else
        {
          classification = new Classification();
          classification.setName(classificationName);
          classification.setDisplayName(classificationName);
          classification.setOrigin("MyIndependentDataSource");
          Map descMap  = new HashMap();
          descMap.put("en_US", "Allow Access specified Role");
          classification.setDescriptions(descMap);
          context.saveObject(classification);
          context.commitTransaction();
          objClassific.setClassification(classification);
          classificList.add(objClassific);
          role.setClassifications(classificList);

        }



      }


      // Build an assignment rule using the identity attributes.
      // Identities are auto-matched to assignemnt rules with this class:

      IdentitySelector idSelector = new IdentitySelector();
      MatchExpression matExp = new MatchExpression();
      matExp.setAnd(true);
      /*if(Util.isNotNullOrEmpty(costCentre)) {
        if ((null != costCentre) &amp;&amp; (0 &lt; costCentre.length())) {
          costCentre = costCentre.replace("\\/", "/");
        }
        RFC4180LineParser costParser = new RFC4180LineParser("|");
        List costCenterList = costParser.parseLine(costCentre);
        MatchTerm matchTerm = new MatchTerm();
        matchTerm.setContainer(true);
        for(String strCost : costCenterList){	                                   

          MatchTerm matchTerm1 = new MatchTerm();
          matchTerm1.setName("costcenter");
          matchTerm1.setType(Type.IdentityAttribute);
          matchTerm1.setValue(strCost);
          matchTerm.addChild(matchTerm1);

        }
        matExp.addTerm(matchTerm);
      }
      if(Util.isNotNullOrEmpty(jobCode)) {
        MatchTerm matchTerm2 = new MatchTerm();
        matchTerm2.setName("jobcode");
        matchTerm2.setType(Type.IdentityAttribute);
        matchTerm2.setValue(jobCode);
        matExp.addTerm(matchTerm2);
      }*/
	  MatchTerm matchTerm = new MatchTerm();
	  matchTerm.setName("costcenter");
	  matchTerm.setValue(costCentre);
	  matExp.addTerm(matchTerm);
	  
	  matchTerm = new MatchTerm();
	  matchTerm.setName("jobcode");
	  matchTerm.setValue(jobCode);
	  matExp.addTerm(matchTerm);

      idSelector.setMatchExpression(matExp);
      role.setSelector(idSelector); 

      // Clear the previous list of requirements for this Role.
      if (null != role.getRequirements()) {
        // role.getRequirements().clear();
      }

      System.out.println("subRolesList: " + subRolesList);
      // Add the required IT roles for this business role.
      for (String subRoleName : subRolesList) {

        Bundle requiredRole = context.getObjectByName(Bundle.class, subRoleName);
        if (null == requiredRole) {
          System.out.println(" - ERROR: Required role not found: " + subRoleName);
        } else {
          role.addRequirement(requiredRole);
        }         	  

      }	  
    }

    System.out.println("role: " + role.toXml());

    context.saveObject(role);
    context.commitTransaction();

    return;
  }

  // What delimiter do we want to use in the CSV file.
  String dlm = ",";
  
  //String csvFileName ="////sv-tivdi-p2//e$//CareFirst//Data//BulkRoleImport//ImportRolesDemo//ITRoles.csv";
  //String csvFileName ="////sv-tivdi-p2//e$//CareFirst//Data//BulkRoleImport//ImportRolesDemo//BusinessRoles.csv";
	String csvFileName ="//home//iqadmin//Data//BusinessRoles.csv";
  
  File testFile = new File(csvFileName);
  if ((!testFile.exists()) || (testFile.isDirectory())) {
    System.out.println("Unable to find file: " + csvFileName);
    return;
  }

  System.out.println("Importing Roles from: '" + csvFileName + "' ...");

  // Open the CSV file for reading.
  BufferedReader fileIn = new BufferedReader(new FileReader(csvFileName));

  RFC4180LineParser parser = new RFC4180LineParser(dlm);
  System.out.println(" After RFC418 ");
  int lineCounter = 0;
  ArrayList headerStrings = new ArrayList();
  String thisLine = null;
  System.out.println(" Before while ");
  while (null != (thisLine = fileIn.readLine())) {
    System.out.println("Inside while ");

    List tokens = parser.parseLine(thisLine);
    System.out.println(" tokens: " + tokens);

    if (lineCounter == 0) {
      System.out.println(" Inside IF condition: ");
      // Header Line.
      // Assign indexes to each position.
      for (int i=0; i &lt; tokens.size(); i++) {
        headerStrings.add(tokens.get(i).trim());
      }	  
    } else {
      // Data Line.  Read the data elements out.
      HashMap lineHash = new HashMap();
      System.out.println(" Inside else condition: ");
      for (int i=0; i &lt; tokens.size(); i++) {
        String headerString = headerStrings.get(i);
        String valueString = tokens.get(i);
        if (null != valueString) { valueString = valueString.trim(); }
        System.out.println ("header " + headerString + " == " + valueString);
        lineHash.put(headerString, valueString);
      }	
      System.out.println(" Before calling buildRole: " );
      buildRole (lineHash);
      System.out.println(" After calling buildRole: " );

    }

    lineCounter++;

    // Don't let objects accrue in memory, flush them out every so often.
    if ((lineCounter % 20) == 0) { context.decache(); }

  } 

  fileIn.close();

  System.out.println("Role import Complete.");

  return "Success";
  </Source>
</Rule>