<?xml version='1.0' encoding='UTF-8'?>
<!DOCTYPE Rule PUBLIC "sailpoint.dtd" "sailpoint.dtd">
<Rule language="beanshell" name="CF-ITRoleApprovalAttachment-Rule" type="Correlation">
  <Description>
    Import template-defined Roles from a CSV file.
  </Description>
  <Signature returnType="Map">
    <Inputs>
      <Argument name="log">
        <Description>
          The log object associated with the SailPointContext.
        </Description>
      </Argument>
      <Argument name="context">
        <Description>
          A sailpoint.api.SailPointContext object that can be used to query the database if necessary.
        </Description>
      </Argument>
    </Inputs>
  </Signature>
  <Source>
  // Sample Tool to import Roles.
  import java.io.File;
import java.util.List;
import java.util.HashMap;
import sailpoint.tools.Util;
import sailpoint.object.Attributes;

import java.util.Map;
import sailpoint.object.Application;
import sailpoint.object.Bundle;
import sailpoint.object.Custom;
import sailpoint.object.Classification;
import sailpoint.object.ObjectClassification;
import sailpoint.object.Identity;
import sailpoint.object.IdentitySelector;
import sailpoint.object.IdentitySelector.MatchExpression;
import sailpoint.object.IdentitySelector.MatchTerm;
import sailpoint.object.IdentitySelector.MatchTerm.Type;
import sailpoint.object.Link;
import sailpoint.object.Profile;
import sailpoint.object.Filter;
import sailpoint.object.QueryOptions;
import sailpoint.object.Schema;
import sailpoint.tools.RFC4180LineIterator;
import sailpoint.tools.RFC4180LineParser;
import org.apache.log4j.Logger;
  Logger log = Logger.getLogger("CF-ISAMLDAPObjectClass-Rule");


//Getting the attribute values from assignement rule
      public void updateAttribute(Bundle role,String columnName,String attribute){
    log.info(" *** inside update Attribute");
    ////log.info(" role "+role);
    //log.info(" *** columnName "+columnName);
    //log.info(" *** attribute "+attribute);
    
    if(role.getAttribute(columnName)!=null){
     // log.info(" *** inside if lop "+role.getAttribute(columnName));
String attributeValue=role.getAttribute(columnName);
ArrayList attributeValueList = new ArrayList(Arrays.asList(attributeValue.split(",")));
     // log.info(" *** list "+attributeValueList);
if(attributeValueList!= null &amp;&amp; attributeValueList.size()&gt;0){
if(!(attributeValueList.contains(attribute))){
// log.info(" *** inside inner if loop "+attributeValue);
attributeValue = attributeValue+","+attribute;
  role.setAttribute(columnName,attributeValue);
}

}
}
else{
 // log.info(" *** inside else loop "+attribute);
role.setAttribute(columnName, attribute);
}
    
  }
public List getMatchTerms(Bundle bundle){
List valuesList = new ArrayList();
if(null != bundle){
if( null != bundle.getSelector()){
IdentitySelector selector = bundle.getSelector();
MatchExpression matchExpression = selector.getMatchExpression();

List terms = matchExpression.getTerms();
return terms;

}

}
}
// Routine that takes a key/value hash of role data and builds it into roles
// in IdentityIQ.
public void buildRole (HashMap roleHash) {
log.info(" key Values Map "+roleHash);

String strBZAssignType = (String) roleHash.get("BZ_ASSIGNMENT_TYPE") != null ? (String) roleHash.get("BZ_ASSIGNMENT_TYPE") : "";
String strSRAssignType = (String) roleHash.get("SR_ASSIGNMENT_TYPE") != null ? (String) roleHash.get("SR_ASSIGNMENT_TYPE") : "";
String strCatagory = (String) roleHash.get("Category") != null ? (String) roleHash.get("Category") : "";
String strCiamAppID = (String) roleHash.get("CIAM Application ID") != null ? (String) roleHash.get("CIAM Application ID") : "";
String strCiamAppName = (String) roleHash.get("CIAM Application Name") != null ? (String) roleHash.get("CIAM Application Name") : "";
String strCiamRoleID = (String) roleHash.get("CIAM Role ID") != null ? (String) roleHash.get("CIAM Role ID") : "";
String strCiamBusinessRoleName = (String) roleHash.get("CIAM Business Role Name") != null ? (String) roleHash.get("CIAM Business Role Name") : "";

// String strCiamBusinessITRoleName = (String) roleHash.get("CIAM Business IT Role Name") != null ? (String) roleHash.get("CIAM Business IT Role Name") : "";
String strCartRoleID = (String) roleHash.get("CART Role ID") != null ? (String) roleHash.get("CART Role ID") : "";

String strCartAppID = (String) roleHash.get("CART Applciation ID") != null ? (String) roleHash.get("CART Applciation ID") : "";
String strCartAppName = (String) roleHash.get("CART Application Name") != null ? (String) roleHash.get("CART Application Name") : "";
String strRoleProvisionType = (String) roleHash.get("Role Provision Type") != null ? (String) roleHash.get("Role Provision Type") : "";
String strManualProvisionType = (String) roleHash.get("Manual Provision Team") != null ? (String) roleHash.get("Manual Provision Team") : "";
String strUserType = (String) roleHash.get("User Type ( Associate or Contractor)") != null ?(String) roleHash.get("User Type ( Associate or Contractor)") : "";
String strRoleSensitivity = (String) roleHash.get("Role Sensitivity") != null ? (String) roleHash.get("Role Sensitivity"): "";
String strAction = (String) roleHash.get("Action") != null ? (String) roleHash.get("Action"): "";
// String strAssignment = (String) roleHash.get("Assignment") != null ? (String) roleHash.get("Assignment"): "";
String strAssignment = (String) roleHash.get("Assignment Type") != null ? (String) roleHash.get("Assignment Type"): "";
String strRoleName = (String) roleHash.get("Business Role Name") != null ? (String) roleHash.get("Business Role Name"): "";
String strRoleOwner = (String) roleHash.get("Business Role Owner") != null ? (String) roleHash.get("Business Role Owner"): "";
String strRoleDesc = (String) roleHash.get("Role Description") != null ? (String) roleHash.get("Role Description") : "";
String subRoles = (String) roleHash.get("CIAM Business IT Role Name") != null ? (String) roleHash.get("CIAM Business IT Role Name"): "";
String checkAssignment = (String) roleHash.get("Check Assignment") != null ? (String) roleHash.get("Check Assignment"): "";
String strBussinessUnit = (String) roleHash.get("BU_CD (Business Unit)") != null ?(String) roleHash.get("BU_CD (Business Unit)") : "";
String strDeptCode = (String) roleHash.get("DEPT_CD (Department Code)") != null ?(String)roleHash.get("DEPT_CD (Department Code)") : "";
String strJobCode = (String) roleHash.get("JOB_CD (Job Code)") != null ? (String) roleHash.get("JOB_CD (Job Code)") : "";
String strEeoCode = (String) roleHash.get("EEO_CD (EEO Code)") != null ? (String) roleHash.get("EEO_CD (EEO Code)") : "";
String strCompanyCode = (String) roleHash.get("CO_CD (Company Code)") != null ? (String) roleHash.get("CO_CD (Company Code)") : "";
String strMgrCostCenter = (String) roleHash.get("MNGR_CC (Manager Cost Center)") != null ? (String) roleHash.get("MNGR_CC (Manager Cost Center)") : "";
String strCostCenter = (String) roleHash.get("COST_CENTER (Cost Center)") != null ? (String) roleHash.get("COST_CENTER (Cost Center)") : "";
String strMgrPositionNumber = (String) roleHash.get("MNGR_POSN_NBR ??(Manager Position Nunber)") != null ? (String) roleHash.get("MNGR_POSN_NBR ??(Manager Position Nunber)") : "";
String strPositionNumber = (String) roleHash.get("POSN_NBR ?? (Postion Number)") != null ? (String) roleHash.get("POSN_NBR ?? (Postion Number)") : "";
String strLocationCode = (String) roleHash.get("LOCN_CD ?? (Location Code )") != null ? (String) roleHash.get("LOCN_CD ?? (Location Code )") : "";
String strSupplierName = (String) roleHash.get("SUPLR_NM ?? (Supplier Name)") != null ? (String) roleHash.get("SUPLR_NM ?? (Supplier Name)") : "";
String strNofApprovals = (String) roleHash.get("Number of Approvals") != null ? (String) roleHash.get("Number of Approvals") : "";
String strApproval1 = (String) roleHash.get("Approval 1") != null ? (String) roleHash.get("Approval 1") : "";
String strApproval2 = (String) roleHash.get("Approval 2") != null ? (String) roleHash.get("Approval 2") : "";
String strApproval3 = (String) roleHash.get("Approval 3") != null ? (String) roleHash.get("Approval 3") : "";
String strApproval4 = (String) roleHash.get("Approval 4") != null ? (String) roleHash.get("Approval 4") : "";
String strApproval5 = (String) roleHash.get("Approval 5") != null ? (String) roleHash.get("Approval 5") : "";
String strApproval6 = (String) roleHash.get("Approval 6") != null ? (String) roleHash.get("Approval 6"): "";
String strApproval7 = (String) roleHash.get("Approval 7") != null ? (String) roleHash.get("Approval 7") : "";
String strApproval8 = (String) roleHash.get("Approval 8") != null ? (String) roleHash.get("Approval 8") : "";
String strApproval9 = (String) roleHash.get("Approval 9") != null ? (String) roleHash.get("Approval 9"): "";
String classificationName = "BirthRight";

//String classificationName = (String) roleHash.get("Classification");
// String isRequestable = (String) roleHash.get("Requestable Role");

// boolean isRequestable = (Boolean) roleHash.get("Requestable Role");
//String assignRule = (String) roleHash.get("AssignmentRule");
//String costCentre = (String) roleHash.get("costcenter");
//String jobCode = (String) roleHash.get("jobcode");


log.info("Role Name: '" + strRoleName);

try{
Bundle role = context.getObject(Bundle.class, strCiamBusinessRoleName);
if (null == role) {
log.info(" - role does not exist, creating new: " + roleName);
//role = new sailpoint.object.Bundle();
}
if(Util.isNotNullOrEmpty(strCiamBusinessRoleName)) {
//role.setName(strCiamBusinessRoleName);
//role.setDisplayName(strCiamBusinessRoleName);
//role.setType("business");
role.setAttribute("category", strCatagory);
//role.setAttribute("ciamApplicationID", strCiamAppID);
role.setAttribute("ciamApplicationName", strCiamAppName);
//role.setAttribute("ciamBusinessRoleId", strCiamRoleID);// ciam role ID
//role.setAttribute("ciamBusinessRoleName", strCiamBusinessRoleName);
//role.setAttribute("ciamBusinessITRoleName", strCiamBusinessITRoleName);
role.setAttribute("cartRoleId", strCartRoleID);
updateAttribute(role,"cartApplicationId", strCartAppID);
        updateAttribute(role,"cartApplicationName", strCartAppName);
role.setAttribute("roleProvisionType", strRoleProvisionType);
role.setAttribute("manualProvisionTeam", strManualProvisionType);
role.setAttribute("roleSensitivity", strRoleSensitivity);
role.setAttribute("action", strAction);

  //role.setAttribute("assignment", strAssignment);
  
  //For Disconnected applicaiton
  role.setAttribute("assignment", "Discretionary");
  role.setAttribute("assignment_condition", "employeetype:ASSOCIATE||employeetype:CONTRACTOR");

updateAttribute(role,"userType", strUserType);
role.setAttribute("noofapprovals", strNofApprovals);
role.setAttribute("approval1", strApproval1);
role.setAttribute("approval2", strApproval2);
role.setAttribute("approval3", strApproval3);
role.setAttribute("approval4", strApproval4);
role.setAttribute("approval5", strApproval5);
role.setAttribute("approval6", strApproval6);
role.setAttribute("approval7", strApproval7);
role.setAttribute("approval8", strApproval8);
role.setAttribute("approval9", strApproval9);
}
if(Util.isNotNullOrEmpty(strRoleDesc)) {
Map descMap = new HashMap();
descMap.put("en_US", strRoleDesc);
role.setDescriptions(descMap);
}

 

Identity ownerId = context.getObject(Identity.class, strRoleOwner);
if (null == ownerId) {
log.info(" - WARNING: Could not find owner [" + strRoleOwner + "] using 'spadmin' instead.");
ownerId = context.getObject(Identity.class, "spadmin");
}
role.setOwner(ownerId);
  
      String sensitiveClassificationName = "Sensitive";
    
    
    if(Util.isNotNullOrEmpty(strRoleSensitivity)&amp;&amp; (!"0".equals(strRoleSensitivity)) ) {
List classificList = new ArrayList();
 log.info(" *** inside sensitive  loop "+strRoleSensitivity);
ObjectClassification objClassific = new ObjectClassification();
objClassific.setOwnerType("Bundle");
objClassific.setSource("UI");
Classification classification = context.getObjectByName(Classification.class, sensitiveClassificationName);
if(classification != null) {

objClassific.setClassification(classification);
classificList.add(objClassific);
role.setClassifications(classificList);
}
else
{
classification = new Classification();
classification.setName(sensitiveClassificationName);
classification.setDisplayName(sensitiveClassificationName);
classification.setOrigin("MyIndependentDataSource");
Map descMap = new HashMap();
descMap.put("en_US", "This access contains sensitive information");
classification.setDescriptions(descMap);
context.saveObject(classification);
context.commitTransaction();
objClassific.setClassification(classification);
classificList.add(objClassific);
role.setClassifications(classificList);

}

 

}


// Convert the sub-roles list into a java.util.List object.
/* RFC4180LineParser subRolePaser = new RFC4180LineParser("|");
List subRolesList = subRolePaser.parseLine(subRoles);

log.info("subRolesList: " + subRolesList);
// Add the required IT roles for this business role.
if(null != subRolesList &amp;&amp; subRolesList.size() &gt; 0){
for (String subRoleName : subRolesList) { */


// }
// }
context.saveObject(role);
context.commitTransaction();
  context.decache();

return;
} catch(Exception e){
log.info("Inside Catch Block Exception is "+e);
// Map map = new HashMap();
// Attributes attrs = new Attributes();
Custom customObj = context.getObjectByName(Custom.class,"ITBusiness-MissingRole");
if(customObj == null){
customObj = new Custom();
customObj.setName("ITBusiness-MissingRole");
customObj.put(strCiamRoleID, strCiamBusinessRoleName);

}
else{
customObj.put(strCiamRoleID, strCiamBusinessRoleName);
}

 

// attrs.setMap(map);
// customObj.setAttributes(attrs);

context.saveObject(customObj);
context.commitTransaction();

return;
}
}

// What delimiter do we want to use in the CSV file.
String dlm = ",";

//String csvFileName ="////sv-tivdi-p2//e$//CareFirst//Data//BulkRoleImport//ImportRolesDemo//ITRoles.csv";
//String csvFileName ="//home//iqadmin//Data//TestBusinessRoleImport.csv";
  //String csvFileName ="//home//iqadmin//Data//BulkRoleImport//BusinessRoleTest.csv";
//String csvFileName ="//home//iqadmin//Data//BulkRoleImport//DACMAC_DummyITEntries.csv";
 // String csvFileName ="//home//iqadmin//Data//BulkRoleImport//BusinessRoleMissingITRoleMapping_retry.csv";
  
  String csvFileName ="//home//iqadmin//Data//BulkRoleImport//Rnew//SemiAutoApps_BusinessRoles_Missing_Update.csv";
//String csvFileName ="//home//iqadmin//Data//BulkRoleImport//Rnew//Test.csv";


//return csvFileName;

File testFile = new File(csvFileName);
if ((!testFile.exists()) || (testFile.isDirectory())) {
System.out.println("Unable to find file: " + csvFileName);
return;
}

log.info("Importing Roles from: '" + csvFileName + "' ...");
//return csvFileName;
// Open the CSV file for reading.
BufferedReader fileIn = new BufferedReader(new FileReader(csvFileName));

RFC4180LineParser parser = new RFC4180LineParser(dlm);
log.info(" After RFC418 ");
int lineCounter = 0;
ArrayList headerStrings = new ArrayList();
String thisLine = null;
log.info(" Before while ");
while (null != (thisLine = fileIn.readLine())) {
log.info("Inside while ");

List tokens = parser.parseLine(thisLine);
log.info(" tokens: " + tokens);

if (lineCounter == 0) {
log.info(" Inside IF condition: ");
// Header Line.
// Assign indexes to each position.
for (int i=0; i &lt; tokens.size(); i++) {
headerStrings.add(tokens.get(i).trim());
}
} else {
// Data Line. Read the data elements out.
HashMap lineHash = new HashMap();
log.info(" Inside else condition: ");
for (int i=0; i &lt; tokens.size(); i++) {
String headerString = headerStrings.get(i);
String valueString = tokens.get(i);
if (null != valueString) { valueString = valueString.trim(); }
log.info("header " + headerString + " == " + valueString);
lineHash.put(headerString, valueString);
}
log.info(" Before calling buildRole: " );
//return lineHash;
buildRole(lineHash);
log.info(" After calling buildRole: " );

}

lineCounter++;

// Don't let objects accrue in memory, flush them out every so often.
if ((lineCounter % 20) == 0) { context.decache(); }

}

fileIn.close();

log.info("Role import Complete.");

return "Success";
  </Source>
</Rule>