<?xml version='1.0' encoding='UTF-8'?>
<!DOCTYPE Rule PUBLIC "sailpoint.dtd" "sailpoint.dtd">
<Rule language="beanshell" name="CF-ISAMAccountActivation-Rule" type="FieldValue">
  <Description>This rule activates the LDAP account created by IIQ</Description>
  <Signature returnType="String">
    <Returns>
      <Argument name="value">
        <Description>
          The string value created.
        </Description>
      </Argument>
    </Returns>
  </Signature>
  <Source>
  import java.io.BufferedReader;
  import java.io.IOException;
  import java.io.InputStreamReader;
  import java.io.OutputStream;
  import java.io.OutputStreamWriter;
  import java.net.HttpURLConnection;
  import java.net.MalformedURLException;
  import java.net.ProtocolException;
  import java.net.URL;
  import org.apache.log4j.Logger;
  import java.net.URL;
  import java.security.cert.X509Certificate;

  import javax.net.ssl.HttpsURLConnection;
  import javax.net.ssl.SSLContext;
  import javax.net.ssl.TrustManager;
  import javax.net.ssl.X509TrustManager;

Logger log = Logger.getLogger("com.carefirst.ISAMAccountActivation");

log.info("Inside rule : ISAMAccountActivation");

String uid = "aaf9141";
String LDAPDN = "uid=aaf9141,ou=users,dc=carefirst,dc=com";

  String POST_PARAM = "{\r\n\"admin_id\":\"sec_master\",\r\n\"admin_pwd\":\"Cf1@m007\",\r\n\"commands\":\r\n[\"user import "+uid+" "+LDAPDN+"\",\n\"User modify "+uid+" account-valid yes\"]\r\n}";




  URL myURL = new URL("https://sal-isamprxe-tt1/isam/pdadmin");
  HttpURLConnection postConnectionObj = (HttpURLConnection)myURL.openConnection();

  String userCredentials = "admin@local:Cf1@m016t";
  String basicAuth = "Basic " + new String(Base64.getEncoder().encode(userCredentials.getBytes()));

  postConnectionObj.setRequestProperty ("Authorization", basicAuth);
  postConnectionObj.setRequestMethod("POST");
  postConnectionObj.setRequestProperty("Content-Type", "application/x-www-form-urlencoded");
  //postConnectionObj.setRequestProperty("Content-Length", "" + postData.getBytes().length);
  postConnectionObj.setRequestProperty("Content-Language", "en-US");
  postConnectionObj.setRequestProperty("Accept", "application/json");
  postConnectionObj.setUseCaches(false);
  postConnectionObj.setDoInput(true);
  postConnectionObj.setDoOutput(true);


  OutputStream os = postConnectionObj.getOutputStream();
  os.write(POST_PARAM.getBytes());
  os.flush();
  os.close();
  int responseCode = postConnectionObj.getResponseCode();
  log.info("POST Response Code :  " + responseCode);
  log.info("POST Response Message : " + postConnectionObj.getResponseMessage());

  return "Success return rule responseCode..."+responseCode+"     [message ] "+postConnectionObj.getResponseMessage();

  </Source>
</Rule>