<?xml version='1.0' encoding='UTF-8'?>
<!DOCTYPE Rule PUBLIC "sailpoint.dtd" "sailpoint.dtd">
<Rule language="beanshell" name="CF-IdentityAttributeInactive-Rule" type="IdentityAttribute">
  <Description>Identity attribute rules are used when the value is not simply a copy of an application account attribute value.  A transformation may be necessary on the account attribute, or several account attributes may need to be combined to produce the identity attribute.

    This rule can be called in two ways: as a global mapping rule and an application mapping rule.  A global mapping rule is called whenever the identity is refreshed.  The rule can look at any account attributes.  An application mapping rule is called only when the identity contains an account link for that application, this link is passed in the "link" argument which is not passed in global mapping rules.</Description>
  <ReferencedRules>
    <Reference class="sailpoint.object.Rule" name="CF-Constants-Rule"/>
  </ReferencedRules>
  <Signature returnType="String">
    <Inputs>
      <Argument name="log">
        <Description>
          The log object associated with the SailPointContext.
        </Description>
      </Argument>
      <Argument name="context">
        <Description>
          A sailpoint.api.SailPointContext object that can be used to query the database if necessary.
        </Description>
      </Argument>
      <Argument name="environment" type="Map">
        <Description>
          Arguments passed to the aggregation or refresh task.
        </Description>
      </Argument>
      <Argument name="identity">
        <Description>
          The Identity object that represents the user
          that is being aggregated.
        </Description>
      </Argument>
      <Argument name="attributeDefinition">
        <Description>
          The AttributeDefinition object for this attribute.
        </Description>
      </Argument>
      <Argument name="link">
        <Description>
          The Link object from the Identity, if this is an application
          mapping rule.  For global mapping rules this will be void.
        </Description>
      </Argument>
      <Argument name="attributeSource">
        <Description>
          The AttributeSource object.
        </Description>
      </Argument>
      <Argument name="oldValue">
        <Description>
          The original value of the application account attribute.
        </Description>
      </Argument>
    </Inputs>
    <Returns>
      <Argument name="attributeValue">
        <Description>
          The value of the attribute that should be populated.
          The rule should return this value.
        </Description>
      </Argument>
    </Returns>
  </Signature>
  <Source>
  import java.text.SimpleDateFormat;
  import java.util.Date;
  import sailpoint.tools.Util;
  import org.apache.log4j.Logger;

  Logger mylogger = Logger.getLogger("com.carefirst.loggers");
  mylogger.info("Starting IdentityAttribute Rule");


  System.out.println("**** Entering CF-IdentityAttributeInactive-Rule ****");

  if(identity != null){
    mylogger.info("Starting IdentityAttribute Rule inside if Identity");

    System.out.println("Inside CF-IdentityAttributeInactive-Rule, user = "+identity.getAttribute("userid"));

    Date endDate = null;
    Date startDate = null;
    Date termDate = null;
    Date todayDate = new Date();
    String strAction = identity.getAttribute(ATR_ACTION) != null ? identity.getAttribute(ATR_ACTION) : "";
    mylogger.info("IdentityAttributeInactive Rule strAction "+strAction);
    String strDate = identity.getAttribute(ATR_ENDDATE) != null ? identity.getAttribute(ATR_ENDDATE) : "";
    mylogger.info("IdentityAttributeInactive Rule strDate "+strDate);
    String strStartDate = identity.getAttribute(ATR_STARTDATE) != null ? identity.getAttribute(ATR_STARTDATE) : "";
    mylogger.info("IdentityAttributeInactive Rule strDate "+strStartDate);
    String termDateString = identity.getAttribute("termdate") != null ? identity.getAttribute("termdate") : "";
    System.out.println("IdentityAttributeInactive Rule termDateString "+termDateString);
    if(Util.isNotNullOrEmpty(strDate)){
      SimpleDateFormat formatter=new SimpleDateFormat(STR_DATE_FORMAT);
      endDate = formatter.parse(strDate);
    }

    if(Util.isNotNullOrEmpty(strStartDate)){
      SimpleDateFormat formatter;

      if(strStartDate.contains("-")){
        formatter=new SimpleDateFormat(STR_DATE_FORMAT);
      }
      else{
        formatter=new SimpleDateFormat(STR_DATE_FORMAT_SLASHES);
      }
      startDate = formatter.parse(strStartDate);
    }

    if(Util.isNotNullOrEmpty(termDateString)){
      SimpleDateFormat formatter=new SimpleDateFormat(STR_DATE_FORMAT);
      termDate = formatter.parse(termDateString);
    }
    mylogger.info("IdentityAttributeInactive Rule endDate "+strDate);
    mylogger.info("IdentityAttributeInactive Rule todayDate "+todayDate);	

    System.out.println("Inside CF-IdentityAttributeInactive-Rule, startDate = "+strStartDate+termDate);
    System.out.println("Inside CF-IdentityAttributeInactive-Rule, strDate = "+strDate);
    System.out.println("Inside CF-IdentityAttributeInactive-Rule, todayDate = "+todayDate);
    System.out.println("Inside CF-IdentityAttributeInactive-Rule, strAction = "+strAction);
    System.out.println("Inside CF-IdentityAttributeInactive-Rule,, is strAction notnull or empty = "+Util.isNotNullOrEmpty(strAction));
    System.out.println("...................................");
    if(endDate != null &amp;&amp; todayDate != null &amp;&amp; Util.isNotNullOrEmpty(strAction) &amp;&amp; todayDate.compareTo(endDate) &gt; 0 &amp;&amp;((STR_ACTION_TER.equalsIgnoreCase(strAction))|| (STR_ACTION_COM.equalsIgnoreCase(strAction))|| (STR_ACTION_TWP.equalsIgnoreCase(strAction))|| (STR_ACTION_RET.equalsIgnoreCase(strAction))|| (STR_ACTION_RWP.equalsIgnoreCase(strAction))) ){
      mylogger.info("Inside CF-IdentityAttributeInactive-Rule, inside third if block. End date is less than today date. ");

      System.out.println("Inside CF-IdentityAttributeInactive-Rule, inside third if block. End date is less than today date.");
      identity.setInactive(true);
      System.out.println("**** Exiting CF-IdentityAttributeInactive-Rule from third if block, identity setInactive is true. ****");

    }
    else if(startDate != null  &amp;&amp; todayDate != null &amp;&amp;  Util.isNotNullOrEmpty(strAction) &amp;&amp;startDate.compareTo(todayDate) &gt;0 &amp;&amp; (STR_ACTION_HIR.equalsIgnoreCase(strAction)  || STR_ACTION_ADD.equalsIgnoreCase(strAction))) {
      mylogger.info("IdentityAttributeInactive Rule inside if Start date greater than today date  ");
      System.out.println("Inside CF-IdentityAttributeInactive-Rule, inside else if. Start date is greater than today date.  ");
      System.out.println("**** Exiting CF-IdentityAttributeInactive-Rule from else if block, identity setInactive is true. ****");

      identity.setInactive(true);

      //}else if(termDate != null  &amp;&amp; todayDate != null &amp;&amp;  Util.isNotNullOrEmpty(strAction) &amp;&amp;(todayDate.compareTo(termDate) &gt;= 0) &amp;&amp; (STR_ACTION_TER.equalsIgnoreCase(strAction) )) {
    }else if(termDate != null  &amp;&amp;  Util.isNotNullOrEmpty(strAction)  &amp;&amp; ((STR_ACTION_TER.equalsIgnoreCase(strAction) )@or (STR_ACTION_TWP.equalsIgnoreCase(strAction)) @or (STR_ACTION_RET.equalsIgnoreCase(strAction)) @or (STR_ACTION_RWP.equalsIgnoreCase(strAction)) @or (STR_ACTION_COM.equalsIgnoreCase(strAction)))) {


      mylogger.info("IdentityAttributeInactive Rule inside if Start date greater than today date  ");
      System.out.println("Inside CF-IdentityAttributeInactive-Rule, inside else if. Start date is greater than today date.  ");
      System.out.println("**** Exiting CF-IdentityAttributeInactive-Rule from else if block, identity setInactive is true. ****");

      identity.setInactive(true);

    } else{
      System.out.println("**** Exiting CF-IdentityAttributeInactive-Rule from else block, identity setInactive is false. ****");
      identity.setInactive(false);
    }
  }

  context.saveObject(identity);
  context.commitTransaction();
  </Source>
</Rule>