<?xml version='1.0' encoding='UTF-8'?>
<!DOCTYPE Rule PUBLIC "sailpoint.dtd" "sailpoint.dtd">
<Rule language="beanshell" name="CF-ISAMLDAPDisable-Rule" type="ResourceObjectCustomization">
  <Description>This rule is configured on the application and is called after the connector has build a ResourceObject from the native application data.

Initially designed for non-rule based connectors to add SPPrivileged flag to an object, but could be used to do any transformations.</Description>
  <Signature returnType="ResourceObject">
    <Inputs>
      <Argument name="log">
        <Description>
          The log object associated with the SailPointContext.
        </Description>
      </Argument>
      <Argument name="context">
        <Description>
          A sailpoint.api.SailPointContext object that can be used to query the database if necessary.
        </Description>
      </Argument>
      <Argument name="object">
        <Description>
          The ResourceObject built by the connector.
        </Description>
      </Argument>
      <Argument name="application">
        <Description>
          Application that references the connector.
        </Description>
      </Argument>
      <Argument name="connector">
        <Description>
          The connector object.
        </Description>
      </Argument>
      <Argument name="state">
        <Description>
          A Map containing state information.
        </Description>
      </Argument>
    </Inputs>
    <Returns>
      <Argument name="resourceObject">
        <Description>
          The updated resource object.
        </Description>
      </Argument>
    </Returns>
  </Signature>
  <Source>
  import org.apache.log4j.Logger;
  Logger loggerObj = Logger.getLogger("CF-ISAMLDAPDisable-Rule");
  loggerObj.info("**** Starting ISAM LDAP Aggreg Customization Rule ****");
loggerObj.info("Inside ISAM LDAP Aggreg Customization Rule, active status = "+object.get("active"));

loggerObj.info("Inside ISAM LDAP Aggreg Customization Rule, is active equal to false? - "+object.get("active")==false);

if(object.get("active")==false){
object.put("IIQDisabled",true);

loggerObj.info("Inside ISAM LDAP Aggreg Customization Rule, inside if block.");
}
loggerObj.info("#### Exiting ISAM LDAP Aggreg Customization Rule ####");</Source>
</Rule>