<?xml version='1.0' encoding='UTF-8'?>
<!DOCTYPE Rule PUBLIC "sailpoint.dtd" "sailpoint.dtd">
<Rule language="beanshell" name="CF-JMSIntegration-Rule">
  <Description>This rule handles the JMS invocations created by IIQ</Description>
  <ReferencedRules>
    <Reference class="sailpoint.object.Rule" name="CF-Constants-Rule"/>
  </ReferencedRules>
  <Signature returnType="String">
    <Returns>
      <Argument name="value">
        <Description>
          The string value created.
        </Description>
      </Argument>
    </Returns>
  </Signature>
  <Source>

  import com.tibco.tibjms.TibjmsQueueConnectionFactory;
  import java.io.*;
  import java.util.Vector;
  import javax.jms.*;
  package jms.messages.util;

import javax.jms.Connection;
import javax.jms.JMSException;
import javax.jms.Message;
import javax.jms.MessageConsumer;
import javax.jms.MessageListener;
import javax.jms.Queue;
import javax.jms.Session;
import javax.jms.TextMessage;


import com.tibco.tibjms.TibjmsConnectionFactory;
  
  import org.apache.log4j.Logger;

 Logger loggerObj = Logger.getLogger("com.carefirst.JMSHandler");
  loggerObj.info("###JMSIntegration @  Starting  JMSIntegration Rule");
  

  
  //AribaReqConsumerUtil m = new AribaReqConsumerUtil();
	//m.consumeMessage();
 // public void consumeMessage() throws Exception {
		  
		    TibjmsConnectionFactory tibjmsConnectionFactory = new TibjmsConnectionFactory(ISAM_LDAP_TIBCO_Q_HOSTNAME:ISAM_LDAP_TIBCO_Q_PORT);
		    Connection con = tibjmsConnectionFactory.createConnection(ISAM_LDAP_TIBCO_Q_USERNAME,ISAM_LDAP_TIBCO_Q_PASSWORD);
    loggerObj.info("ISAM_LDAP_QNAME:::"+ISAM_LDAP_QNAME);

		    try {
		    	  Session session = 
		    	      con.createSession(false, Session.AUTO_ACKNOWLEDGE);  // non-transacted session (more)
          loggerObj.info("session:::"+session);

		    	  Queue queue = session.createQueue(ISAM_LDAP_QNAME);         // only specifies queue name (more)

           loggerObj.info("queue:::"+queue);
		    	  MessageConsumer consumer = session.createConsumer(queue);
          

		    	  consumer.setMessageListener(new MessageListener() {
              loggerObj.info("consumer:::"+consumer);
              //Message msg;
          
          //onMessage(msg);
              
		    	    public void onMessage(Message msg) {
                loggerObj.info("onMessage:::"+msg);
		    	      try {
		    	        if (! (msg instanceof TextMessage))
		    	          throw new RuntimeException("no text message");
		    	         TextMessage tm = (TextMessage) msg;
                  loggerObj.info("tm:::"+tm);
                  
                 
		    	        System.out.println(tm.getText()); 
                  
                 // return "Return : "+msg;
                  // print message
		    	      }
		    	      catch (JMSException e) {
		    	        System.err.println("Error reading message");
		    	      }
		    	    }
              
		    	  });

		    	  con.start();                 
          									loggerObj.info("con Start:::"+con);// start the connection (more)
		    	 Thread.sleep(10*1000);                                 // receive messages for 60s (more)
		    }
    
		    	finally {
		    	 con.close();                                             // free all resources (more)
		    	}
		    
 
  //}
  //consumeMessage();
  
  
  
 

  </Source>
</Rule>