<?xml version='1.0' encoding='UTF-8'?>
<!DOCTYPE Rule PUBLIC "sailpoint.dtd" "sailpoint.dtd">
<Rule language="beanshell" name="CF-JMSConsumer-Rule">
  <Description>This rule handles the JMS invocations created by IIQ</Description>
  <ReferencedRules>
    <Reference class="sailpoint.object.Rule" name="CF-Constants-Rule"/>
  </ReferencedRules>
  <Signature returnType="String">
    <Returns>
      <Argument name="value">
        <Description>
          The string value created.
        </Description>
      </Argument>
    </Returns>
  </Signature>
  <Source>

  import com.tibco.tibjms.TibjmsQueueConnectionFactory;
  import java.io.*;
  import java.util.Vector;
  import javax.jms.*;
  package jms.messages.util;

  import javax.jms.Connection;
  import javax.jms.JMSException;
  import javax.jms.Message;
  import javax.jms.MessageConsumer;
  import javax.jms.MessageListener;
  import javax.jms.Queue;
  import javax.jms.Session;
  import javax.jms.TextMessage;

  import com.tibco.tibjms.TibjmsConnectionFactory;

  import org.apache.log4j.Logger;

  Logger loggerObj = Logger.getLogger("CF-JMSConsumer-Rule");
  loggerObj.info("###CareFirst-Rule-JMSConsumer @  Starting  CareFirst-Rule-JMSConsumer");



  //AribaReqConsumerUtil m = new AribaReqConsumerUtil();
  //m.consumeMessage();
  // public void consumeMessage() throws Exception {
  String ISAM_LDAP_QNAME = "TIBEMSQ.CIAM.ARIBA.PROVISIONING.RES";
  TibjmsConnectionFactory tibjmsConnectionFactory = new TibjmsConnectionFactory(ISAM_LDAP_TIBCO_Q_HOSTNAME:ISAM_LDAP_TIBCO_Q_PORT);
  Connection con = tibjmsConnectionFactory.createConnection(ISAM_LDAP_TIBCO_Q_USERNAME,ISAM_LDAP_TIBCO_Q_PASSWORD);
  loggerObj.info("###In JMSConsumer ISAM_LDAP_QNAME:::"+ISAM_LDAP_QNAME);

  try {
    Session session = 
      con.createSession(false, Session.AUTO_ACKNOWLEDGE);  // non-transacted session (more)
    loggerObj.info("In JMSConsumer ISAM_LDAP_QNAME::::::"+session);

    Queue queue = session.createQueue(ISAM_LDAP_QNAME);         // only specifies queue name (more)

    loggerObj.info("queue:::"+queue);
    MessageConsumer consumer = session.createConsumer(queue);

    loggerObj.info("###In JMSConsumer consumer:::"+consumer);

    consumer.setMessageListener(new MessageListener() {      
      //Message msg;
      //onMessage(msg);
      public void onMessage(Message msg) {
        loggerObj.info("###In JMSConsumer Message:::"+msg);
        try {
          if (! (msg instanceof TextMessage))
            throw new RuntimeException("no text message");
          TextMessage tm = (TextMessage) msg;
          loggerObj.info("###In JMSConsumer TextMessage:: ::"+tm);


          loggerObj.info(tm.getText()); 
          //loggerObj.info("###In JMSConsumer get text:: ::"+tm.getText());

          // return "Return : "+msg;
          // print message
        }
        catch (JMSException e) {
          System.err.println("Error reading message");
        }
      }

      //###added new code####
      /*
    Message message = consumer.receive(1000);
    loggerObj.info("message:::"+message);

    if (message instanceof TextMessage) {
      loggerObj.info("In if:::"+message);
      TextMessage textMessage = (TextMessage) message;

      loggerObj.info("In if textMessage:::"+textMessage);
      String text = textMessage.getText();
      loggerObj.info("In if text:::"+text);
      loggerObj.info("Received: " + text);
    } else {
      loggerObj.info("In else Received: " + message);
      
    }    
    */
      //###End###
    });

    con.start();                 
    //loggerObj.info("Tracing #3  con Start:::"+con);// start the connection (more)
    Thread.sleep(10*1000);                                 // receive messages for 60s (more)
  }

  finally {
    con.close();                                             // free all resources (more)
  }


  //}
  //consumeMessage();
  return "Success return from rule";

  </Source>
</Rule>