<?xml version='1.0' encoding='UTF-8'?>
<!DOCTYPE Rule PUBLIC "sailpoint.dtd" "sailpoint.dtd">
<Rule language="beanshell" name="CF-JMSHandleR-Rule" type="FieldValue">
  <Description>This rule handles the JMS invocations created by IIQ</Description>
  <ReferencedRules>
    <Reference class="sailpoint.object.Rule" name="CF-Constants-Rule"/>
  </ReferencedRules>
  <Signature>
    <Inputs>
      <Argument name="log">
        <Description>
          The log object associated with the SailPointContext.
        </Description>
      </Argument>
      <Argument name="context">
        <Description>
          A sailpoint.api.SailPointContext object that can be used to query the database if necessary.
        </Description>
      </Argument>
      <Argument name="plan">
        <Description>
          The ProvisioningPlan object on its way to the Connector.
        </Description>
      </Argument>
      <Argument name="application">
        <Description>
          The application object that references this before/after script.
        </Description>
      </Argument>
      <Argument name="result">
        <Description>
          The ProvisioningResult object returned by the connectors provision method. This can be null and in many cases the connector will  not return a result and instead will annotate the plan's ProvisioningResult either at the plan or account level.        
        </Description>
      </Argument>
    </Inputs>
  </Signature>
  <Source>
  
 import com.tibco.tibjms.TibjmsQueueConnectionFactory;
import java.io.*;
import java.util.Vector;
import javax.jms.*;
import javax.jms.Connection;
import javax.jms.Destination;
import javax.jms.JMSException;
import javax.jms.Message;
import javax.jms.MessageProducer;
import javax.jms.Queue;
import javax.jms.Session;
import javax.jms.TextMessage;
import com.tibco.tibjms.TibjmsConnectionFactory;
import org.apache.log4j.Logger;

 Logger loggerObj = Logger.getLogger("CF-JMSHandleR-Rule");
  loggerObj.info("###JMSHandler @  Starting  JMSHandler Rule");
  
  
   public void sendMessage(String message) throws Exception {
		  
		    TibjmsConnectionFactory tibjmsConnectionFactory = new TibjmsConnectionFactory(ISAM_LDAP_TIBCO_Q_HOSTNAME5:ISAM_LDAP_TIBCO_Q_PORT);
			 loggerObj.info("###JMSHandler @  before connection");
		    Connection conn = tibjmsConnectionFactory.createConnection(ISAM_LDAP_TIBCO_Q_USERNAME, ISAM_LDAP_TIBCO_Q_PASSWORD);
			 loggerObj.info("###JMSHandler @  after connection");

		    Session session = conn.createSession(false, 1);
		    MessageProducer msgProducer = session.createProducer(null);
		    loggerObj.info("Sending message to " + "" + ISAM_LDAP_QNAME);
		    loggerObj.info("payload = " + message);
		    try {
			loggerObj.info("###JMSHandler @  before sendMessage");
		      sendMessage(session, message, ISAM_LDAP_QNAME, msgProducer);
			  loggerObj.info("###JMSHandler @  after sendMessage");
		    } catch (JMSException e) {
			loggerObj.info("###JMSHandler @  exception "+e);
		      e.printStackTrace();
		    } catch (Throwable te) {
		    	te.printStackTrace();
		    } finally {
		      conn.close();
		    } 
		  }
		  
		  private void sendMessage(Session session, String message, String qname, MessageProducer msgProducer) throws JMSException {
		    if (message == null || message.trim().length() &lt;= 0)
		      return; 
		    TextMessage msg = session.createTextMessage(message);
		    Queue d = session.createQueue(qname);
			loggerObj.info("###JMSHandler @  before msg send ");
		    msgProducer.send((Destination)d, (Message)msg);
			loggerObj.info("###JMSHandler @  after msg send ");
		  }
		  
		  	   String message = "&lt;?xml version=\"1.0\" encoding=\"UTF-8\"?&gt;" +

				"&lt;ns0:ciamUser xmlns:ns0=\"types.ciam.security.carefirst.com\"&gt;" + "&lt;HEADER&gt;" + "&lt;TRN_HEADER&gt;"
				+ "&lt;MESSAGE_ID&gt;SailPoint-uid-000000001&lt;/MESSAGE_ID&gt;"
				+ "&lt;CORRELATION_ID&gt;3007a946-d3d1-4712-900e-a46955cc98af&lt;/CORRELATION_ID&gt;"
				+ "&lt;TRN_EVENT_TYPE&gt;AR&lt;/TRN_EVENT_TYPE&gt;" + "&lt;SRC_SYSTEM&gt;ARIBA&lt;/SRC_SYSTEM&gt;"
				+ "&lt;MSG_CREATION_TMSTMP&gt;2017-11-20T02:40:45.018-05:00&lt;/MSG_CREATION_TMSTMP&gt;" + "&lt;MODE&gt;REALTIME&lt;/MODE&gt;"
				+ "&lt;TRN_MSG_TYPE&gt;CFAAR&lt;/TRN_MSG_TYPE&gt;" + "&lt;TARGET_SYSTEM&gt;CIAM&lt;/TARGET_SYSTEM&gt;" + "&lt;/TRN_HEADER&gt;"
				+ "&lt;/HEADER&gt;" + "&lt;PRSN&gt;" + "&lt;APPLNS&gt;" + "&lt;APPLN&gt;" + "&lt;APPLN_NM&gt;ARIBA&lt;/APPLN_NM&gt;" + "&lt;USER_ACCT&gt;"
				+ "&lt;USER_ID&gt;jWilson10&lt;/USER_ID&gt;&lt;FRST_NM&gt;John&lt;/FRST_NM&gt;&lt;MID_NM&gt;N&lt;/MID_NM&gt;&lt;LAST_NM&gt;Smith&lt;/LAST_NM&gt;&lt;SSN&gt;0000&lt;/SSN&gt;" 
				+ "&lt;/USER_ACCT&gt;" + "&lt;/APPLN&gt;" + "&lt;/APPLNS&gt;" + "&lt;/PRSN&gt;"
				+ "&lt;/ns0:ciamUser&gt;";
  
  sendMessage(message);
  return "Success return from rule";

  </Source>
</Rule>