<?xml version='1.0' encoding='UTF-8'?>
<!DOCTYPE Rule PUBLIC "sailpoint.dtd" "sailpoint.dtd">
<Rule language="beanshell" name="CF-JMSReqVault-Enable-Rule" type="JDBCOperationProvisioning">
  <Description>This rule is used by the JDBC connector to do provisioning of the data .</Description>
  <ReferencedRules>
    <Reference class="sailpoint.object.Rule" name="CF-Constants-Rule"/>
  </ReferencedRules>
  <Signature returnType="ProvisioningResult"/>
  <Source>import java.sql.*;
import java.sql.Statement;
import sailpoint.object.Identity;
import sailpoint.object.ProvisioningResult;
import sailpoint.object.ProvisioningPlan.AccountRequest;
import sailpoint.object.ProvisioningPlan.GenericRequest;
import sailpoint.object.ProvisioningPlan.AttributeRequest;
import org.apache.log4j.Logger;

 Logger loggerObj = Logger.getLogger("CF-JMSReqVault-Enable-Rule");

ProvisioningResult result = new ProvisioningResult();
result.setStatus(ProvisioningResult.STATUS_COMMITTED);
Statement stmt=null;

loggerObj.info("Update request: "+request.toMap());

AccountRequest acctRequest = (AccountRequest) request;
String user = (String) acctRequest.getNativeIdentity();

Identity identity = context.getObject(Identity.class, user);



try{

String query = "UPDATE cft_pega_jms SET operation = '"+STR_ENABLE+"' WHERE emp_id='"+user+"'";
stmt = connection.createStatement();
stmt.executeUpdate(query);
loggerObj.info("Inside Update");
}catch(Exception e){
loggerObj.info("Caught Exception:"+e.getMessage());
result.addError(e.getMessage());
result.setStatus(ProvisioningResult.STATUS_FAILED);
}
finally{
if(stmt != null)
stmt.close();
}




return result;</Source>
</Rule>