<?xml version='1.0' encoding='UTF-8'?>
<!DOCTYPE Rule PUBLIC "sailpoint.dtd" "sailpoint.dtd">
<Rule language="beanshell" name="CF-JoinerTrigger-Rule" type="IdentityTrigger">
  <Description>This rule can be used for Certification Events that use rule triggers. The previousIdentity and newIdentity hold snapshots of the identity before the update has occurred and the state of the identity after the update, respectively.</Description>
  <ReferencedRules>
    <Reference class="sailpoint.object.Rule" name="CF-Constants-Rule"/>
  </ReferencedRules>
  <Signature returnType="boolean"/>
  <Source>import sailpoint.tools.Util;
import org.apache.log4j.Logger;


Logger mylogger = Logger.getLogger("com.carefirst.loggers");
mylogger.info("Starting Carefirst Joiner Trigger Rule");
	try{
	 String strAction = newIdentity.getAttribute(ATR_ACTION) != null ? newIdentity.getAttribute(ATR_ACTION) : "";
	 String strEmpStatus = newIdentity.getAttribute(ATR_HRSTATUS) != null ? newIdentity.getAttribute(ATR_HRSTATUS) : "";

    
   mylogger.info("**** Starting CareFirst Joiner Trigger Rule ****");

  
    
	 if(newIdentity != null &amp;&amp; previousIdentity == null &amp;&amp;  Util.isNotNullOrEmpty(strAction) &amp;&amp; Util.isNotNullOrEmpty(strEmpStatus) &amp;&amp; strAction.equalsIgnoreCase(STR_ACTION_HIR) &amp;&amp; strEmpStatus.equalsIgnoreCase("A")) {
             
		
     
		return true;
	  
	 }else{
	 return false;
	 }
	}
	catch(Exception e){
return false;
	}</Source>
</Rule>