<?xml version='1.0' encoding='UTF-8'?>
<!DOCTYPE Rule PUBLIC "sailpoint.dtd" "sailpoint.dtd">
<Rule language="beanshell" name="CF-JmsrequestVault-CreateProvision-Rule" type="JDBCOperationProvisioning">
  <Description>This rule is used by the JDBC connector to do provisioning of the data .</Description>
  <Signature returnType="ProvisioningResult">
    <Inputs>
      <Argument name="log">
        <Description>
          The log object associated with the SailPointContext.
        </Description>
      </Argument>
      <Argument name="context">
        <Description>
          A sailpoint.api.SailPointContext object that can be used to query the database if necessary.
        </Description>
      </Argument>
      <Argument name="application">
        <Description>The application whose data file is being processed.</Description>
      </Argument>
      <Argument name="schema">
        <Description>The Schema currently in use.</Description>
      </Argument>
      <Argument name="connection">
        <Description>A connection object to connect to database.</Description>
      </Argument>
      <Argument name="plan">
        <Description>The ProvisioningPlan created against the JDBC application.</Description>
      </Argument>
      <Argument name="request">
        <Description>The ProvisioningRequest created against the JDBC application.</Description>
      </Argument>
    </Inputs>
    <Returns>
      <Argument name="result">
        <Description>A Provisioning Result object is desirable to return the status.IT can be a new object or part of  Provisioning Plan</Description>
      </Argument>
    </Returns>
  </Signature>
  <Source>import java.util.List;
import java.sql.SQLException;
import java.sql.PreparedStatement;
import java.sql.Connection;
import java.sql.Statement;
import java.sql.ResultSet;
import java.sql.SQLException;
import java.util.Iterator;
import sailpoint.object.Filter;
import sailpoint.object.Identity;
import sailpoint.object.Link;
import sailpoint.api.IdentityService;
import sailpoint.object.QueryOptions;
import sailpoint.object.ProvisioningResult;
import sailpoint.object.ProvisioningPlan.AccountRequest;
import sailpoint.object.ProvisioningPlan.AttributeRequest;
import sailpoint.object.ProvisioningPlan.Operation;
 import org.apache.log4j.Logger;
    
Logger log = Logger.getLogger("CF-JmsrequestVault-CreateProvision-Rule");
 

log.info("-------------------JMS Create user Started-------------------"+plan);
String name = plan.getNativeIdentity();
log.info("Printing Provisioning plan" +plan.toXml());
Identity identity = context.getObjectByName( Identity.class , name );
log.info(" Native Identity : " + identity);
PreparedStatement statement = null;
String preparedStatementQuery = "insert into cft_pega_jms(emp_id,firstname,lastname,display_name,email,employee_type,middle_name,business_title,department_id,description,job_code,manager,location,company,business_unit,cost_center,mgr_pos_num,phone,job_title,eeo_job_group,employee_status,start_date,end_date,action,operation) values(?,?,?,?,?,?,?,?,?,?,?,?,?,?,?,?,?,?,?,?,?,?,?,?,?)";
log.info("preparedStatementQuery: " + preparedStatementQuery);

List accounts = plan.getAccountRequests();
log.info("accounts " + accounts);
ProvisioningResult provResult = new ProvisioningResult();
if(accounts.size() &gt; 0)
{
for(int i = 0; i &lt; accounts.size(); i++)
{
AccountRequest acctReq = accounts.get(i);
String EmployeeID = acctReq.getNativeIdentity();



log.info("EmployeeID ---"+EmployeeID);
AccountRequest.Operation op = acctReq.getOperation();
try
{
if(op==AccountRequest.Operation.Create)
{
log.info("connection " + connection);
statement = connection.prepareStatement(preparedStatementQuery);

statement.setString (1, EmployeeID);
if(acctReq.getAttributeRequest("firstname") != null){

statement.setString (2, acctReq.getAttributeRequest("firstname").getValue());
}else{
statement.setString (2, "");
}
if(acctReq.getAttributeRequest("lastname") != null){
statement.setString (3, acctReq.getAttributeRequest("lastname").getValue());
}else{
statement.setString (3, "");
}
if(acctReq.getAttributeRequest("display_name") != null){
statement.setString (4, acctReq.getAttributeRequest("display_name").getValue());
}
else{
statement.setString (4, "");
}
if(acctReq.getAttributeRequest("email") != null){
statement.setString (5, acctReq.getAttributeRequest("email").getValue());
}
else{
statement.setString (5, "");
}
if(acctReq.getAttributeRequest("employee_type") != null){
statement.setString (6, acctReq.getAttributeRequest("employee_type").getValue());
}
else{
statement.setString (6, "");
}
if(acctReq.getAttributeRequest("middle_name") != null){
statement.setString (7, acctReq.getAttributeRequest("middle_name").getValue());
}
else{
statement.setString (7, "");
}
if(acctReq.getAttributeRequest("business_title") != null){
statement.setString (8, acctReq.getAttributeRequest("business_title").getValue());
}else{
statement.setString (8, "");
}
if(acctReq.getAttributeRequest("department_id") != null){
statement.setString (9, acctReq.getAttributeRequest("department_id").getValue());
}else{
statement.setString (9, "");
}
if(acctReq.getAttributeRequest("description") != null){
statement.setString (10, acctReq.getAttributeRequest("description").getValue());
}else{
statement.setString (10, "");
}
if(acctReq.getAttributeRequest("job_code") != null){
statement.setString (11, acctReq.getAttributeRequest("job_code").getValue());
}else{
statement.setString (11, "");
}
if(acctReq.getAttributeRequest("manager") != null){
statement.setString (12, acctReq.getAttributeRequest("manager").getValue());
}else{
statement.setString (12, "");
}
if(acctReq.getAttributeRequest("location") != null){
statement.setString (13, acctReq.getAttributeRequest("location").getValue());
}else{
statement.setString (13, "");
}
if(acctReq.getAttributeRequest("company") != null){
statement.setString (14, acctReq.getAttributeRequest("company").getValue());
}else{
statement.setString (14, "");
}
if(acctReq.getAttributeRequest("business_unit") != null){
statement.setString (15, acctReq.getAttributeRequest("business_unit").getValue());
}else{
statement.setString (15, "");
}
if(acctReq.getAttributeRequest("cost_center") != null){
statement.setString (16, acctReq.getAttributeRequest("cost_center").getValue());
}else{
statement.setString (16, "");
}
if(acctReq.getAttributeRequest("mgr_pos_num") != null){
statement.setString (17, acctReq.getAttributeRequest("mgr_pos_num").getValue());
}else{
statement.setString (17, "");
}
if(acctReq.getAttributeRequest("phone") != null){
statement.setString (18, acctReq.getAttributeRequest("phone").getValue());
}else{
statement.setString (18, "");
}
if(acctReq.getAttributeRequest("job_title") != null){
statement.setString (19, acctReq.getAttributeRequest("job_title").getValue());
}else{
statement.setString (19, "");
}
if(acctReq.getAttributeRequest("eeo_job_group") != null){
statement.setString (20, acctReq.getAttributeRequest("eeo_job_group").getValue());
}else{
statement.setString (20, "");
}
if(acctReq.getAttributeRequest("employee_status") != null){
statement.setString (21, acctReq.getAttributeRequest("employee_status").getValue());
}else{
statement.setString (21, "");
}
if(acctReq.getAttributeRequest("start_date") != null){
statement.setString (22, acctReq.getAttributeRequest("start_date").getValue());
}else{
statement.setString (22, "");
}
if(acctReq.getAttributeRequest("end_date") != null){
statement.setString (23, acctReq.getAttributeRequest("end_date").getValue());
}else{
statement.setString (23, "");
}
if(acctReq.getAttributeRequest("action") != null){
statement.setString (24, acctReq.getAttributeRequest("action").getValue());
}else{
statement.setString (24, "");
}if(acctReq.getAttributeRequest("operation") != null){
statement.setString (25, acctReq.getAttributeRequest("operation").getValue());
}else{
statement.setString (25, "");
}

log.info("Before Execuite"+preparedStatementQuery);
statement.executeUpdate();
provResult.setStatus( ProvisioningResult.STATUS_COMMITTED );
log.info("-------------------JMS  Create user Successful-------------------");

}
}
catch( SQLException e ) {
provResult.setStatus( ProvisioningResult.STATUS_FAILED );
provResult.addError( e );
}
}
}
log.info("-------------------JMS Create user Completed-------------------");</Source>
</Rule>