<?xml version='1.0' encoding='UTF-8'?>
<!DOCTYPE Rule PUBLIC "sailpoint.dtd" "sailpoint.dtd">
<Rule language="beanshell" name="CF-LDAP-ManagerDn-Rule" type="IdentityAttributeTarget">
  <Description>Identity attribute target rules are used to transform identity attribute values that are being pushed to targets.</Description>
  <ReferencedRules>
    <Reference class="sailpoint.object.Rule" name="CF-Constants-Rule"/>
  </ReferencedRules>
  <Signature returnType="Object"/>
  <Source>import sailpoint.object.Identity;
import sailpoint.object.Application;
import sailpoint.api.IdentityService;
import java.util.List;
import sailpoint.object.*;
import org.apache.log4j.Logger;

Logger mylogger = Logger.getLogger("CF-LDAP-ManagerDn-Rule");
if (null != identity) {
    try {
        String managerDN = null;

        Application adApp = context.getObjectByName(Application.class, STR_ISAM_LDAP);
        IdentityService identityServ = new IdentityService(context);
        if (null != identity.getManager()) {
            Identity managerObj = identity.getManager();
            //mylogger.info("Getting Manager Object from the Identity");
          mylogger.info("Getting Manager Object from the Identity");
            List adLinks = identityServ.getLinks(managerObj, adApp);
            if (null != adLinks) {
                Link adLink = adLinks.get(0);
                //mylogger.info("Getting the manager DN from ISAM LDAP link");
             
                managerDN = adLink.getNativeIdentity();
                return managerDN;
            }

        }

    } catch (Exception e) {
        //logger.error("got the error in manager update rule");
        //logger.error(e);
    }
}</Source>
</Rule>