<?xml version='1.0' encoding='UTF-8'?>
<!DOCTYPE Rule PUBLIC "sailpoint.dtd" "sailpoint.dtd">
<Rule language="beanshell" name="CF-LOADCIAMUserRoleData-Rule">
  <Description>This rule is used to load user into CIAM table</Description>
  <Signature>
    <Inputs>
      <Argument name="log">
        <Description>
          The log object associated with the SailPointContext.
        </Description>
      </Argument>
      <Argument name="context">
        <Description>
          A sailpoint.api.SailPointContext object that can be used to query the database if necessary.
        </Description>
      </Argument>
    </Inputs>
    <Returns>
      <Argument name="count"/>
    </Returns>
  </Signature>
  <Source>
import java.io.File;
  import java.util.List;
  import java.util.HashMap;
  import sailpoint.tools.Util;
  import sailpoint.object.Application;
  import sailpoint.object.Bundle;
  import sailpoint.object.Custom;
  import sailpoint.object.Classification;
  import sailpoint.object.ObjectClassification;
  import sailpoint.object.Identity;
  import sailpoint.object.IdentitySelector;
  import sailpoint.object.IdentitySelector.MatchExpression;
  import sailpoint.object.IdentitySelector.MatchTerm;
  import sailpoint.object.IdentitySelector.MatchTerm.Type;
  import sailpoint.object.Link;
  import sailpoint.object.Profile;
  import sailpoint.object.Filter;
  import sailpoint.object.Filter.LeafFilter;
  import sailpoint.object.QueryOptions;
  import sailpoint.object.Schema;
  import sailpoint.object.ManagedAttribute;
  import sailpoint.tools.RFC4180LineIterator;
  import sailpoint.tools.RFC4180LineParser;
  import java.sql.Connection;
import java.sql.DriverManager;
import java.sql.*;
import sailpoint.object.TaskDefinition;
import sailpoint.object.TaskResult;
 import org.apache.log4j.Logger;
 Logger mylogger = Logger.getLogger("CF-LOADCIAMUserRoleData-Rule");
  public dbInsert(HashMap m){
String username = "identityiq";
    String password = "$ailPoin12020";
   String url = "jdbc:sqlserver://sv-spidsql-p1.carefirst.com";
    
    
     //String url  = "jdbc:sqlserver://sv-spidsql-p1.carefirst.com:1433//identityiq";
    Class.forName("com.mysql.cj.jdbc.Driver").newInstance();
    
    Connection connection = DriverManager.getConnection(url, username, password);
   // mylogger.info("connection............................"+connection);
    String Employee_id = m.get("Employee ID");
    String Employee_num = ("000000" + Employee_id).substring(Employee_id.length());
    
    //String Employee_num = ("000000" + Employee_id).substring(Employee_id.length());
    Identity RPTS2 =context.getObjectByName(Identity.class,Employee_num);
    
    String USERID = RPTS2.getAttribute("userid");
    String ROLE_NM = m.get("ROLE NAME");
    
    PreparedStatement statement = null;
   //statement = connection.prepareStatement(sqlQuery);

    String sqlQuery = "INSERT INTO [identityiq].[dbo].[CIAM_ROLESYNC_TABLE](Native_Identity,Requestor_Networkid,Role_name) values(?,?,?)";
    
    statement = connection.prepareStatement(sqlQuery);
    if(Employee_num !=null){
      statement.setString(1, Employee_num);
    }else {
      statement.setString(1, "");
    }
    if(USERID !=null){
      statement.setString(2, USERID);
    }else {
      statement.setString(2, "");
    }
    if(ROLE_NM!=null){
      statement.setString(3, ROLE_NM);
    }else {
      statement.setString(3, "");
    }
    

    statement.executeUpdate();



    statement.close();
              connection.close();
      
  }
      

  String dlm = ",";

  
  //String csvFileName ="/home/iqadmin/Data//CIAM-UserRoleMapping_Delta_CSV.csv";
  String csvFileName = "//home//iqadmin//Data//BulkRoleImport//Role_Export//UsertoRole//Sample.csv";
  
File testFile = new File(csvFileName);
  if ((!testFile.exists()) || (testFile.isDirectory())) {
    System.out.println("Unable to find file: " + csvFileName);
    return;
  }

  mylogger.info("Importing Roles from: '" + csvFileName + "' ...");

  // Open the CSV file for reading.
  BufferedReader fileIn = new BufferedReader(new FileReader(csvFileName));

  RFC4180LineParser parser = new RFC4180LineParser(dlm);
  mylogger.info(" After RFC418 ");
  int lineCounter = 0;
  int userCount = 0;
  ArrayList headerStrings = new ArrayList();
  String thisLine = null;
  mylogger.info(" Before while ");
  while (null != (thisLine = fileIn.readLine())) {
    mylogger.info("Inside while ");

    List tokens = parser.parseLine(thisLine);
    mylogger.info(" tokens: " + tokens);

    if (lineCounter == 0) {
      mylogger.info(" Inside IF condition: ");
      // Header Line.
      // Assign indexes to each position.
      for (int i=0; i &lt; tokens.size(); i++) {
        headerStrings.add(tokens.get(i).trim());
      }         
    } else {
      // Data Line.  Read the data elements out.
      HashMap lineHash = new HashMap();
      mylogger.info(" Inside else condition: ");
      for (int i=0; i &lt; tokens.size(); i++) {
        String headerString = headerStrings.get(i);
        String valueString = tokens.get(i);
        if (null != valueString) { valueString = valueString.trim(); }
        mylogger.info("header " + headerString + " == " + valueString);
        lineHash.put(headerString, valueString);
                             
      }       
      //return lineHash;
      mylogger.info(" Before calling buildRole: " );
       dbInsert(lineHash);
      userCount++;
      mylogger.info(" Processing user number::: "+userCount);

    }

    lineCounter++;

    // Don't let objects accrue in memory, flush them out every so often.
    if ((lineCounter % 20) == 0) { context.decache(); }

  } 

  fileIn.close();

  mylogger.info("taskResult:::."+taskResult);
  if(null != taskResult){
taskResult.setAttribute("count",userCount);
    context.saveObject(taskResult);
    context.commitTransaction();
  }
    mylogger.info("User Count is:::"+userCount);


  //return "Success";
  //return "Success";


  </Source>
</Rule>