<?xml version='1.0' encoding='UTF-8'?>
<!DOCTYPE Rule PUBLIC "sailpoint.dtd" "sailpoint.dtd">
<Rule language="beanshell" name="CF-LeaverTrigger-Rule" type="IdentityTrigger">
  <Description>This rule can be used for Certification Events that use rule triggers. The previousIdentity and newIdentity hold snapshots of the identity before the update has occurred and the state of the identity after the update, respectively.</Description>
  <ReferencedRules>
    <Reference class="sailpoint.object.Rule" name="CF-Constants-Rule"/>
  </ReferencedRules>
  <Signature returnType="boolean">
    <Inputs>
      <Argument name="log">
        <Description>
          The log object associated with the SailPointContext.
        </Description>
      </Argument>
      <Argument name="context">
        <Description>
          A sailpoint.api.SailPointContext object that can be used to query the database if necessary.
        </Description>
      </Argument>
      <Argument name="previousIdentity">
        <Description>
          The identity before the refresh/aggregation (this will be null when an
          identity is created).
        </Description>
      </Argument>
      <Argument name="newIdentity">
        <Description>
          The identity after the refresh/aggregation (this will be null when an
          identity is deleted).
        </Description>
      </Argument>
    </Inputs>
    <Returns>
      <Argument name="result">
        <Description>
          A boolean describing the result of the rule.
        </Description>
      </Argument>
    </Returns>
  </Signature>
  <Source>import sailpoint.tools.Util;
  import org.apache.log4j.Logger;
  import java.text.*;
  import java.util.Calendar;
  import java.util.Date;
  import java.time.LocalDateTime;
  import java.time.format.DateTimeFormatter;
  
  
  
  Logger mylogger = Logger.getLogger("CF-LeaverTrigger-Rule");

  mylogger.info("Starting Carefirst Leaver Trigger Rule");

  try{
    String strAction_old = previousIdentity.getAttribute(ATR_ACTION) != null ? previousIdentity.getAttribute(ATR_ACTION) : "";
    String strEmpStatus_old = previousIdentity.getAttribute(ATR_HRSTATUS) != null ? previousIdentity.getAttribute(ATR_HRSTATUS) : "";
    String strAction = newIdentity.getAttribute(ATR_ACTION) != null ? newIdentity.getAttribute(ATR_ACTION) : "";
    String actionDate = newIdentity.getAttribute(ATR_ENDDATE) != null ? newIdentity.getAttribute(ATR_ENDDATE) : "";
    String strEmpStatus = newIdentity.getAttribute(ATR_HRSTATUS) != null ? newIdentity.getAttribute(ATR_HRSTATUS) : "";
    SimpleDateFormat sdf = new SimpleDateFormat("dd-MMM-yy");
    String termDate=newIdentity.getAttribute("termdate");
    Date actualTermDatee=  sdf.parse(termDate);
    Date currentDate = new Date();
    String currentDateString= sdf.format(currentDate);
    Date actualCurrentDate=  sdf.parse(currentDateString);

    if(newIdentity != null &amp;&amp; previousIdentity != null &amp;&amp;  Util.isNotNullOrEmpty(strAction) &amp;&amp;  Util.isNotNullOrEmpty(actionDate) &amp;&amp; Util.isNotNullOrEmpty(strEmpStatus) ) {

      Date actDate = new SimpleDateFormat("dd-MMM-yy").parse(actionDate);
      Date cDate = new Date();
      SimpleDateFormat  simpleDT= new SimpleDateFormat("dd-MMM-yy");
      String currentDateString=simpleDT.format(cDate);
      Date currentDate =simpleDT.parse(currentDateString);
      mylogger.info("Starting Carefirst Leaver Trigger Rule, currentDate = "+currentDate);
      SimpleDateFormat sdf = new SimpleDateFormat("HH:mm");
      Date triggerTime = sdf.parse("18:00");
      Date date = new Date();
      Date time = sdf.parse(sdf.format(date));
      if(actualTermDatee.compareTo(currentDate)&lt;0){ 
        mylogger.info("******comparision of actualTermDatee with currentDate********"+actualTermDatee);
        //to check if the user's previous ACTION and hrStatus should NOT be any of the following      
        if(!(((strAction_old.equalsIgnoreCase(STR_ACTION_TER) &amp;&amp; strEmpStatus_old.equalsIgnoreCase(STR_HRSTATUS_I)) || (strAction_old.equalsIgnoreCase(STR_ACTION_TWP) &amp;&amp; strEmpStatus_old.equalsIgnoreCase(STR_HRSTATUS_I))|| (strAction_old.equalsIgnoreCase(STR_ACTION_RET) &amp;&amp; strEmpStatus_old.equalsIgnoreCase(STR_HRSTATUS_I) ) || (strAction_old.equalsIgnoreCase(STR_ACTION_RWP) &amp;&amp; strEmpStatus_old.equalsIgnoreCase(STR_HRSTATUS_I) ) || (strAction_old.equalsIgnoreCase(STR_ACTION_COM) &amp;&amp; strEmpStatus_old.equalsIgnoreCase(STR_HRSTATUS_I))))){
          if(newIdentity.isInactive() &amp;&amp; ( (actualTermDatee != null)&amp;&amp;((strAction.equalsIgnoreCase(STR_ACTION_TER) &amp;&amp; strEmpStatus.equalsIgnoreCase(STR_HRSTATUS_I) ) || (strAction.equalsIgnoreCase(STR_ACTION_TWP) &amp;&amp; strEmpStatus.equalsIgnoreCase(STR_HRSTATUS_I))|| (strAction.equalsIgnoreCase(STR_ACTION_RET) &amp;&amp; strEmpStatus.equalsIgnoreCase(STR_HRSTATUS_I) ) || (strAction.equalsIgnoreCase(STR_ACTION_RWP) &amp;&amp; strEmpStatus.equalsIgnoreCase(STR_HRSTATUS_I) ) || (strAction.equalsIgnoreCase(STR_ACTION_COM) &amp;&amp; strEmpStatus.equalsIgnoreCase(STR_HRSTATUS_I))))){
            return true;  

          }
        }
      }

      // **** Check the variable names and syntax in the below condition ****
      else if(actualTermDatee.compareTo(currentDate)==0 &amp;&amp; time.after(triggerTime)){
        if(newIdentity.isInactive() &amp;&amp; 
           ((actualTermDatee != null)&amp;&amp;
            (
              (strAction.equalsIgnoreCase(STR_ACTION_TER) &amp;&amp; strEmpStatus.equalsIgnoreCase(STR_HRSTATUS_I) ) || 
              (strAction.equalsIgnoreCase(STR_ACTION_TWP) &amp;&amp; strEmpStatus.equalsIgnoreCase(STR_HRSTATUS_I))|| 
              (strAction.equalsIgnoreCase(STR_ACTION_RET) &amp;&amp; strEmpStatus.equalsIgnoreCase(STR_HRSTATUS_I) ) || 
              (strAction.equalsIgnoreCase(STR_ACTION_RWP) &amp;&amp; strEmpStatus.equalsIgnoreCase(STR_HRSTATUS_I) ) || 
              (strAction.equalsIgnoreCase(STR_ACTION_COM) &amp;&amp; strEmpStatus.equalsIgnoreCase(STR_HRSTATUS_I))))){
          if((newIdentity.getAttribute("isLeaverProcessed") == null) ||(!newIdentity.getAttribute("isLeaverProcessed").equalsIgnoreCase("true"))){
            // **** check and initialize the variables ****
            previousIdentity.setAttribute("isLeaverProcessed","true");
            newIdentity.setAttribute("isLeaverProcessed","true");
            context.startTransaction();
            context.saveObject(newIdentity);
            context.commitTransaction();
            context.attach(newIdentity);
            return true; 
          }
        }

      }
      else
      {
        return false;
      }
    }
    else
    {
      return false;
    }
  }
  catch(Exception e){
    mylogger.info("**** Exiting CareFirst Leaver Trigger Rule - from catch block due to exception, with return value as false ****"+e);
    return false;
  }  
  </Source>
</Rule>