<?xml version='1.0' encoding='UTF-8'?>
<!DOCTYPE Rule PUBLIC "sailpoint.dtd" "sailpoint.dtd">
<Rule language="beanshell" name="CF-LeaverDisableSkypeHomeDirectoryExchange-Rule" type="ConnectorAfterCreate">
  <Attributes>
    <Map>
      <entry key="ObjectOrientedScript" value="true"/>
      <entry key="disabled" value="false"/>
      <entry key="extension" value=".ps1"/>
      <entry key="program" value="powershell.exe"/>
      <entry key="timeout" value="1000"/>
    </Map>
  </Attributes>
  <Description>
    An IdentityIQ Server-Side rule that is executed AFTER the connector's provisioning method is called. 
    This rule is called after accounts have been created on the underlying AD domain.
  </Description>
  <Signature>
    <Inputs>
      <Argument name="log">
        <Description>
          The log object associated with the SailPointContext.
        </Description>
      </Argument>
      <Argument name="context">
        <Description>
          A sailpoint.api.SailPointContext object that can be used to query the database if necessary.
        </Description>
      </Argument>
      <Argument name="plan">
        <Description>
          The ProvisioningPlan object on its way to the Connector.
        </Description>
      </Argument>
      <Argument name="application">
        <Description>
          The application object that references this before/after script.
        </Description>
      </Argument>
    </Inputs>
  </Signature>
  <Source>  
  Add-type -path E:\IQService\IQService\utils.dll


$timeStamp = get-Date

ECHO `r`n "**************************************************"  |Add-Content -path E:\Test\CF-LeaverDisableSkypeHomeDirectoryExchange-Logs.txt -FORCE        
ECHO $timeStamp |Add-Content -path E:\Test\CF-LeaverDisableSkypeHomeDirectoryExchange-Logs.txt -FORCE        
ECHO "**** Starting CF-LeaverDisableSkypeHomeDirectoryExchangeTest-Rule ****"|Add-Content -path E:\Test\CF-LeaverDisableSkypeHomeDirectoryExchange-Logs.txt -FORCE        
  
  
# $TermID = terminated user id,
# $TermSMTP = terminated user email address
# $TermEA14 = termimated user extension attribute 14,
# $TermUPN=terminated user user prinicipal name
# $TermHDr=terminated user home drive location
# $MgrID = terminated user manager id

    $sReader = New-Object System.IO.StringReader([System.String]$env:Request); 
    $xmlReader = [System.xml.XmlTextReader]([sailpoint.Utils.xml.XmlUtil]::getReader($sReader)); 
    $requestObject = New-Object Sailpoint.Utils.objects.AccountRequest($xmlReader);

    foreach ($attribute in $requestObject.AttributeRequests){
        if($attribute.Name -eq "sAMAccountName"){
        [string]$TermID = $attribute.Value
        }
        

        if($attribute.Name -eq "manager"){
        [string]$MgrID = $attribute.Value
        }
    }
    
    #PowerShell command to call the code with the input parameters
      $ScriptPath = "E:\scripts\term-user.ps1"      
    . $ScriptPath $TermID $MgrID
   
  

      
    ECHO "TermID = "$TermID|Add-Content -path E:\Test\CF-LeaverDisableSkypeHomeDirectoryExchange-Logs.txt -FORCE           
    ECHO "MgrID = "$MgrID|Add-Content -path E:\Test\CF-LeaverDisableSkypeHomeDirectoryExchange-Logs.txt -FORCE        

  
  
ECHO "########################################################" `r`n |Add-Content -path E:\Test\CF-LeaverDisableSkypeHomeDirectoryExchange-Logs.txt -FORCE        

  </Source>
</Rule>