<?xml version='1.0' encoding='UTF-8'?>
<!DOCTYPE Rule PUBLIC "sailpoint.dtd" "sailpoint.dtd">
<Rule language="beanshell" name="CF-LinuxApplication-CreationRule-Rule" type="IdentityCreation">
  <Description>Identity creation rules are used to set attributes on new Identity objects when they are created.  New identities may be created during the aggregation of application accounts, or optionally created after pass-through authentication.

    One common operation is to change the name property of the identity when the default application name is complex (such as a directory DN).

    Another common operation is to assign a set of initial capabilities based on the attributes pulled from the application account.</Description>
  <ReferencedRules>
    <Reference class="sailpoint.object.Rule" name="CF-Constants-Rule"/>
  </ReferencedRules>
  <Signature returnType="void">
    <Inputs>
      <Argument name="log">
        <Description>
          The log object associated with the SailPointContext.
        </Description>
      </Argument>
      <Argument name="context">
        <Description>
          A sailpoint.api.SailPointContext object that can be used to query the database if necessary.
        </Description>
      </Argument>
      <Argument name="environment" type="Map">
        <Description>
          Arguments passed to the aggregation task.
        </Description>
      </Argument>
      <Argument name="application">
        <Description>
          Application being aggregated.
        </Description>
      </Argument>
      <Argument name="account" type="ResourceObject">
        <Description>
          The resource account for the identity being created.
        </Description>
      </Argument>
      <Argument name="identity" type="Identity">
        <Description>
          The identity that is being created.
        </Description>
      </Argument>
    </Inputs>
  </Signature>
  <Source>
  import java.util.Map;
  import java.util.HashMap;
  import java.util.List;
  import sailpoint.object.Filter;
  import sailpoint.object.Identity;
  import sailpoint.object.Attributes;
  import sailpoint.object.QueryOptions;
  import sailpoint.object.Custom;
  import java.util.Date;
  import sailpoint.tools.Util;
  import java.text.SimpleDateFormat;
  import org.apache.log4j.Logger;
  import sailpoint.api.PasswordGenerator;
  import sailpoint.object.PasswordPolicy;
  import sailpoint.object.EmailTemplate;
  import sailpoint.object.EmailOptions;

Logger mylogger = Logger.getLogger("CF-LinuxApplication-CreationRule-Rule");
  mylogger.info("Entering Rule:CF-UnixCreationRule-Rule"); 

  Custom managerInfo= context.getObjectByName(Custom.class,"CF-SAR-ServiceAccountsManagerMapping");
  Custom customObj=context.getObjectByName(Custom.class,"CF-SAR-ServiceAccountsExclusionList");
  List userList=customObj.getAttributes().get("excludeaccounts"); 

  String identityUserID=account.getAttribute("username"); 

  mylogger.info("**** Inside 1st if ****"+identityUserID);

  if(identityUserID!=null){
   
     
              //identity.setAttribute(ATR_USERID,identityUserID);
        String manager=managerInfo.get(identityUserID);

        if(manager!=null)
        {
          String managerEmpNo = ("000000"+manager).substring(manager.length());
          mylogger.info("Employee Number"+managerEmpNo);
          Identity supervisor=context.getObjectByName(Identity.class,managerEmpNo);
          String managerStatus=supervisor.getAttribute(ATR_HRSTATUS);
          if(managerStatus.equals("A"))
          {
            identity.setManager(supervisor);
          }
          else
          {
            identity.setManager(context.getObjectByName(Identity.class,"032948"));
          }

        }
        else
        {
          Identity supervisor=context.getObjectByName(Identity.class,"032948");
          identity.setManager(supervisor);
        }    

        identity.setName(identityUserID);
        identity.setInactive(true);
        identity.setAttribute("type", "ServiceAccounts");
        identity.setAttribute("displayName",account.getAttribute("Name"));
      }

    




    </Source>
</Rule>