<?xml version='1.0' encoding='UTF-8'?>
<!DOCTYPE Rule PUBLIC "sailpoint.dtd" "sailpoint.dtd">
<Rule language="beanshell" name="CF-LOADCIAMUsers-Rule">
  <Description>This rule is used to load user into CIAM table</Description>
  <Signature>
    <Inputs>
      <Argument name="log">
        <Description>
          The log object associated with the SailPointContext.
        </Description>
      </Argument>
      <Argument name="context">
        <Description>
          A sailpoint.api.SailPointContext object that can be used to query the database if necessary.
        </Description>
      </Argument>
    </Inputs>
    <Returns>
      <Argument name="count"/>
    </Returns>
  </Signature>
  <Source>
 import java.io.File;
  import java.util.List;
  import java.util.HashMap;
  import sailpoint.tools.Util;
  import sailpoint.object.Application;
  import sailpoint.object.Bundle;
  import sailpoint.object.Custom;
  import sailpoint.object.Classification;
  import sailpoint.object.ObjectClassification;
  import sailpoint.object.Identity;
  import sailpoint.object.IdentitySelector;
  import sailpoint.object.IdentitySelector.MatchExpression;
  import sailpoint.object.IdentitySelector.MatchTerm;
  import sailpoint.object.IdentitySelector.MatchTerm.Type;
  import sailpoint.object.Link;
  import sailpoint.object.Profile;
  import sailpoint.object.Filter;
  import sailpoint.object.Filter.LeafFilter;
  import sailpoint.object.QueryOptions;
  import sailpoint.object.Schema;
  import sailpoint.object.ManagedAttribute;
  import sailpoint.tools.RFC4180LineIterator;
  import sailpoint.tools.RFC4180LineParser;
  import java.sql.Connection;
import java.sql.DriverManager;
import java.sql.*;
import sailpoint.object.TaskDefinition;
import sailpoint.object.TaskResult;
 import org.apache.log4j.Logger;
 Logger mylogger = Logger.getLogger("CF-LOADCIAMUsers-Rule");
     //return connection;

  //String csvFileName ="////sv-tivdi-p2//e$//CareFirst//Data//BulkRoleImport//ImportRolesDemo//BusinessRoles.csv";

  public dbInsert(HashMap m){
    String username = "identityiq";
    String password = "$ailPoin12020";
   String url = "jdbc:sqlserver://sv-spidsql-p1.carefirst.com";
    
 /*String username = "identityiqdev";
    String password = "Identityiq123$";
    String url = "jdbc:sqlserver://sv-spidsql-d1.carefirst.com";*/
    
    Class.forName("com.mysql.cj.jdbc.Driver").newInstance();
    Connection connection = DriverManager.getConnection(url, username, password);
  mylogger.info("connection............................"+connection);
   PreparedStatement statement = null;
   //statement = connection.prepareStatement(sqlQuery);

    String sqlQuery = "INSERT INTO [identityiq].[dbo].[CIAM_USERS](EMP_ID,USER_ID,firstname,lastname,email,EMPLOYEE_TYPE,alter_empid,middle_name,job_title ,department_id,job_code,manager,location,company,business_unit,cost_center,eeo_job_group,EMPLOYEE_STATUS,supplier_name,start_date,end_date) values(?,?,?,?,?,?,?,?,?,?,?,?,?,?,?,?,?,?,?,?,?)";
    statement = connection.prepareStatement(sqlQuery);
    if(m.get("EMP_ID")!=null){
      statement.setString(1, m.get("EMP_ID"));
    }else {
      statement.setString(1, "");
    }
    if(m.get("USER_ID")!=null){
      statement.setString(2, m.get("USER_ID"));
    }else {
      statement.setString(2, "");
    }
    if(m.get("FRST_NM")!=null){
      statement.setString(3, m.get("FRST_NM"));
    }else {
      statement.setString(3, "");
    }
    if(m.get("LAST_NM")!=null){
      statement.setString(4, m.get("LAST_NM"));

    } else {
      statement.setString(4, "");

    }
    if(m.get("EMAL_ADDR")!=null){
      statement.setString(5, m.get("EMAL_ADDR"));
    }else {
      statement.setString(5, "");
    }
    if(m.get("EMPLOYEE_TYPE")!=null){
      statement.setString(6, m.get("EMPLOYEE_TYPE"));
    }else {
      statement.setString(6, "");
    }
    if(m.get("ALT_USER_ID")!=null){
      statement.setString(7, m.get("ALT_USER_ID"));
    }else {
      statement.setString(7, "");
    }
    if(m.get("MID_NM")!=null){
      statement.setString(8, m.get("MID_NM"));
    } else {
      statement.setString(8, "");
    }
    if(m.get("JOB_TITL")!=null){
      statement.setString(9, m.get("JOB_TITL"));
    }else {
      statement.setString(9, "");
    }
    if(m.get("department_id")!=null){
      statement.setString(10, m.get("department_id"));
    }else {
      statement.setString(10, "");
    }
    if(m.get("JOB_CD")!=null){
      statement.setString(11, m.get("JOB_CD"));
    }else {
      statement.setString(11, "");
    }

    if(m.get("MNGR_ID")!=null){
      statement.setString(12, m.get("MNGR_ID"));
    }else {
      statement.setString(12, "");
    }

     if(m.get("LOCN_CD")!=null){
      statement.setString(13, m.get("LOCN_CD"));
    }else {
      statement.setString(13, "");
    }
     if(m.get("CO_CD")!=null){
      statement.setString(14, m.get("CO_CD"));
    }else {
      statement.setString(14, "");
    }
 if(m.get("BU_CD")!=null){
      statement.setString(15, m.get("BU_CD"));
    }else {
      statement.setString(15, "");
    }
     
  if(m.get("CC")!=null){
      statement.setString(16, m.get("CC"));
    }else {
      statement.setString(16, "");
    }
if(m.get("EEO_CD")!=null){
      statement.setString(17, m.get("EEO_CD"));
    }else {
      statement.setString(17, "");
    }
    if(m.get("EMPLOYEE_STATUS")!=null){
      statement.setString(18, m.get("EMPLOYEE_STATUS"));
    }else {
      statement.setString(18, "");
    }
     if(m.get("SUPLR_NM")!=null){
      statement.setString(19, m.get("SUPLR_NM"));
    }else {
      statement.setString(19, "");
    }
if(m.get("IDNT_EFFT_DT")!=null){
      statement.setString(20, m.get("IDNT_EFFT_DT"));
    }else {
      statement.setString(20, "");
    }
    if(m.get("IDNT_EXPRN_DT")!=null){
      statement.setString(21, m.get("IDNT_EXPRN_DT"));
    }else {
      statement.setString(21, "");
    }


    statement.executeUpdate();



    statement.close();
      
  }
      

  String dlm = ",";

  //  String csvFileName ="//home//iqadmin//Data//BulkRoleImport//NNTestITRoles.csv";
  String csvFileName ="//home//iqadmin//Data//TestCIAMUser.csv";


  //String csvFileName ="////sv-tivdi-p2//e$//CareFirst//Data//BulkRoleImport//ImportRolesDemo//BusinessRoles.csv";

  File testFile = new File(csvFileName);
  if ((!testFile.exists()) || (testFile.isDirectory())) {
    mylogger.info("Unable to find file: " + csvFileName);
    return;
  }

  mylogger.info("Importing Roles from: '" + csvFileName + "' ...");

  // Open the CSV file for reading.
  BufferedReader fileIn = new BufferedReader(new FileReader(csvFileName));

  RFC4180LineParser parser = new RFC4180LineParser(dlm);
  mylogger.info(" After RFC418 ");
  int lineCounter = 0;
  int userCount = 0;
  ArrayList headerStrings = new ArrayList();
  String thisLine = null;
  mylogger.info(" Before while ");
  while (null != (thisLine = fileIn.readLine())) {
    mylogger.info("Inside while ");

    List tokens = parser.parseLine(thisLine);
    mylogger.info(" tokens: " + tokens);

    if (lineCounter == 0) {
      mylogger.info(" Inside IF condition: ");
      // Header Line.
      // Assign indexes to each position.
      for (int i=0; i &lt; tokens.size(); i++) {
        headerStrings.add(tokens.get(i).trim());
      }	  
    } else {
      // Data Line.  Read the data elements out.
      HashMap lineHash = new HashMap();
      mylogger.info(" Inside else condition: ");
      for (int i=0; i &lt; tokens.size(); i++) {
        String headerString = headerStrings.get(i);
        String valueString = tokens.get(i);
        if (null != valueString) { valueString = valueString.trim(); }
        mylogger.info("header " + headerString + " == " + valueString);
        lineHash.put(headerString, valueString);
		
      }	
      //return lineHash;
      mylogger.info(" Before calling buildRole: " );
       dbInsert(lineHash);
      userCount++;
      mylogger.info(" Processing user number::: "+userCount);

    }

    lineCounter++;

    // Don't let objects accrue in memory, flush them out every so often.
    if ((lineCounter % 20) == 0) { context.decache(); }

  } 

  fileIn.close();

  mylogger.info("taskResult:::."+taskResult);
  if(null != taskResult){
taskResult.setAttribute("count",userCount);
    context.saveObject(taskResult);
    context.commitTransaction();
  }
    mylogger.info("User Count is:::"+userCount);


  //return "Success";
  //return "Success";


  </Source>
</Rule>