<?xml version='1.0' encoding='UTF-8'?>
<!DOCTYPE Rule PUBLIC "sailpoint.dtd" "sailpoint.dtd">
<Rule language="beanshell" name="CF-Mover-Rule" type="IdentityTrigger">
  <Description>This rule can be used for Certification Events that use rule triggers. The previousIdentity and newIdentity hold snapshots of the identity before the update has occurred and the state of the identity after the update, respectively.</Description>
  <ReferencedRules>
    <Reference class="sailpoint.object.Rule" name="CF-Constants-Rule"/>
  </ReferencedRules>
  <Signature returnType="boolean">
    <Inputs>
      <Argument name="log">
        <Description>
          The log object associated with the SailPointContext.
        </Description>
      </Argument>
      <Argument name="context">
        <Description>
          A sailpoint.api.SailPointContext object that can be used to query the database if necessary.
        </Description>
      </Argument>
      <Argument name="previousIdentity">
        <Description>
          The identity before the refresh/aggregation (this will be null when an
          identity is created).
        </Description>
      </Argument>
      <Argument name="newIdentity">
        <Description>
          The identity after the refresh/aggregation (this will be null when an
          identity is deleted).
        </Description>
      </Argument>
    </Inputs>
    <Returns>
      <Argument name="result">
        <Description>
          A boolean describing the result of the rule.
        </Description>
      </Argument>
    </Returns>
  </Signature>
  <Source>
  import org.apache.log4j.Logger;
  Logger log = Logger.getLogger("CF-Mover-Rule");
log.info("Starting CF-Mover-Rule");
  log.info("****** Starting Mover"); 
  if(previousIdentity != null @and newIdentity !=null @and previousIdentity.getAttribute(ATR_EMPLOYEETYPE) !=null @and newIdentity.getAttribute(ATR_EMPLOYEETYPE) !=null @and newIdentity.getAttribute(ATR_COMPANY) != null @and previousIdentity.getAttribute(ATR_COMPANY) != null ){

    // CareFirst Associate to FEPOC Associate 
    //log.info("****** Inside CF-Mover-Rule:Previous identity Employee Type "+previousIdentity.getAttribute(ATR_EMPLOYEETYPE)); 
    //log.info("****** Inside CF-Mover-Rule:New Identity Employee Type   "+newIdentity.getAttribute(ATR_EMPLOYEETYPE)); 

    //log.info("****** Inside CF-Mover-Rule:New Identity Company   "+newIdentity.getAttribute(ATR_COMPANY)); 
    //log.info("****** Inside CF-Mover-Rule:Previous Identity Company   "+previousIdentity.getAttribute(ATR_COMPANY)); 

    String newIdeEmpType = newIdentity.getAttribute(ATR_EMPLOYEETYPE);
    String preIdeEmpType = previousIdentity.getAttribute(ATR_EMPLOYEETYPE);
    String newIdenComapny = newIdentity.getAttribute(ATR_COMPANY);
    String  preIdenComapny = previousIdentity.getAttribute(ATR_COMPANY);

    if(!newIdeEmpType.equalsIgnoreCase(preIdeEmpType)){

      //log.info("****** Inside CF-Mover-Rule:New Identity Employee Type IF Loop "+newIdeEmpType); 
      if(previousIdentity.getAttribute(ATR_HRSTATUS).equalsIgnoreCase(STR_HRSTATUS_I)){

        return true;

      }
    }
    if((newIdenComapny.equalsIgnoreCase(STR_FEPOCCOMPANY_SBP) @and !preIdenComapny.equalsIgnoreCase(STR_FEPOCCOMPANY_SBP)) @or (!newIdenComapny.equalsIgnoreCase(STR_FEPOCCOMPANY_SBP) @and preIdenComapny.equalsIgnoreCase(STR_FEPOCCOMPANY_SBP))){

      return true;
    }

    return false;
  }

  </Source>
</Rule>