<?xml version='1.0' encoding='UTF-8'?>
<!DOCTYPE Rule PUBLIC "sailpoint.dtd" "sailpoint.dtd">
<Rule language="beanshell" name="CF-ManagerDN-Rule" type="FieldValue">
  <Description>Identity attribute target rules are used to transform identity attribute values that are being pushed to targets.</Description>
  <ReferencedRules>
    <Reference class="sailpoint.object.Rule" name="CF-Constants-Rule"/>
  </ReferencedRules>
  <Signature returnType="Object"/>
  <Source>
	import sailpoint.object.Identity;
	import sailpoint.object.Application;
	import sailpoint.api.IdentityService;
	import java.util.List;
	import sailpoint.object.*;
	import org.apache.log4j.Logger;
  Logger log = Logger.getLogger("CF-ManagerApprovalAssignment-Rule");
if(null !=identity){
	try{
		String managerDN=null;

		Application adApp = context.getObjectByName(Application.class,STR_ACTIVE_DIRECTORY);
		IdentityService identityServ=new IdentityService(context);
		if(null != identity.getManager()){
			Identity managerObj=identity.getManager();
			//log.info("Getting Manager Object from the Identity");
			List adLinks=identityServ.getLinks(managerObj,adApp);
			if(null != adLinks){
				Link adLink=adLinks.get(0);
				//log.info("Getting the manager DN from AD link");
				managerDN=adLink.getNativeIdentity();
				return managerDN;
			}

		}

	}
	catch(Exception e){
	//logger.error("got the error in manager update rule");
	//logger.error(e);
	}
}


</Source>
</Rule>