<?xml version='1.0' encoding='UTF-8'?>
<!DOCTYPE Rule PUBLIC "sailpoint.dtd" "sailpoint.dtd">
<Rule language="beanshell" name="CF-MapEmailAndUserID-Rule" type="Correlation">
  <Description>
    Import template-defined Workgroups from a CSV file.
  </Description>
  <ReferencedRules>
    <Reference class="sailpoint.object.Rule" name="CF-Constants-Rule"/>
  </ReferencedRules>
  <Signature returnType="Map">
    <Inputs>
      <Argument name="log">
        <Description>
          The log object associated with the SailPointContext.
        </Description>
      </Argument>
      <Argument name="context">
        <Description>
          A sailpoint.api.SailPointContext object that can be used to query the database if necessary.
        </Description>
      </Argument>
    </Inputs>
  </Signature>
  <Source>
  
  import java.io.File;
  import java.util.List;
  import java.util.ArrayList;
  import java.util.HashMap;
  import sailpoint.tools.Util;
  import sailpoint.object.Application;
  import sailpoint.object.Bundle;
  import sailpoint.object.Classification;
  import sailpoint.object.ObjectClassification;
  import sailpoint.object.Identity;
  import sailpoint.object.IdentitySelector;
  import sailpoint.object.IdentitySelector.MatchExpression;
  import sailpoint.object.IdentitySelector.MatchTerm;
  import sailpoint.object.IdentitySelector.MatchTerm.Type;
  import sailpoint.object.Link;
  import sailpoint.object.Profile;
  import sailpoint.object.Filter;
  import sailpoint.object.QueryOptions;
  import sailpoint.object.Schema;
  import sailpoint.tools.RFC4180LineIterator;
  import sailpoint.tools.RFC4180LineParser;
  import sailpoint.object.Application;
  import sailpoint.object.Identity;
  import sailpoint.object.Link;
  import sailpoint.object.ProvisioningPlan;
  import sailpoint.object.ProvisioningPlan.AccountRequest;
  import sailpoint.object.ProvisioningPlan.AttributeRequest;
  import sailpoint.object.ProvisioningPlan.Operation;
  import sailpoint.object.Link;
  import sailpoint.object.Link;
  import sailpoint.api.Provisioner;
  import sailpoint.api.*;
  import sailpoint.tools.Util;
  import java.text.DateFormat;  
  import java.text.SimpleDateFormat;  
  import java.util.Date;  
  import java.util.Calendar;  
  import java.util.Date;
  import java.util.Date;
  import java.util.List;
  import sailpoint.api.ObjectUtil;
  import sailpoint.api.SailPointContext;
  import sailpoint.object.*;
  import sailpoint.object.Filter;
  import sailpoint.object.Identity;
  import sailpoint.object.NotificationConfig;
  import sailpoint.object.WorkItem;
  import sailpoint.object.EmailOptions;
  import sailpoint.object.EmailTemplate;
  import java.io.IOException;
  import java.io.FileNotFoundException;
  import java.io.PrintWriter;
  import org.apache.log4j.Logger;
  Logger log = Logger.getLogger("CF-MapEmailAndUserID-Rule");
  
  List missingUsers = new ArrayList();
  
				public void mapEmailUserId (HashMap workgroupHash){
							
							log.info("Key Values Map "+workgroupHash);
							String identity  = (String) workgroupHash.get("Native_identity");
          		String userid  = (String) workgroupHash.get("userid");
							String email  = (String) workgroupHash.get("email");
          		
				Identity currentUser = context.getObjectByName(Identity.class,identity);
		  
  							if(currentUser!=null){
							currentUser.setAttribute(ATR_USERID,userid);
							currentUser.setAttribute(ATR_EMAIL,email);
                  context.saveObject(currentUser);
        					context.commitTransaction();
  					}
						
          else{
            
            missingUsers.add(identity+","+userid+","+email);
            
          }
      }
  
  public void writeToLog (List usersList){
			
  PrintWriter pw = null;
            try {
                  pw = new PrintWriter(new File("//home//iqadmin//Data//userEmailUserIDLog.csv"));
                } catch (FileNotFoundException e) {
                     e.printStackTrace();
                }
            StringBuilder builder = new StringBuilder();
    
    for(String user:usersList){
      
            builder.append(user);
            builder.append('\n');
            pw.write(builder.toString());
            
    }
    pw.close();
  }
					
					// What delimiter do we want to use in the CSV file.
  String dlm = ",";
  
  String csvFileName ="//home//iqadmin//Data//userToEmailUserIDMapping.csv";
  //String csvFileName ="////sv-tivdi-p2//e$//CareFirst//Data//BulkRoleImport//ImportRolesDemo//BusinessRoles.csv";

  
  File testFile = new File(csvFileName);
  if ((!testFile.exists()) || (testFile.isDirectory())) {
    log.info("Unable to find file: " + csvFileName);
    return;
  }

  //log.info("Importing Workgroups from: '" + csvFileName + "' ...");

  // Open the CSV file for reading.
  BufferedReader fileIn = new BufferedReader(new FileReader(csvFileName));

  RFC4180LineParser parser = new RFC4180LineParser(dlm);
  //log.info(" After RFC418 ");
  int lineCounter = 0;
  ArrayList headerStrings = new ArrayList();
  String thisLine = null;
  //log.info(" Before while ");
  while (null != (thisLine = fileIn.readLine())) {
    //log.info("Inside while ");

    List tokens = parser.parseLine(thisLine);
    log.info(" tokens: " + tokens);

    if (lineCounter == 0) {
     // log.info(" Inside IF condition: ");
      // Header Line.
      // Assign indexes to each position.
      for (int i=0; i &lt; tokens.size(); i++) {
        headerStrings.add(tokens.get(i).trim());
      }	  
    } else {
      // Data Line.  Read the data elements out.
      HashMap lineHash = new HashMap();
     // System.out.println(" Inside else condition: ");
      for (int i=0; i &lt; tokens.size(); i++) {
        String headerString = headerStrings.get(i);
        String valueString = tokens.get(i);
        if (null != valueString) { valueString = valueString.trim(); }
        log.info ("header " + headerString + " == " + valueString);
        lineHash.put(headerString, valueString);
      }	
    //  log.info(" Before calling mapEmailUserId: " );
      mapEmailUserId (lineHash);
      //log.info(" After calling mapEmailUserId: " );

    }

    lineCounter++;

    // Don't let objects accrue in memory, flush them out every so often.
    //if ((lineCounter % 20) == 0) { context.decache(); }

  } 

  fileIn.close();
  
  writeToLog(missingUsers);

  return missingUsers;
  
  </Source>
</Rule>