<?xml version='1.0' encoding='UTF-8'?>
<!DOCTYPE Rule PUBLIC "sailpoint.dtd" "sailpoint.dtd">
<Rule language="beanshell" name="CF-ManagerApprovalAssignment-Rule" type="ApprovalAssignment">
  <Description>This example rule switches all of the owners to spadmin. The idea
    of this rule is to allow some customization of the approvals
    so the ownership can be calculated for cases where you might
    use and extended attribute or some other means outside our
    default mechanisms to derive the owner of the Approval.

    This rule is typically configured on the Approval Step
    in the LCM Provisioning Workflow or can be set on any
    steps based on the "Provisioning Approval" step
    library.

    Since 6.2</Description>
  <Signature returnType="null">
    <Inputs>
      <Argument type="log">
        <Description>
          The log object associated with the SailPointContext.
        </Description>
      </Argument>
      <Argument type="context">
        <Description>
          A sailpoint.api.SailPointContext object that can be used to query the database if necessary.
        </Description>
      </Argument>
      <Argument type="approvals">
        <Description>
          List of approvals generated by the approvalScheme, maybe null if there were no
          approvals enabled.
        </Description>
      </Argument>
      <Argument type="approvalSet">
        <Description>
          Representation of the cart, also found on the approvals generated by the
          default schemes.
        </Description>
      </Argument>
    </Inputs>
    <Returns>
      <Argument type="newApprovals">
        <Description>
          Return a lIst of Workflow.Approval objects that should be included
          during the approval process.
        </Description>
      </Argument>
    </Returns>
  </Signature>
  <Source>
  /*******
    * *
    * *
    * Rule: Approval Assignment Template *
    * Description: Approval Assignment Template *
    * Inputs: *
    * log - The log object associated with the SailPointContext. *
    * context - A sailpoint.api.SailPointContext object that can be used to query the database if necessary. *
    * approvals - List of approvals generated by the approvalScheme, maybe null if there were no *
    * approvals enabled. *
    * approvalSet - Representation of the cart, also found on the approvals generated by the *
    * default schemes. *
    * Returns: *
    * newApprovals - Return a lIst of Workflow.Approval objects that should be included *
    * during the approval process. *
    ******/


  import sailpoint.object.ApprovalSet;
  import sailpoint.object.ApprovalItem;
  import sailpoint.object.Workflow.Approval;
  import sailpoint.object.Workflow.Arg;
  import sailpoint.tools.xml.XMLObjectFactory;
  import sailpoint.workflow.IdentityApprovalGenerator;
  import sailpoint.api.ManagedAttributer;
  import org.apache.commons.logging.Log;
  import org.apache.commons.logging.LogFactory;
  import sailpoint.object.*;
  import java.util.*;
  import sailpoint.tools.Util;
  import org.apache.log4j.Logger;
	Logger log = Logger.getLogger("CF-ManagerApprovalAssignment-Rule");

  log.error("Inside ApprovalAssignmentRule");

Map approvalMap = new HashMap();
  //List newApprovals = new ArrayList();
  List approvalItems = approvalSet.getItems();
  Identity targetUser = context.getObjectByName(Identity.class,identityName);
  log.info("identityName :::"+identityName);
  log.info("targetUser :::"+targetUser);
  Identity managerObj=targetUser.getManager();
  log.info("managerObj :::"+managerObj);


  String approverName = managerObj.getName();
  String secondApprover = "spadmin";
  String thirdApprover = "spadmin";
  log.info("In Manager assignemnet rule approverName :::"+approverName);
  for(ApprovalItem item : approvalItems)
  {
    String requestedEntitlement ="";
    
    if (item.getDisplayValue() != null )
    {
   
      requestedEntitlement = item.getDisplayValue().trim();
      Bundle roleObject = context.getObjectByName(Bundle.class,requestedEntitlement);
      log.info("roleObject :::"+roleObject);
      String approvalFlow = roleObject.getAttribute("approvalFlow");
      log.info("In Manager assignemnet rule approval flow :::"+approvalFlow);
      //Identity roleOwner = roleObject.getOwner();
      //secondApprover = roleOwner.getName();
      //secondApprover = "33134";
      
      
      if(null != approvalFlow &amp;&amp; approvalFlow.contains(",")){
        if(approvalFlow.contains("manager")) 
        {
          ApprovalSet newSet = approvalMap.get(approvalFlow);
          log.info(" In Manager assignemnet rule newSet :::"+newSet);

    		if (newSet == null)
    		{
      		newSet = new ApprovalSet();
    		}
    		newSet.add(XMLObjectFactory.getInstance().clone(item, context));
        //approvalMap.put("100414",newSet);
          
      	approvalMap.put(approverName,newSet);
      
          }
        
      }
      
    }

  }

  //===== Generate the approval list from the approval map ====
  log.info("In Manager assignemnet rule Final Approval Map approvalMap :::"+approvalMap);

  IdentityApprovalGenerator iag = new IdentityApprovalGenerator(wfcontext);
  newApprovals = iag.buildApprovalsFromMap(approvalMap, null);
  return newApprovals;
  </Source>
</Rule>