<?xml version='1.0' encoding='UTF-8'?>
<!DOCTYPE Rule PUBLIC "sailpoint.dtd" "sailpoint.dtd">
<Rule language="beanshell" name="CF-ManagerValueChange-Rule" type="Listener">
  <Description>This rule can be used when the ObjectAttribute being listened to has changed.</Description>
  <Signature returnType="void">
    <Inputs>
      <Argument name="log">
        <Description>
          The log object associated with the SailPointContext.
        </Description>
      </Argument>
      <Argument name="context">
        <Description>
          A sailpoint.api.SailPointContext object that can be used to query the database if necessary.
        </Description>
      </Argument>
      <Argument name="environment">
        <Description>
          Optional arguments passed from the task executor, if the rule is running within a task.
        </Description>
      </Argument>
      <Argument name="identity">
        <Description>
          The identity which owns the attribute.
        </Description>
      </Argument>
      <Argument name="attributeDefinition">
        <Description>
          The definition of the ObjectAttribute.
        </Description>
      </Argument>
      <Argument name="attributeName">
        <Description>
          The name of the ObjectAttribute.
        </Description>
      </Argument>
      <Argument name="oldValue">
        <Description>
          The original value of the ObjectAttribute.
        </Description>
      </Argument>
      <Argument name="newValue">
        <Description>
          The new value of the ObjectAttribute.
        </Description>
      </Argument>
    </Inputs>
  </Signature>
  <Source>import sailpoint.object.EmailTemplate;
import sailpoint.object.EmailOptions;
 import org.apache.log4j.Logger;
  Logger log = Logger.getLogger("CF-ManagerValueChange-Rule");
  log.info("..Manager Value Change------------------------------------------------------"+oldValue+newValue);
  
  public void sendMail(String EmailTemplate,String requesterName,String oldValue,String newValue,String email,String value){
    if(EmailTemplate !=null){
                EmailTemplate template = context.getObjectByName(EmailTemplate.class, EmailTemplate);
        // String email = "Admin@carefirst.com";
      	EmailOptions options = new EmailOptions();
          options.setTo(email);                
          options.setVariable("requesterName", requesterName);
        options.setVariable("oldValue", oldValue);
        options.setVariable("newValue", newValue);
      options.setVariable("value", value);
        
      context.sendEmailNotification(template, options);
    }
        
        }
       
  if(oldValue !=null){
  if(oldValue !=null @and newValue !=null){
    if(!((oldValue.getName().toString()).equalsIgnoreCase(newValue.getName().toString()))){
      sendMail("CF-ValueChange-EmailTemplate",identity.getDisplayName().toString(),oldValue.getName().toString(),newValue.getName().toString(),identity.getEmail().toString(),"Manager");
      
    }
    
  }else if(oldValue !=null @and newValue ==null){
      sendMail("CF-ValueChange-EmailTemplate",identity.getDisplayName().toString(),oldValue.getName().toString(),"",identity.getEmail().toString(),"Manager");
      
      
    }else if(oldValue ==null @and newValue !=null){
      sendMail("CF-ValueChange-EmailTemplate",identity.getDisplayName().toString(),"",newValue.getName().toString(),identity.getEmail().toString(),"Manager");
      
    }else{
    
      
    }
  }</Source>
</Rule>