<?xml version='1.0' encoding='UTF-8'?>
<!DOCTYPE Rule PUBLIC "sailpoint.dtd" "sailpoint.dtd">
<Rule language="beanshell" name="CF-Mover-Old-Rule" type="IdentityTrigger">
  <Description>This rule can be used for Certification Events that use rule triggers. The previousIdentity and newIdentity hold snapshots of the identity before the update has occurred and the state of the identity after the update, respectively.</Description>
  <ReferencedRules>
    <Reference class="sailpoint.object.Rule" name="CF-Constants-Rule"/>
  </ReferencedRules>
  <Signature returnType="boolean">
    <Inputs>
      <Argument name="log">
        <Description>
          The log object associated with the SailPointContext.
        </Description>
      </Argument>
      <Argument name="context">
        <Description>
          A sailpoint.api.SailPointContext object that can be used to query the database if necessary.
        </Description>
      </Argument>
      <Argument name="previousIdentity">
        <Description>
          The identity before the refresh/aggregation (this will be null when an
          identity is created).
        </Description>
      </Argument>
      <Argument name="newIdentity">
        <Description>
          The identity after the refresh/aggregation (this will be null when an
          identity is deleted).
        </Description>
      </Argument>
    </Inputs>
    <Returns>
      <Argument name="result">
        <Description>
          A boolean describing the result of the rule.
        </Description>
      </Argument>
    </Returns>
  </Signature>
  <Source>
  import org.apache.log4j.Logger;
  Logger log = Logger.getLogger("CF-Mover-Old-Rule");
log.info("Starting CF-Mover-Old-Rule");
  if(previousIdentity != null @and newIdentity !=null){
  if(previousIdentity.getAttribute(ATR_EMPLOYEETYPE) !=null @and previousIdentity.getAttribute(ATR_EMPLOYEETYPE).equalsIgnoreCase(STR_EMPLOYEE) ){
    if(newIdentity.getAttribute(ATR_EMPLOYEETYPE) !=null @and newIdentity.getAttribute(ATR_EMPLOYEETYPE).equalsIgnoreCase("Contractor") ){
      return true;
    }
  }
  else if((previousIdentity.getAttribute(ATR_EMPLOYEETYPE) !=null @and previousIdentity.getAttribute(ATR_EMPLOYEETYPE).equalsIgnoreCase("Contractor"))@and (newIdentity.getAttribute(ATR_EMPLOYEETYPE) !=null @and newIdentity.getAttribute(ATR_EMPLOYEETYPE).equalsIgnoreCase(STR_EMPLOYEE) ) ){
    return true;

  }
  else if((previousIdentity.getAttribute(ATR_EMPLOYEETYPE) !=null @and previousIdentity.getAttribute(ATR_EMPLOYEETYPE).equalsIgnoreCase(STR_FEPOC_ASSOCIATE))@and (newIdentity.getAttribute(ATR_EMPLOYEETYPE) !=null @and newIdentity.getAttribute(ATR_EMPLOYEETYPE).equalsIgnoreCase(STR_FEPOC_CONTRACTOR) ) ){
    return true;

  }else if((previousIdentity.getAttribute(ATR_EMPLOYEETYPE) !=null @and previousIdentity.getAttribute(ATR_EMPLOYEETYPE).equalsIgnoreCase("STR_FEPOC_CONTRACTOR"))@and (newIdentity.getAttribute(ATR_EMPLOYEETYPE) !=null @and newIdentity.getAttribute(ATR_EMPLOYEETYPE).equalsIgnoreCase(STR_FEPOC_ASSOCIATE) ) ){
    return true;

  }else if((previousIdentity.getAttribute(ATR_EMPLOYEETYPE) !=null @and previousIdentity.getAttribute(ATR_EMPLOYEETYPE).startsWith("Carefirst"))@and (newIdentity.getAttribute(ATR_EMPLOYEETYPE) !=null @and newIdentity.getAttribute(ATR_EMPLOYEETYPE).equalsIgnoreCase("FEPOC") ) ){
    return true;

  }else if((previousIdentity.getAttribute(ATR_EMPLOYEETYPE) !=null @and previousIdentity.getAttribute(ATR_EMPLOYEETYPE).startsWith("FEPOC"))@and (newIdentity.getAttribute(ATR_EMPLOYEETYPE) !=null @and newIdentity.getAttribute(ATR_EMPLOYEETYPE).equalsIgnoreCase("Carefirst") ) ){
    return true;

  }
  else{
    return false;
  }
}</Source>
</Rule>