<?xml version='1.0' encoding='UTF-8'?>
<!DOCTYPE Rule PUBLIC "sailpoint.dtd" "sailpoint.dtd">
<Rule language="beanshell" name="CF-MiddleName-Rule" type="FieldValue">
  <Description>This rule can be used to generate a field value (eg - an account name) using data from the given Identity. If this rule is run in the context of a workflow step then the arguments passed into the step will also be available. Also, any field values that have been processed so far from the policy related to the Application/Role will be available.</Description>
  <ReferencedRules>
    <Reference class="sailpoint.object.Rule" name="CF-Constants-Rule"/>
  </ReferencedRules>
  <Signature returnType="String"/>
  <Source>import sailpoint.object.*;
import java.lang.Character;
import org.apache.log4j.Logger;
  Logger log = Logger.getLogger("CF-MiddleName-Rule");
log.info("Starting CF-MiddleName-Rule");
String middleName = "";
middleName = identity.getAttribute(ATR_MIDDLENAME);
if( null != middleName){
    middleName=Character.toString(middleName.charAt(0));
} 
return middleName;
</Source>
</Rule>