<?xml version='1.0' encoding='UTF-8'?>
<!DOCTYPE Rule PUBLIC "sailpoint.dtd" "sailpoint.dtd">
<Rule language="beanshell" name="CF-Native-HomeDrive-Rule" type="ConnectorAfterCreate">
  <Attributes>
    <Map>
      <entry key="ObjectOrientedScript" value="true"/>
      <entry key="disabled" value="false"/>
      <entry key="extension" value=".ps1"/>
      <entry key="program" value="powershell.exe"/>
      <entry key="timeout" value="450"/>
    </Map>
  </Attributes>
  <Description>
    An IdentityIQ Server-Side rule that is executed AFTER the connector's provisioning method is called. 
    This rule is called after accounts have been created on the underlying AD domain.
  </Description>
  <Signature>
    <Inputs>
      <Argument name="log">
        <Description>
          The log object associated with the SailPointContext.
        </Description>
      </Argument>
      <Argument name="context">
        <Description>
          A sailpoint.api.SailPointContext object that can be used to query the database if necessary.
        </Description>
      </Argument>
      <Argument name="plan">
        <Description>
          The ProvisioningPlan object on its way to the Connector.
        </Description>
      </Argument>
      <Argument name="application">
        <Description>
          The application object that references this before/after script.
        </Description>
      </Argument>
    </Inputs>
  </Signature>
  <Source>
   import sailpoint.object.Application;


  import sailpoint.object.Rule;
  import sailpoint.object.RpcRequest;
  import sailpoint.object.RpcResponse;
  import sailpoint.connector.RPCService;

  import sailpoint.object.ProvisioningPlan.AccountRequest;
  import sailpoint.object.ProvisioningPlan.AccountRequest.Operation;
  import sailpoint.object.ProvisioningPlan.AttributeRequest;
  import sailpoint.object.ProvisioningPlan.Operation;
  import sailpoint.object.*;
  import org.apache.log4j.Logger;
  Logger log = Logger.getLogger("CF-Native-HomeDrive-Rule");
log.info("Starting CF-Native-HomeDrive-Rule");


  
  if(null != null){
   
    Identity identity = plan.getIdentity();
    log.info("Inside Native-Rule Identity is "+identity);
  

  if(identity != null){
    AccountRequest accountRequest  = plan.getAccountRequest("Active Directory");
  Map data = new HashMap();
 // Rule ruleObj = context.getObjectByName(Rule.class,"CF-HomedriveAndHomedirectoryProvision-Rule");
Rule ruleObj = context.getObjectByName(Rule.class,"CF-HomedriveCreation-Rule");
   // Rule ruleObj = context.getObjectByName(Rule.class,"CF-ExchangeSetRemoteAttrs-Rule");
  //Rule ruleObj = context.getObjectByName(Rule.class,"CF-HomedirectoryCreate-Rule");
  
  //return ruleObj;
  data.put("postScript",ruleObj);

	data.put("Application", appObj.getAttributes());
  data.put("Request", accountRequest);
  
  String IQServiceServer = "sv-spidsvc-d1.carefirst.com";
  //String IQServiceServer = "SV-SPIDSVC-D3.carefirsttest.com";
  int IQServicePort = 5050;
  RPCService service = new RPCService(IQServiceServer,IQServicePort);
  service.setConnectorServices(new sailpoint.connector.DefaultConnectorServices());
  RpcRequest request = new RpcRequest("ScriptExecutor","runAfterScript",data);
// return data;
  RpcResponse response = service.execute(request);
  //return response;
     log.info("Inside Native-Rule Powershell Script Executed ");
  }
  }
  </Source>
</Rule>