<?xml version='1.0' encoding='UTF-8'?>
<!DOCTYPE Rule PUBLIC "sailpoint.dtd" "sailpoint.dtd">
<Rule language="beanshell" name="CF-OktaIdentityCorrelation-Rule" type="Correlation">
  <Description>Identity Correlation Rules are used to find identities to which new accounts can be attached.

    A correlation rule must return a Map with one of the specified Return arguments.</Description>
  <Signature returnType="Map">
    <Inputs>
      <Argument name="log">
        <Description>
          The log object associated with the SailPointContext.
        </Description>
      </Argument>
      <Argument name="context">
        <Description>
          A sailpoint.api.SailPointContext object that can be used to query the database if necessary.
        </Description>
      </Argument>
      <Argument name="environment" type="Map">
        <Description>
          Arguments passed to the aggregation task.
        </Description>
      </Argument>
      <Argument name="application">
        <Description>
          Application being aggregated.
        </Description>
      </Argument>
      <Argument name="account">
        <Description>
          A sailpoint.object.ResourceObject returned from the
          collector.
        </Description>
      </Argument>
      <Argument name="link">
        <Description>
          Existing link to this account.
        </Description>
      </Argument>
    </Inputs>
    <Returns>
      <Argument name="identityName">
        <Description>
          The name of an Identity object.
        </Description>
      </Argument>
      <Argument name="identity">
        <Description>
          A fully resolved Identity object if the rule wants
          to do its own queries to locate the identity.
        </Description>
      </Argument>
      <Argument name="identityAttributeName">
        <Description>
          The name of the extended attribute that can be used
          to locate an existing identity.
        </Description>
      </Argument>
      <Argument name="identityAttributeValue">
        <Description>
          The value of the named extended attribute that can be used
          to locate an existing identity. This attribute is used
          together with the identityAttributeName argument.
        </Description>
      </Argument>
    </Returns>
  </Signature>
  <Source>

  import sailpoint.object.QueryOptions;
  import sailpoint.object.Filter;
  import java.util.List;
  import java.util.ArrayList;
  import java.util.HashMap;
  import sailpoint.object.Identity;
  import org.apache.log4j.Logger;

Logger log = Logger.getLogger("com.carefirst.CF-OktaIdentityCorrelation-Rule");

  log.info("**** Starting CF-OktaIdentityCorrelation-Rule ****");
  
  String userLoginId = account.getAttribute("login");
  String emplid = account.getAttribute("employeeNumber");
  
 
  
  String userNetworkId = "";
  
  for (String userId: userLoginId.split("@")) {
        userNetworkId = userId;
        log.info("Inside CF-OktaIdentityCorrelation-Rule, userNetworkId = " + userNetworkId);
        break;
    }
	
  if(emplid != null @and userNetworkId != null)
  {

    QueryOptions ops = new QueryOptions();
    Filter femplid = Filter.eq("employeeid", emplid);
	Filter fuserid = Filter.eq("userid",userNetworkId);
	Filter f = Filter.and(femplid,fuserid);
    ops.addFilter(f);

    // Get all identities which match the filter
    List identityList = context.getObjects( Identity.class, ops );

    log.info("Inside CF-OktaIdentityCorrelation-Rule, inside first if block, identityList = "+identityList);
    

    // Choose the first matching identity and add to return map.

    HashMap map = new HashMap();
    if(!(identityList.isEmpty()))
    {
      Identity idObj=identityList.get(0);
     

      if(idObj!=null)
      {
        log.info("Inside CF-OktaIdentityCorrelation-Rule, inside third if block, correlating the record = "+idObj);
        map.put("identity",idObj);
        
        log.info("Inside CF-OktaIdentityCorrelation-Rule, inside third if block, map = "+map);
        
        return map;
      }

    }

  }
log.info("#### Exiting CF-OktaIdentityCorrelation-Rule ####");
  </Source>
</Rule>