<?xml version='1.0' encoding='UTF-8'?>
<!DOCTYPE Rule PUBLIC "sailpoint.dtd" "sailpoint.dtd">
<Rule language="beanshell" name="CF-OracleDBBeforeProvisioning-Rule" type="BeforeProvisioning">
  <Description>An IdentityIQ server-side rule that is executed before the connector's provisioning method is called. This gives the customer the ability to customize or react to anything in the ProvisioningPlan BEFORE it is sent to the underlying connectors used in provisioning. 

This rule will be called for any application found in a plan that also has a configured 'beforeProvisioningRule' configured.  

The plan can be updated directly in the rule by reference and does not need to return the plan.</Description>
  <Signature>
    <Inputs>
      <Argument name="log">
        <Description>
          The log object associated with the SailPointContext.
				</Description>
      </Argument>
      <Argument name="context">
        <Description>
          A sailpoint.api.SailPointContext object that can be used to query the database if necessary.
				</Description>
      </Argument>
      <Argument name="plan">
        <Description>
          The ProvisioningPlan object on its way to the Connector.
				</Description>
      </Argument>
      <Argument name="application">
        <Description>
          The application object that references this before/after script.
				</Description>
      </Argument>
    </Inputs>
  </Signature>
  <Source>

import java.util.ArrayList;
import java.util.HashMap;
import java.util.List;
import sailpoint.api.PasswordGenerator;
import sailpoint.api.SailPointContext;
import sailpoint.api.Workflower;
import sailpoint.object.Application;
import sailpoint.object.Identity;
import sailpoint.object.PasswordPolicy;
import sailpoint.object.ProvisioningPlan;

import sailpoint.object.ProvisioningPlan.AccountRequest;
import sailpoint.object.ProvisioningPlan.AttributeRequest;
import sailpoint.object.ProvisioningPlan;
import sailpoint.object.Workflow;
import sailpoint.object.WorkflowLaunch;
import sailpoint.object.Link;
import sailpoint.object.ProvisioningPlan.GenericRequest;
import org.apache.log4j.Logger;
  Logger loggerObj = Logger.getLogger("CF-OracleDBBeforeProvisioning-Rule");

loggerObj.info("Starting CF-OracleDBBeforeProvisioning-Rule");
//loggerObj.info(" Inside BeforeProvisioning Rule Oracle Application "+plan.toXml());

/* if(plan.getAccountRequests() != null){

   loggerObj.info("Befor Provisioning Rule Plan "+plan.getAccountRequests());


  for ( AccountRequest accountRequest : plan.getAccountRequests() ) {  

   loggerObj.info("Inside For Loop"+accountRequest.getOp());

     if ( accountRequest.getOperation().equals(ProvisioningPlan.AccountRequest.Operation.Modify) &amp;&amp; accountRequest.getAttributeRequest("ROLES") != null) {
       loggerObj.info("Before getting Attribute Request");
       AttributeRequest attrReq =  accountRequest.getAttributeRequest("ROLES");
       loggerObj.info("Inside outer if loop"+attrReq.getOperation());
       if(attrReq.getOperation().equals(ProvisioningPlan.Operation.Remove)){


         loggerObj.info("Values ::::: "+attrReq.getValue());
       if(attrReq.getValue().contains("CONNECT")){


        accountRequest.setOperation(ProvisioningPlan.AccountRequest.Operation.Delete);

       }else{

         loggerObj.info("Connect  not there");
       }

         }


       }

     }

 }  */

loggerObj.info(" #### Exiting Before Provisioning Rule Oracle Application ");

	</Source>
</Rule>