<?xml version='1.0' encoding='UTF-8'?>
<!DOCTYPE Rule PUBLIC "sailpoint.dtd" "sailpoint.dtd">
<Rule language="beanshell" name="CF-OktaBeforeProvisioning-Rule" type="BeforeProvisioning">
  <Description>An IdentityIQ server-side rule that is executed before the connector's provisioning method is called. This gives the customer the ability to customize or react to anything in the ProvisioningPlan BEFORE it is sent to the underlying connectors used in provisioning. 

This rule will be called for any application found in a plan that also has a configured 'beforeProvisioningRule' configured.  

The plan can be updated directly in the rule by reference and does not need to return the plan.</Description>
  <Signature>
    <Inputs>
      <Argument name="log">
        <Description>
          The log object associated with the SailPointContext.
        </Description>
      </Argument>
      <Argument name="context">
        <Description>
          A sailpoint.api.SailPointContext object that can be used to query the database if necessary.
        </Description>
      </Argument>
      <Argument name="plan">
        <Description>
          The ProvisioningPlan object on its way to the Connector.
        </Description>
      </Argument>
      <Argument name="application">
        <Description>
          The application object that references this before/after script.
        </Description>
      </Argument>
    </Inputs>
  </Signature>
  <Source>
import java.util.ArrayList;
import java.util.HashMap;
import java.util.List;
import sailpoint.api.PasswordGenerator;
import sailpoint.api.SailPointContext;
import sailpoint.api.Workflower;
import sailpoint.object.Application;
import sailpoint.object.Identity;
import sailpoint.object.PasswordPolicy;
import sailpoint.object.ProvisioningPlan;

import sailpoint.object.ProvisioningPlan.AccountRequest;
import sailpoint.object.ProvisioningPlan.AttributeRequest;
import sailpoint.object.ProvisioningPlan;
import sailpoint.object.Workflow;
import sailpoint.object.WorkflowLaunch;
import sailpoint.object.Link;
import sailpoint.object.ProvisioningPlan.GenericRequest;
import sailpoint.api.Provisioner;
import org.apache.log4j.Logger;
import sailpoint.object.*;
import sailpoint.object.Custom;

Logger log = Logger.getLogger("com.carefirst.CF-OktaBeforeProvisioning-Rule");

//log.info("Okta before provisioning plan " + plan.toXml());

if(plan != null){
if (plan.getAccountRequests() != null) {

    log.info("Account Request is not null ");

    for (AccountRequest accountRequest: plan.getAccountRequests()) {

        log.info("Iterating Accounts Requests " + accountRequest.toXml());

        if (accountRequest.getOperation().equals(ProvisioningPlan.AccountRequest.Operation.Modify)) {
            List oktaAttributeRequest = accountRequest.getAttributeRequests();

            log.info("Attribute Requests null check ");

            String value = "";

            if (oktaAttributeRequest != null) {


                for (AttributeRequest attributeReq: oktaAttributeRequest) {

                    log.info("Iterating the attribute request " + attributeReq.toXml());

                    value = attributeReq.getName();
                    if (attributeReq.getOperation().equals(ProvisioningPlan.Operation.Remove) @and(value.equalsIgnoreCase("bwpm_users") @or value.equalsIgnoreCase("confluence_users") @or value.equalsIgnoreCase("crucible_users") @or value.equalsIgnoreCase("obiee_users"))) {
                        attributeReq.setOp(ProvisioningPlan.Operation.Set);
                        attributeReq.setValue("");
                    } 
                    }



                }


            }

        }

    }
    
  }

log.info("Existing Okta Before ProvisioningPlan " + plan.toXml());  
  </Source>
</Rule>