<?xml version='1.0' encoding='UTF-8'?>
<!DOCTYPE Rule PUBLIC "sailpoint.dtd" "sailpoint.dtd">
<Rule language="beanshell" name="CF-OracleDBDBAId-Correlation" type="Correlation">
  <Description>This rule logic is created for SP DEV TS application correlation</Description>
  <Signature returnType="Map">
    <Inputs>
      <Argument name="log">
        <Description>
          The log object associated with the SailPointContext.
        </Description>
      </Argument>
      <Argument name="context">
        <Description>
          A sailpoint.api.SailPointContext object that can be used to query the database if necessary.
        </Description>
      </Argument>
      <Argument name="environment" type="Map">
        <Description>
          Arguments passed to the aggregation task.
        </Description>
      </Argument>
      <Argument name="application">
        <Description>
          Application being aggregated.
        </Description>
      </Argument>
      <Argument name="account">
        <Description>
          A sailpoint.object.ResourceObject returned from the
          collector.
        </Description>
      </Argument>
      <Argument name="link">
        <Description>
          Existing link to this account.
        </Description>
      </Argument>
    </Inputs>
    <Returns>
      <Argument name="identityName">
        <Description>
          The name of an Identity object.
        </Description>
      </Argument>
      <Argument name="identity">
        <Description>
          A fully resolved Identity object if the rule wants
          to do its own queries to locate the identity.
        </Description>
      </Argument>
      <Argument name="identityAttributeName">
        <Description>
          The name of the extended attribute that can be used
          to locate an existing identity.
        </Description>
      </Argument>
      <Argument name="identityAttributeValue">
        <Description>
          The value of the named extended attribute that can be used
          to locate an existing identity. This attribute is used
          together with the identityAttributeName argument.
        </Description>
      </Argument>
    </Returns>
  </Signature>
  <Source>// Pull attribute values out of account argument, into local variables
  import sailpoint.object.QueryOptions;
  import sailpoint.object.Filter;
  import java.util.List;
  import java.util.ArrayList;
  import java.util.HashMap;
  import sailpoint.object.Identity;
    import org.apache.log4j.Logger;
  Logger loggerObj = Logger.getLogger("CF-OracleDBDBAId-Correlation");
  loggerObj.info("Starting CF-OracleDBDBAId-Correlation");
  
  if(account.getAttribute("USERNAME").contains("DBA_")){

  String userNetworkId=account.getAttribute("USERNAME");

  // Build filter for searching identities
  QueryOptions ops = new QueryOptions();
  Filter f = Filter.eq( "userid", userNetworkId);
  ops.addFilter(f);

  // Get all identities which match the filter
  List identities = context.getObjects( Identity.class, ops );
 

  // Choose the first matching identity and add to return map.

  HashMap map = new HashMap();
  if(!(identities.isEmpty()))
  {
   loggerObj.info("Inside CF-OracleDBDBAId-Correlation, identities = "+identities );
    map.put("identity", identities.get(0));
  }  	
  return map;
}</Source>
</Rule>