<?xml version='1.0' encoding='UTF-8'?>
<!DOCTYPE Rule PUBLIC "sailpoint.dtd" "sailpoint.dtd">
<Rule language="beanshell" name="CF-Office365-Enable-Rule" type="ConnectorAfterCreate">
  <Attributes>
    <Map>
      <entry key="ObjectOrientedScript" value="true"/>
      <entry key="disabled" value="false"/>
      <entry key="extension" value=".ps1"/>
      <entry key="program" value="powershell.exe"/>
      <entry key="timeout" value="160"/>
    </Map>
  </Attributes>
  <Description>
    An IdentityIQ Server-Side rule that is executed AFTER the connector's provisioning method is called. 
    This rule is called after accounts have been created on the underlying AD domain.
  </Description>
  <Signature>
    <Inputs>
      <Argument name="log">
        <Description>
          The log object associated with the SailPointContext.
        </Description>
      </Argument>
      <Argument name="context">
        <Description>
          A sailpoint.api.SailPointContext object that can be used to query the database if necessary.
        </Description>
      </Argument>
      <Argument name="plan">
        <Description>
          The ProvisioningPlan object on its way to the Connector.
        </Description>
      </Argument>
      <Argument name="application">
        <Description>
          The application object that references this before/after script.
        </Description>
      </Argument>
    </Inputs>
  </Signature>
  <Source>  
  Add-type -path E:\IQService\IQService\utils.dll

    try{

    start-transcript -path E:\ExchangeO365.log
    
    $secpasswd = ConvertTo-SecureString "5jCBfrD8WaSt" -AsPlainText -Force
      $mycreds = New-Object System.Management.Automation.PSCredential -ArgumentList "tim_o365@carefirst.com", $secpasswd
       Connect-exchangeonline -Credential $mycreds -CommandName get-mailbox,set-mailbox,set-casmailbox


     $sReader = New-Object System.IO.StringReader([System.String]$env:Request); 
     $xmlReader = [System.xml.XmlTextReader]([sailpoint.Utils.xml.XmlUtil]::getReader($sReader)); 
     $requestObject = New-Object Sailpoint.Utils.objects.AccountRequest($xmlReader);

     

        foreach ($attribute in $requestObject.AttributeRequests){
          if($attribute.Name -eq "sAMAccountName"){
            [string]$samAccountName = $attribute.Value
          }

        }


        ECHO "**** User: ***" +$samAccountName  |Add-Content -path E:\Test\CF-Office365-Logs.txt -FORCE

          $upn= $samAccountName+"@carefirst.com"

Set-CASMailbox -Identity $upn -ImapEnabled $false -PopEnabled $false -SmtpClientAuthenticationDisabled $true
         Set-Mailbox -identity $upn -litigationholdenabled $true -AuditEnabled $true -AuditLogAgeLimit 180
          
          ECHO "**** Completed ****" |Add-Content -path E:\Test\CF-Office365-Logs.txt -FORCE
            stop-transcript

  }


  catch{
    ECHO "error:" $_.exception.message|Add-Content -path E:\Test\CF-Office365Errors-Logs.txt -FORCE
  }

  </Source>
</Rule>