<?xml version='1.0' encoding='UTF-8'?>
<!DOCTYPE Rule PUBLIC "sailpoint.dtd" "sailpoint.dtd">
<Rule language="beanshell" name="CF-OracleDBAfterProvisioning-Rule" type="AfterProvisioning">
  <Description>OracleDBAfterProvisioningRule</Description>
  <ReferencedRules>
    <Reference class="sailpoint.object.Rule" name="CF-Constants-Rule"/>
  </ReferencedRules>
  <Signature>
    <Inputs>
      <Argument name="log">
        <Description>
          The log object associated with the SailPointContext.
        </Description>
      </Argument>
      <Argument name="context">
        <Description>
          A sailpoint.api.SailPointContext object that can be used to query the database if necessary.
        </Description>
      </Argument>
      <Argument name="plan">
        <Description>
          The ProvisioningPlan object on its way to the Connector.
        </Description>
      </Argument>
      <Argument name="application">
        <Description>
          The application object that references this before/after script.
        </Description>
      </Argument>
      <Argument name="result">
        <Description>
          The ProvisioningResult object returned by the connectors provision method. This can be null and in many cases the connector will  not return a result and instead will annotate the plan's ProvisioningResult either at the plan or account level.        
        </Description>
      </Argument>
    </Inputs>
  </Signature>
  <Source>import sailpoint.object.*;
  import sailpoint.object.ProvisioningPlan.AccountRequest;
  import sailpoint.object.ProvisioningPlan.AccountRequest.Operation;
  import sailpoint.object.ProvisioningPlan.AttributeRequest;
  import sailpoint.object.ProvisioningResult;
  import org.apache.log4j.Logger;
  import java.util.List;
  import sailpoint.object.Application;
  import sailpoint.object.Link;
  import sailpoint.api.SailPointContext;
  import java.sql.Connection;
  import java.sql.DriverManager;
  import java.sql.*;
  


  Logger loggerObj = Logger.getLogger("com.carefirst.OracleDBProvisioning");


  loggerObj.info(" **** Starting CF-OracleDBAfterProvisioning-Rule ****");

  loggerObj.info("Inside Rule: CF-OracleDBAfterProvisioning-Rule, result = "+result.getStatus());
  loggerObj.info("Inside Rule: CF-OracleDBAfterProvisioning-Rule, result isFailed = "+result.isFailed());
  loggerObj.info("Inside Rule: CF-OracleDBAfterProvisioning-Rule, result isFailure = "+result.isFailure());
  loggerObj.info("Inside Rule: CF-OracleDBAfterProvisioning-Rule, result isCommitted = "+result.isCommitted());
  //loggerObj.info("Inside Rule: CF-OracleDBAfterProvisioning-Rule, result toXml = "+result.toXml());

  if (result.isCommitted() == true @and plan != null) {

    loggerObj.info("Inside Rule: CF-OracleDBAfterProvisioning-Rule, inside condition to check if plan is not null. Plan is not null");

    String oracleDBName	= application.getName();


    loggerObj.info("Inside Rule: CF-OracleDBAfterProvisioning-Rule, oracleDBName = "+ oracleDBName);

    AccountRequest accountRequest = plan.getAccountRequest(oracleDBName);

    //loggerObj.info("Inside Rule: CF-OracleDBAfterProvisioning-Rule, accountRequest = "+ accountRequest.toXml());

    Operation operation = accountRequest.getOperation();
    
    String spReqId ="";
    if(plan.getArguments()!=null){
      loggerObj.info("Inside Rule: CF-OracleAfterProvisioning-Rule, requestId = "+ plan.getArguments().get("identityRequestId"));
                spReqId = plan.getArguments().get("identityRequestId");
    }
    
    if(operation.equals(Operation.Create)){

      loggerObj.info("Inside Rule: CF-OracleDBAfterProvisioning-Rule, inside block to send mail notification.");

      Identity userIdentity = plan.getIdentity();

      if(userIdentity.getAttribute("email")!=null @and userIdentity.getAttribute("email")!=""){

        String emailAddress = userIdentity.getAttribute("email");
        String userID = accountRequest.getNativeIdentity().toUpperCase();

        loggerObj.info("Inside Rule: CF-OracleDBAfterProvisioning-Rule, inside condition to check if user email is not null.");

        String userName = userIdentity.getDisplayName();
        //String userID = userIdentity.getAttribute("userid").toUpperCase();
        
        String userPassword = "";
        String userPasswordSynchedFlag="";

        if(userIdentity.getAttribute("pwdSynched")!=null &amp;&amp; userIdentity.getPassword()!=null){
          loggerObj.info("Inside Rule: CF-OracleDBAfterProvisioning-Rule, user password in SailPoint is not null.");
          //userPassword = context.decrypt(userIdentity.getPassword());
          userPasswordSynchedFlag = "true";
          
        }else{
          loggerObj.info("Inside Rule: CF-OracleDBAfterProvisioning-Rule, user password in SailPoint is null.");
          userPassword = "OraPass1" + userIdentity.getAttribute("userid").toUpperCase().substring(0,2) + userIdentity.getAttribute("employeeid").substring(0,2);
        }



       // loggerObj.info("Inside Rule: CF-OracleDBAfterProvisioning-Rule, BEFORE composing email to user. Password = "+userPassword);


        EmailTemplate template = context.getObjectByName(EmailTemplate.class, STR_ORACLEDB_NEWACCOUNTNOTIFICATION_EMAILTEMPLATE);
        EmailOptions options = new EmailOptions();

        options.setTo(emailAddress);

        Map args = new HashMap();
        args.put("userDisplayName", userName);
        args.put("userID", userID);
        args.put("userPassword", userPassword);
        args.put("oracleDBName", oracleDBName);
        args.put("userPasswordSynchedFlag",userPasswordSynchedFlag);

        options.setVariables(args);
        context.sendEmailNotification(template, options);    

        loggerObj.info("Inside Rule: CF-OracleDBAfterProvisioning-Rule, AFTER composing email to user. Mail notification sent.");

      }
    }

    if((operation.equals(Operation.Create) @or operation.equals(Operation.Modify)) @and accountRequest.getNativeIdentity() != null @and spReqId != null @and accountRequest.getAttributeRequest("ROLES") != null ){
    // Code to execute query on Oracle DB to set default role begins here
      AttributeRequest attrReq =  accountRequest.getAttributeRequest("ROLES");
      
      if(attrReq.getOperation().equals(ProvisioningPlan.Operation.Add)){
      loggerObj.info("Inside Rule: CF-OracleDBAfterProvisioning-Rule, operation is create or modify, going to execute query on Oracle DB.");
      
    	String dbUrl = application.getAttributeValue("url").toString();
			String dbUser = application.getAttributeValue("user").toString();
    	String dbPassword = context.decrypt(application.getAttributeValue("password").toString());  
      
			String userNwID = accountRequest.getNativeIdentity();
	
    	Class.forName("oracle.jdbc.driver.OracleDriver").newInstance();
    	Connection connection = DriverManager.getConnection(dbUrl, dbUser, dbPassword);
    
			//loggerObj.info("Inside Rule: CF-OracleDBAfterProvisioning-Rule, connecting to Oracle DB, connection = "+connection);
	
      Statement stmt = connection.createStatement();
      String sqlQuery = "alter user "+userNwID+" default role all";
    
      ResultSet rs = stmt.executeQuery(sqlQuery);
			connection.close();
      
      //loggerObj.info("Inside Rule: CF-OracleDBAfterProvisioning-Rule, after executing query on Oracle DB. Query = "+sqlQuery);
    
    // Code to execute query on Oracle DB to set default role ends here
    
    }
    }
  }	
  loggerObj.info(" #### Exiting CF-OracleDBAfterProvisioning-Rule #### ");</Source>
</Rule>