<?xml version='1.0' encoding='UTF-8'?>
<!DOCTYPE Rule PUBLIC "sailpoint.dtd" "sailpoint.dtd">
<Rule language="beanshell" name="CF-OracleDBPassword-Rule" type="FieldValue">
  <Description>This rule can be used to generate a field value (eg - an account name) using data from the given Identity. If this rule is run in the context of a workflow step then the arguments passed into the step will also be available. Also, any field values that have been processed so far from the policy related to the Application/Role will be available.</Description>
  <ReferencedRules>
    <Reference class="sailpoint.object.Rule" name="CF-Constants-Rule"/>
  </ReferencedRules>
  <Signature returnType="String"/>
  <Source>
    import sailpoint.object.*;
  import org.apache.log4j.Logger;
  Logger loggerObj = Logger.getLogger("CF-OracleDBPassword-Rule");
  loggerObj.info("Starting CF-OracleDBPassword-Rule");
  String userID = identity.getAttribute("userid").toUpperCase();
  String userPassword = "";

                 if(identity.getAttribute("pwdSynched")!=null &amp;&amp; identity.getPassword()!=null){
                        loggerObj.info("Inside Rule: CF-CF-OracleDBPassword-Rule-Rule, user password in SailPoint is not null.");
                        userPassword = context.decrypt(identity.getPassword());
                  }else{
                 loggerObj.info("Inside Rule: CF-CF-OracleDBPassword-Rule-Rule, user password in SailPoint is null.");
                        userPassword = "OraPass1" + identity.getAttribute("userid").toUpperCase().substring(0,2) + identity.getAttribute("employeeid").substring(0,2);
                  }
		return userPassword;
	</Source>
</Rule>