<?xml version='1.0' encoding='UTF-8'?>
<!DOCTYPE Rule PUBLIC "sailpoint.dtd" "sailpoint.dtd">
<Rule language="beanshell" name="CF-PS-Customization-Rule" type="ResourceObjectCustomization">
  <Description>This rule is configured on the application and is called after the connector has build a ResourceObject from the native application data.

    Initially designed for non-rule based connectors to add SPPrivileged flag to an object, but could be used to do any transformations.</Description>
  <ReferencedRules>
    <Reference class="sailpoint.object.Rule" name="CF-Constants-Rule"/>
    <Reference class="sailpoint.object.Rule" name="CF-CommonLibrary-Rule"/>
  </ReferencedRules>
  <Signature returnType="ResourceObject">
    <Inputs>
      <Argument name="log">
        <Description>
          The log object associated with the SailPointContext.
        </Description>
      </Argument>
      <Argument name="context">
        <Description>
          A sailpoint.api.SailPointContext object that can be used to query the database if necessary.
        </Description>
      </Argument>
      <Argument name="object">
        <Description>
          The ResourceObject built by the connector.
        </Description>
      </Argument>
      <Argument name="application">
        <Description>
          Application that references the connector.
        </Description>
      </Argument>
      <Argument name="connector">
        <Description>
          The connector object.
        </Description>
      </Argument>
      <Argument name="state">
        <Description>
          A Map containing state information.
        </Description>
      </Argument>
    </Inputs>
    <Returns>
      <Argument name="resourceObject">
        <Description>
          The updated resource object.
        </Description>
      </Argument>
    </Returns>
  </Signature>
  <Source>import java.text.*;
  import java.util.Date;
  import sailpoint.tools.Util;
  import org.apache.log4j.Logger;


  import sailpoint.object.EmailTemplate;
  import sailpoint.object.EmailOptions;

  import java.util.*;
  import sailpoint.object.Identity;

  Logger mylogger = Logger.getLogger("com.carefirst.loggers");
  mylogger.info("Starting PS Customization Rule"); 
  List validationList = new ArrayList();

  String companyName=object.getAttribute("COMPANY");
  String empID=object.getAttribute("EMPLID");
  String usertype = object.get(ATR_OBJ_PER_ORG);
  String manager = object.getAttribute("SUPERVISOR_ID");
  String strAction = object.get(ATR_OBJ_ACTION);	
  String hrStatusObj = object.get(STR_HR_STATUS);	
  Date lastHireDateObj =null;
  Date todayDate = null;
  SimpleDateFormat stdFormat = new SimpleDateFormat("MM/dd/yyyy");
  String CurrDate = stdFormat.format(new Date());
  todayDate = stdFormat.parse(CurrDate);
  System.out.println("Running PS Customization Rule for Employee ID: "+ empID +",HR_STATUS: " +hrStatusObj  );
  if(object.get(STR_LAST_HIRE_DT)!=null){
    String hireDateString = (String) object.get(STR_LAST_HIRE_DT);    
    SimpleDateFormat initalFormat = new SimpleDateFormat("MM/dd/yyyy", Locale.ENGLISH);
    SimpleDateFormat stdFormat = new SimpleDateFormat("MM/dd/yyyy");
    lastHireDateObj = initalFormat.parse(hireDateString);
    String lastHireDate = stdFormat.format(lastHireDateObj);   
    object.put("LAST_HIRE_DT",lastHireDate);   
  }



  if ((strAction.equalsIgnoreCase(STR_ACTION_ADD) || strAction.equalsIgnoreCase(STR_ACTION_HIR) || strAction.equalsIgnoreCase(STR_REH)) @and lastHireDateObj.compareTo(todayDate) &gt;= 0 ) {

    if (!(Util.isNotNullOrEmpty(object.get("FIRST_NAME")))) {
      validationList.add("FirstName-- This field cannot be null");
    }

    if (!(Util.isNotNullOrEmpty(object.get("LAST_NAME")))) {
      validationList.add("LastName-- This field cannot be null");
    }
    if (!(Util.isNotNullOrEmpty(manager))) {
      validationList.add("Manager-- This field cannot be null");
    }
    if (!(Util.isNotNullOrEmpty(object.get("COMPANY")))) {
      validationList.add("COMPANY-- This field cannot be null");
    }

    if (validationList != null &amp;&amp; !validationList.isEmpty()) {
      try{ 
        String templateName = "CF-HRISDataValidation";
        EmailTemplate emailTemplate = (EmailTemplate) context.getObjectByName(EmailTemplate.class, templateName);
        String email = "HRISRequest@carefirst.com,InformationSecurity-SailpointSupport@carefirst.com";  
        emailTemplate.setTo(email);


        EmailOptions emailOptions = new EmailOptions();
        emailOptions.setVariable("validationList", validationList);
        emailOptions.setVariable("identityName", empID);
        emailOptions.setVariable("usertype", usertype);
        emailOptions.setSendImmediate(true);
        context.sendEmailNotification(emailTemplate, emailOptions);
      } catch (Exception e){
        mylogger.info("Exception Occured in CF-PS-Customization-Rule:" +  e.getMessage()); 
      }
      return null;
    }   


  }
  Identity identity = context.getObjectByName(Identity.class,empID);
  // Date todayDate = new Date(); 

  //If the HR feed has null manager then retain the exiting IIQ manager

  if(!(Util.isNotNullOrEmpty(manager))){
    if(identity != null){
      Identity idenM = identity.getManager();
      if(idenM !=null){
        String mgr = idenM.getName();
        object.put("SUPERVISOR_ID",mgr);

      }
    }
  }

  String strEffectiveDate = object.get(ATR_EFFECTIVE_DATE);
  String strTermDate = object.get(STR_TERMINATION_DT); 
  Date effectiveDate =null;
  Date termDate =null;

  //Date todayDate = new Date();



  if(strEffectiveDate != null ){   

    DateFormat originalFormat = new SimpleDateFormat("MM/dd/yyyy", Locale.ENGLISH);
    DateFormat targetFormat = new SimpleDateFormat("dd-MMM-yy");
    Date hrDateFormat = originalFormat.parse(strEffectiveDate);
    String formattedDate = targetFormat.format(hrDateFormat);
    effectiveDate=new SimpleDateFormat("dd-MMM-yy").parse(formattedDate); 
    System.out.println("EFFDT   "+formattedDate);
    object.put("EFFDT",formattedDate);
  }

  if(strTermDate != null ){   

    DateFormat originalFormat = new SimpleDateFormat("MM/dd/yyyy", Locale.ENGLISH);
    DateFormat targetFormat = new SimpleDateFormat("dd-MMM-yy");
    Date hrDateFormat = originalFormat.parse(strTermDate);
    String formattedDate = targetFormat.format(hrDateFormat);
    termDate = new SimpleDateFormat("dd-MMM-yy").parse(formattedDate); 
    System.out.println("TERMINATION_DT   "+formattedDate);
    object.put("TERMINATION_DT",formattedDate);
  }
  //ATR_EFFECTIVE_DATE   11/23/2020 0:0:0 AM EST
  //EFFDT   11/23/2020 0:0:0 AM EST

  if(object.get("MIDDLE_NAME")!=null){
    String  middleInit = Character.toString(object.get("MIDDLE_NAME").charAt(0));
    object.put("MIDDLE_NAME",middleInit);
  }
  if(object.get("FIRST_NAME")!=null){
    String  fname = object.get("FIRST_NAME").replaceAll("[^a-z A-Z\\-\\.\\']+","");
    fname = capitalizeEachWord(fname);
    object.put("FIRST_NAME",fname);
  }

  if(object.get("LAST_NAME")!=null){
    String  lname = object.get("LAST_NAME").replaceAll("[^a-z A-Z\\-\\.\\']+","");
    lname = capitalizeEachWord(lname);
    object.put("LAST_NAME",lname);
  }
  if(object.get("PREF_FIRST_NAME")!=null){
    String  pfname = object.get("PREF_FIRST_NAME").replaceAll("[^a-z A-Z\\-\\.\\']+","");
    pfname = capitalizeEachWord(pfname);
    object.put("PREF_FIRST_NAME",pfname);
  }


  // Set PREHIRE status
  if(effectiveDate != null &amp;&amp; todayDate != null &amp;&amp; Util.isNotNullOrEmpty(strAction)) {

    if(todayDate.compareTo(effectiveDate) &lt; 0 &amp;&amp; strAction.equalsIgnoreCase(STR_ACTION_ADD)) {

      object.put(ATR_OBJ_EMP_STATUS,ATR_PREHIRE);
    }
    else if(todayDate.compareTo(effectiveDate) &lt; 0 &amp;&amp; strAction.equalsIgnoreCase(STR_ACTION_HIR)) {
      object.put(ATR_OBJ_EMP_STATUS,ATR_PREHIRE);

    }

  }

  //Set UserType
  if(object.get(ATR_OBJ_PER_ORG)!=null){
    if(object.get(ATR_OBJ_PER_ORG).toString().equals(STR_EMP)){

      object.put(ATR_OBJ_PER_ORG,STR_EMPLOYEE);

    }else if(object.get(ATR_OBJ_PER_ORG).toString().equals(STR_CWR)){

      object.put(ATR_OBJ_PER_ORG,STR_CONTRACTOR);

    }
    else{
      System.out.println("Not a Carefirst Associate");
    }

  }

  if(identity !=null @and identity.getAttribute("employeestatus")!=null @and object.get("HR_STATUS")!=null @and identity.getAttribute("employeestatus").equalsIgnoreCase("Terminate") @and object.get("HR_STATUS").toString().equalsIgnoreCase("A"))
  {
    return null;
  }

  if(strAction !=null @and identity !=null){		
    String empType = "";
    if(identity.getAttribute("hrStatus") != null @and identity.getAttribute("hrStatus").equalsIgnoreCase("A")){
      if(object.get(ATR_OBJ_PER_ORG)!=null  ){

        if((object.get(ATR_OBJ_PER_ORG).toString().equals(STR_EMP)) || (object.get(ATR_OBJ_PER_ORG).toString().equals(STR_EMPLOYEE))){
          empType = STR_EMPLOYEE;
        } 

        else if((object.get(ATR_OBJ_PER_ORG).toString().equals(STR_CWR)) || (object.get(ATR_OBJ_PER_ORG).toString().equals(STR_CONTRACTOR))){
          empType = STR_CONTRACTOR;
        }
      }
      if ((identity.getAttribute("employeetype") != null) @and (identity.getAttribute("company") != null @and(object.get("COMPANY")!=null))){			
        if((!(identity.getAttribute("employeetype").equalsIgnoreCase(empType)) @and !(identity.getAttribute("company").equalsIgnoreCase(object.get("COMPANY")))) ||  !(identity.getAttribute("employeetype").equalsIgnoreCase(empType)) ){	

          System.out.println("Skipping the record .....");			
          return null;
        } 
      }

    } else if (identity.getAttribute("termdate")!=null @and identity.getAttribute("hrStatus") !=null){
      String termStr = identity.getAttribute("termdate");
      Date tDate = new SimpleDateFormat("dd-MMM-yy").parse(termStr);
      if(identity.getAttribute("hrStatus").equalsIgnoreCase("I") @and todayDate.compareTo(tDate) &lt; 0){
        return null; 
      } 	  

    }

  }




  System.out.println("Inside Customization rule companyName "+companyName);
  System.out.println("Inside Customization rule empID "+empID);
  if(Util.isNotNullOrEmpty(companyName)&amp;&amp; "SBP".equalsIgnoreCase(companyName)&amp;&amp; "A".equalsIgnoreCase(hrStatusObj))  { 
    mylogger.info("Inside Customization rule inside if FEPOC user  ");

    String status = getUseridFromFEPOC(empID);
    String upn = getMailFromFEPOC(empID);
    mylogger.info("Inside Customization rule  status "+status);
    if(Util.isNotNullOrEmpty(status)&amp;&amp; status.startsWith("sAMAccountName")){
      mylogger.info("Inside if ****");
      mylogger.info("Inside Customization rule Status is Sucess before returning null ");
      userID=status.substring(status.indexOf(":")+2);
      object.setAttribute("USERID",userID);
      if(object.get(ATR_OBJ_PER_ORG)!=null){
        if((object.get(ATR_OBJ_PER_ORG).toString().equals(STR_EMPLOYEE) &amp;&amp; userID.toLowerCase().startsWith("oc")) || (object.get(ATR_OBJ_PER_ORG).toString().equals(STR_CONTRACTOR) &amp;&amp; userID.toLowerCase().startsWith("cw"))|| (object.get(ATR_OBJ_PER_ORG).toString().equals(STR_EMPLOYEE) &amp;&amp; userID.toLowerCase().startsWith("fl"))){
          object.setAttribute("USERID",userID);
        }else{
          return null;
        }
      }  

      if(Util.isNotNullOrEmpty(upn)&amp;&amp; upn.startsWith("mail")){
        mylogger.info("Inside if UPN  ****" + upn);
        mylogger.info("Inside Customization rule Status is Sucess before returning null ");
        String upnValue =upn.substring(upn.indexOf(":")+2);
        object.setAttribute("EMAIL",upnValue);
      }
      return object; 
    }else{

      /* System.out.println("Inside else ****");
    EmailTemplate template = context.getObjectByName(EmailTemplate.class, "CareFirst-FEPOC-AD-Error");
         String email = Admin@carefirst.com;
              EmailOptions options = new EmailOptions();
          options.setTo(email);                
          options.setVariable("identityName", empID);
      context.sendEmailNotification(template, options);*/

      System.out.println("end of else ****");
      return null;
    }
  }
  return object;</Source>
</Rule>