<?xml version='1.0' encoding='UTF-8'?>
<!DOCTYPE Rule PUBLIC "sailpoint.dtd" "sailpoint.dtd">
<Rule language="beanshell" name="CF-PS-CreationRulewithCustomObj-Rule" type="IdentityCreation">
  <Description>Identity creation rules are used to set attributes on new Identity objects when they are created.  New identities may be created during the aggregation of application accounts, or optionally created after pass-through authentication.

One common operation is to change the name property of the identity when the default application name is complex (such as a directory DN).

Another common operation is to assign a set of initial capabilities based on the attributes pulled from the application account.</Description>
  <ReferencedRules>
    <Reference class="sailpoint.object.Rule" name="CF-Constants-Rule"/>
  </ReferencedRules>
  <Signature returnType="void">
    <Inputs>
      <Argument name="log">
        <Description>
          The log object associated with the SailPointContext.
        </Description>
      </Argument>
      <Argument name="context">
        <Description>
          A sailpoint.api.SailPointContext object that can be used to query the database if necessary.
        </Description>
      </Argument>
      <Argument name="environment" type="Map">
        <Description>
          Arguments passed to the aggregation task.
        </Description>
      </Argument>
      <Argument name="application">
        <Description>
          Application being aggregated.
        </Description>
      </Argument>
      <Argument name="account" type="ResourceObject">
        <Description>
          The resource account for the identity being created.
        </Description>
      </Argument>
      <Argument name="identity" type="Identity">
        <Description>
          The identity that is being created.
        </Description>
      </Argument>
    </Inputs>
  </Signature>
  <Source>import java.util.Map;
  import java.util.HashMap;
  import java.util.List;
  import sailpoint.object.Filter;
  import sailpoint.object.Identity;
 import sailpoint.object.Attributes;
  import sailpoint.object.QueryOptions;
  import sailpoint.object.Custom;
  import java.util.Date;
  import sailpoint.tools.Util;
  import java.text.SimpleDateFormat;
  import org.apache.log4j.Logger;
  import sailpoint.api.PasswordGenerator;
  import sailpoint.object.PasswordPolicy;


  Logger mylogger = Logger.getLogger("com.carefirst.loggers");
  mylogger.info("Starting Creation Rule");


  String updatedUserName="";
  List objects =null;
  int count=2;
  int numberSufix=0;
  String suffixToBeReplacedinCustomFile="";


  

  String actualEffectiveDate=account.getStringAttribute(ATR_EFFECTIVE_DATE).toString();
  SimpleDateFormat formatter=new SimpleDateFormat("MM/dd/yyyy");
  Date effectiveDate = formatter.parse(actualEffectiveDate);
  mylogger.info("actualEffectiveDate is == "+actualEffectiveDate);
  Date todayDate = new Date();
  mylogger.info(".......todayDate......" +todayDate);
  mylogger.info("effectiveDate......."+effectiveDate);
  //Password Generation Code
  String passwordnew = null;
  PasswordPolicy policy = context.getObjectByName(PasswordPolicy.class, STR_AD_PASSWORD_POLICY);
  if(policy!=null)
  {
    passwordnew = new PasswordGenerator(context).generatePassword(policy);
    if(null != passwordnew){
    passwordnew = passwordnew.replaceAll("[^a-zA-Z0-9]", "c");
    }
  }
  identity.setPassword(passwordnew);


//Updates Start Date and updates enddate to 1st jan 30

  // if((effectiveDate.compareTo(todayDate) @gt 0) @or (effectiveDate.compareTo(todayDate)== 0)){
  if(actualEffectiveDate!=null){
    if(account.getStringAttribute(ATR_OBJ_ACTION).toString().equals(STR_ACTION_HIR) @or account.getStringAttribute(ATR_OBJ_ACTION).toString().equals(STR_ACTION_ADD)){
      identity.setAttribute(ATR_STARTDATE, actualEffectiveDate);
      identity.setAttribute(ATR_ENDDATE, STR_END_DATE_VALUE);
      mylogger.info("start Date set to identity");
    }
  }
  //}


  //Update Username  For CareFirst users
  mylogger.info("EmplyeeType..."+account.getStringAttribute(ATR_OBJ_PER_ORG));

  if(account.getStringAttribute(ATR_OBJ_PER_ORG) != null){
    if((account.getStringAttribute(ATR_OBJ_PER_ORG).toString().equalsIgnoreCase("CWR")) @or (account.getStringAttribute(ATR_OBJ_PER_ORG).toString().equalsIgnoreCase("EMP"))){
      mylogger.info("Inside Employee Type ...."+account.getStringAttribute(ATR_OBJ_PER_ORG));




      Custom customObj= context.getObjectByName(Custom.class,STR_USERID_CUSTOM_OBJ);
      //should be kept in custom object
      String prefix=customObj.get(STR_CUSTOM_CONSTANT);
      Attributes attrs =new Attributes();
      Map mapObj = new HashMap();
      numberSufix=Integer.parseInt(customObj.get(STR_CUSTOM_VALUE))+1;
      suffixToBeReplacedinCustomFile= numberSufix.toString();
      
      //IF CONSTANT WAS 1000 THEN AAB SEQUENCE WILL BE STARTED and constant value will be set to 1000
      if(numberSufix == 10000){
        char[] prefixSplit=prefix.substring(prefix.length()-1).toCharArray();
        char lastchar=prefixSplit[0];
        char replaced=lastchar+1;
        prefix=prefix.substring(0,prefix.length()-1)+replaced;
        int l=1000;
        suffixToBeReplacedinCustomFile=l.toString();
        mapObj.put(STR_CUSTOM_CONSTANT,prefix);
        numberSufix=1000;
      }else{
        mapObj.put(STR_CUSTOM_CONSTANT,prefix);
      }




      updatedUserName=prefix+numberSufix;
      //Will check whether use exists in IIQ if yes then then it will choose another constant value(value will be incremeted)
      //checks whther userlogin present in iiq
      Filter useridFilter = Filter.eq(ATR_USERID,updatedUserName);

      if(useridFilter != null){

        mylogger.info("Filter is not null");

        QueryOptions options = new QueryOptions().addFilter(useridFilter);

        if (options != null){
          objects = context.getObjects(Identity.class, options);
          System.out.println("objects"+objects);
          if(objects.isEmpty()){
            objects=null;
          }
        }
      }

      while(objects !=null){

        if(numberSufix == 10000){
          char[] prefixSplit=prefix.substring(prefix.length()-1).toCharArray();
          char prefixLastChar=prefixSplit[0];
          char replaced=prefixLastChar+1;
          mylogger.info(prefixLastChar);
          prefix=prefix.substring(0,prefix.length()-1)+replaced;


          mapObj.put(STR_CUSTOM_VALUE,"1000");
          mapObj.put(STR_CUSTOM_CONSTANT,prefix);
          numberSufix=1000;
          suffixToBeReplacedinCustomFile=numberSufix.toString();

        }else{
          numberSufix=Integer.parseInt(customObj.get(STR_CUSTOM_VALUE))+count;
          count++;
          suffixToBeReplacedinCustomFile=numberSufix.toString();
        }

        updatedUserName=prefix+numberSufix;
        useridFilter = Filter.eq(ATR_USERID,updatedUserName);

        if(useridFilter != null){

          mylogger.info("Filter is not null");

          options = new QueryOptions().addFilter(useridFilter);

          if (options != null){
            objects = context.getObjects(Identity.class, options);


          }
          if(objects.isEmpty()){
            objects=null;
          }


        }


      }
      mylogger.info("updatedUserName"+updatedUserName);
      // identity.setName(updatedUserName);
      identity.setAttribute(ATR_USERID,updatedUserName);
      //Sets Value in Custom Object
      mapObj.put(STR_CUSTOM_VALUE,suffixToBeReplacedinCustomFile);
      attrs.setMap(mapObj);
      customObj.setAttributes(attrs);
      context.saveObject(customObj);
      context.commitTransaction();


    }

  }</Source>
</Rule>