<?xml version='1.0' encoding='UTF-8'?>
<!DOCTYPE Rule PUBLIC "sailpoint.dtd" "sailpoint.dtd">
<Rule language="beanshell" name="CF-PS-CreationRule-Rule" type="IdentityCreation">
  <Description>Identity creation rules are used to set attributes on new Identity objects when they are created.  New identities may be created during the aggregation of application accounts, or optionally created after pass-through authentication.

    One common operation is to change the name property of the identity when the default application name is complex (such as a directory DN).

    Another common operation is to assign a set of initial capabilities based on the attributes pulled from the application account.</Description>
  <ReferencedRules>
    <Reference class="sailpoint.object.Rule" name="CF-Constants-Rule"/>
    <Reference class="sailpoint.object.Rule" name="CF-CIAM-CommonWebServiceRuleLibrary-Rule"/>
  </ReferencedRules>
  <Signature returnType="void">
    <Inputs>
      <Argument name="log">
        <Description>
          The log object associated with the SailPointContext.
        </Description>
      </Argument>
      <Argument name="context">
        <Description>
          A sailpoint.api.SailPointContext object that can be used to query the database if necessary.
        </Description>
      </Argument>
      <Argument name="environment" type="Map">
        <Description>
          Arguments passed to the aggregation task.
        </Description>
      </Argument>
      <Argument name="application">
        <Description>
          Application being aggregated.
        </Description>
      </Argument>
      <Argument name="account" type="ResourceObject">
        <Description>
          The resource account for the identity being created.
        </Description>
      </Argument>
      <Argument name="identity" type="Identity">
        <Description>
          The identity that is being created.
        </Description>
      </Argument>
    </Inputs>
  </Signature>
  <Source>import java.util.Map;
  import java.util.HashMap;
  import java.util.List;
  import sailpoint.object.Filter;
  import sailpoint.object.Identity;
  import sailpoint.object.Attributes;
  import sailpoint.object.QueryOptions;
  import sailpoint.object.Custom;
  import java.util.Date;
  import sailpoint.tools.Util;
  import java.text.SimpleDateFormat;
  import org.apache.log4j.Logger;
  import sailpoint.api.PasswordGenerator;
  import sailpoint.object.PasswordPolicy;
  import sailpoint.object.EmailTemplate;
  import sailpoint.object.EmailOptions;

  
  Logger mylogger = Logger.getLogger("com.carefirst.loggers");
  mylogger.info("Starting Creation Rule");

  String updatedUserName = "";
  String actualEffectiveDate = "";

  if (account.getStringAttribute(ATR_HIREDATE) != null) {

    actualEffectiveDate = account.getStringAttribute(ATR_HIREDATE).toString();
    SimpleDateFormat formatter = new SimpleDateFormat(STR_DATE_FORMAT_SLASHES);
    Date effectiveDate = formatter.parse(actualEffectiveDate);
    mylogger.info("actualEffectiveDate is == " + actualEffectiveDate);
    Date todayDate = new Date();
    mylogger.info(".......todayDate......" + todayDate);
    mylogger.info("effectiveDate......." + effectiveDate);
  }
  //Password Generation Code
  String passwordnew = null;
  PasswordPolicy policy = context.getObjectByName(PasswordPolicy.class, STR_AD_PASSWORD_POLICY);
  if (policy != null) {
    passwordnew = new PasswordGenerator(context).generatePassword(policy);
    if (null != passwordnew) {
      passwordnew = passwordnew.replaceAll("[^a-zA-Z0-9]", "c");
    }
  }
  //mylogger.info("passwordnew"+passwordnew);
  identity.setPassword(passwordnew);

  //Updates Start Date and updates enddate to 1st jan 30

  // if((effectiveDate.compareTo(todayDate) @gt 0) @or (effectiveDate.compareTo(todayDate)== 0)){
  if (actualEffectiveDate != null @and account.getStringAttribute(ATR_OBJ_ACTION) != null) {
    if (account.getStringAttribute(ATR_OBJ_ACTION).toString().equals(STR_ACTION_HIR) @or account.getStringAttribute(ATR_OBJ_ACTION).toString().equals(STR_ACTION_ADD)) {
      identity.setAttribute(ATR_STARTDATE, actualEffectiveDate);
      identity.setAttribute(ATR_ENDDATE, STR_END_DATE_VALUE);
      mylogger.info("start Date set to identity");
    }
  }
  //}

  //Update Username  For CareFirst users
  mylogger.info("EmplyeeType...1111" + account.getStringAttribute(ATR_OBJ_PER_ORG));
  mylogger.info("EmplyeeType..111111." + account.getStringAttribute(ATR_OBJ_PER_ORG));
  //mylogger.info("EmplyeeType..111111."+account.getStringAttribute(ATR_OBJ_PER_ORG));
  //mylogger.info("COMPANY..."+account.getStringAttribute("COMPANY"));
  if (account.getStringAttribute(ATR_OBJ_PER_ORG) != null @and account.getStringAttribute("COMPANY") != null) {
    if (!(account.getStringAttribute("COMPANY").toString().equalsIgnoreCase("SBP"))) {
      if ((account.getStringAttribute(ATR_OBJ_PER_ORG).toString().equalsIgnoreCase(STR_CONTRACTOR)) @or(account.getStringAttribute(ATR_OBJ_PER_ORG).toString().equalsIgnoreCase(STR_EMPLOYEE))) {
        mylogger.info("Inside Employee Type ...." + account.getStringAttribute(ATR_OBJ_PER_ORG));
        mylogger.info("VInside Employee Type ...." + account.getStringAttribute(ATR_OBJ_PER_ORG));
        mylogger.info("Before userId Generation using WSCall....");
        //updatedUserName = sendRequest(STR_USERID_REQUESTXML,STR_USERID_ENDPOINT,"");
        boolean isExistingID = false;

        List objects = null;

        int loopcount = 0;
        do {

          loopcount++;
          updatedUserName = generateNextUserID();
          mylogger.info("After userId Generation using WSCall ...." + updatedUserName);

          // mylogger.info("identity from SOAP"+identity.getName());

          mylogger.info("updatedUserName from SOAP" + updatedUserName);
          mylogger.info("updatedUserName ...." + updatedUserName);
          // identity.setName(updatedUserName);
          if ("error".equalsIgnoreCase(updatedUserName)) {
            EmailTemplate template = context.getObjectByName(EmailTemplate.class, "CareFirst-UserIdGeneration-Error");
            String email = "Admin@carefirst.com";
            EmailOptions options = new EmailOptions();
            options.setTo(email);
            Map args = new HashMap();
            args.put("identityName", identity.getName());
            options.setVariables(args);
            context.sendEmailNotification(template, options);

            ArrayList list = null;
            Custom customObj = context.getObjectByName(Custom.class, "CF-UserIDFailure-Custom");
            //should be kept in custom object
            list = customObj.get("failureList");

            if (list == null) {
              list = new ArrayList();
              list.add(identity.getName());

            } else
              list.add(identity.getName());

            customObj.put("failureList", list);
            context.saveObject(customObj);
            context.commitTransaction();

            System.out.println("list ...." + list);
          } else {
            Filter useridFilter = Filter.eq(ATR_USERID, updatedUserName);

            if (useridFilter != null) {

              mylogger.info("Filter is not null");

              QueryOptions options = new QueryOptions().addFilter(useridFilter);

              if (options != null) {
                objects = context.getObjects(Identity.class, options);
                //return objects;
                mylogger.info("objects" + objects);
                if (objects.isEmpty()) {
                  isExistingID = false;
                  identity.setAttribute(ATR_USERID, updatedUserName);
                } else {
                  isExistingID = true;
                }
                if (loopcount &gt; 5) {
                  isExistingID = false;

                }
              }
            }

          }
        } while (isExistingID);

      }

    } else {
      mylogger.info("inside else ....");
      if (account.getAttribute("USERID") != null) {
       // mylogger.info("account.getStringAttribute ...." + account.getStringAttribute("USERID"));
        mylogger.info("account.getAttribute ...." + account.getAttribute("USERID"));
        identity.setAttribute(ATR_USERID, account.getAttribute("USERID").toString());
      }
      if (account.getAttribute("EMAIL") != null) {
        identity.setAttribute(ATR_EMAIL, account.getAttribute("EMAIL").toString());
      }
    }

  }</Source>
</Rule>