<?xml version='1.0' encoding='UTF-8'?>
<!DOCTYPE Rule PUBLIC "sailpoint.dtd" "sailpoint.dtd">
<Rule language="beanshell" name="CF-PredelegationRule" type="CertificationPreDelegation">
  <Description>A pre-delegation rule that is run on every CertificationEntity when the certification is generated in order to cause some entities to be pre-delegated.  As an example, a manager certification could pre-delegate the certification responsibility to each employee that reports to the manager.  This would allow each subordinate to first determine what they need access to, then allow the manager to review their decision.</Description>
  <ReferencedRules>
    <Reference class="sailpoint.object.Rule" name="CF-Constants-Rule"/>
  </ReferencedRules>
  <Signature returnType="Map">
    <Inputs>
      <Argument name="log">
        <Description>
          The log object associated with the SailPointContext.
        </Description>
      </Argument>
      <Argument name="context">
        <Description>
          A sailpoint.api.SailPointContext object that can be used to query the database if necessary.

        </Description>
      </Argument>
      <Argument name="certification">
        <Description>
          The sailpoint.object.Certification being created.
        </Description>
      </Argument>
      <Argument name="entity">
        <Description>
          The sailpoint.object.CertificationEntity to possibly pre-delegate.
        </Description>
      </Argument>
      <Argument name="certContext">
        <Description>
          The sailpoint.api.CertificationContext generating this certification.
        </Description>
      </Argument>
      <Argument name="state">
        <Description>
          A Map containing state information.
        </Description>
      </Argument>
    </Inputs>
    <Returns>
      <Argument name="recipientName">
        <Description>
          The name of the Identity that should certify this entity.  Either
          this or 'recipient' should be non-null if pre-delegation should be
          performed.
        </Description>
      </Argument>
      <Argument name="recipient">
        <Description>
          The Identity that should certify this entity.  Either this or
          'recipientName' should be non-null if pre-delegation should be
          performed.
        </Description>
      </Argument>
      <Argument name="description">
        <Description>
          Optional description to set on the delegation WorkItem.  If null, a
          default description of 'Certify [entity name]' is used.
        </Description>
      </Argument>
      <Argument name="comments">
        <Description>
          Optional comments to set on the delegation WorkItems.
        </Description>
      </Argument>
      <Argument name="reassign">
        <Description>
          Optional boolean to specify to reassign rather than delegate.
        </Description>
      </Argument>
      <Argument name="certificationName">
        <Description>
          Optional String to specify the name for the reassignment certification
          if creating a new certification for reassignment.  This is ignored for
          delegations.
        </Description>
      </Argument>
    </Returns>
  </Signature>
  <Source>import java.util.ArrayList;
  import java.util.HashMap;
  import java.util.List;
  import java.util.Map;

  import sailpoint.api.SailPointContext;
  import sailpoint.object.Certification;
  import sailpoint.object.CertificationItem;
  import sailpoint.object.EmailOptions;
  import sailpoint.object.EmailTemplate;
  import sailpoint.object.Identity;
  import sailpoint.tools.GeneralException;
import org.apache.log4j.Logger;
  Logger log = Logger.getLogger("CF-PredelegationRule");
  log.info("Starting CF-PredelegationRule");

  List&lt;CertificationItem&gt; items = entity.getItems();
  String IdentityName = entity.getTargetName();
  log.info("IdentityName===&gt;"+IdentityName);
  Identity userIdentity = context.getObjectByName(Identity.class, IdentityName);
  Identity managerIdentity=userIdentity.getManager();
  String managerJobCodeTitle=(String) managerIdentity.getAttribute("jobtitle") != null ? (String) managerIdentity.getAttribute("jobtitle") : new String();    
  String managerhrStatus="";
  log.info("managerJobCodeTitle===&gt;"+managerJobCodeTitle);
  List reassignItems = new ArrayList();
  Identity requester = context.getObjectByName(Identity.class, "spadmin");

  if(items != null) {
    for(CertificationItem item:items){
      if(item != null) {
        if(managerJobCodeTitle != null &amp;&amp; managerJobCodeTitle.equalsIgnoreCase("President &amp; CEO")) {
          log.info("managerHrStatus from CEO Predelegation*****"+managerIdentity);

          reassignItems.add(item);
          String description = "Reassignment for ceo";
          Identity theCertifiee =  context.getObjectByName(Identity.class,ceoDelegationIdentity);
          String comments = "This is the access currently granted to you: " + theCertifiee + ". Please Certifiy user on Behalf of CEO.";
          if(reassignItems != null){
            if(theCertifiee !=null){
              log.info("managerIdentity from CEO  inside bulk reassign Predelegation*****"+managerIdentity);
              certification.bulkReassign(requester, reassignItems, theCertifiee, description, comments, context.getConfiguration());

            }
          }
        }
        else{

          boolean flag=false;
          boolean reassignFlag=false;
          int counter=1;
          do{
            managerhrStatus=(String) managerIdentity.getAttribute(ATR_HRSTATUS) != null ? (String) managerIdentity.getAttribute(ATR_HRSTATUS) : new String();
			managerempStatus=(String) managerIdentity.getAttribute(ATR_OBJ_EMP_STATUS) != null ? (String) managerIdentity.getAttribute(ATR_OBJ_EMP_STATUS) : new String();
			
            counter++;
            log.info("managerHrStatus from Predelegation*****"+managerhrStatus);
            log.info("managerIdentity from Predelegation*****"+managerIdentity);

            if(managerhrStatus != null &amp;&amp; (managerhrStatus.equalsIgnoreCase("I") @or managerempStatus.equalsIgnoreCase("L") @or managerempStatus.equalsIgnoreCase("P")))
            {       
              Identity theCertifiee =  managerIdentity.getManager();
              System.out.println("New owner from Predelegation*****"+theCertifiee);
              reassignFlag=true;
              flag=true;
              managerIdentity= theCertifiee;
              System.out.println("New owner updated from Predelegation*****"+managerIdentity);
            }
            else
            {
              flag=false;
            }
            if(counter&gt;=10)
            {
              flag=false;
              //breaking the infinite loop in case
              //Placeholder for fallback manager

            }

          }while(flag);
          log.info("New owner updated from Predelegation*****"+flag);
          if(reassignFlag)
          {
            if(managerIdentity.getName().equalsIgnoreCase("019978"))
            {
              managerIdentity=context.getObjectByName(Identity.class,ceoDelegationIdentity);
              if(managerIdentity.getAttribute(ATR_HRSTATUS) != null @and (managerIdentity.getAttribute(ATR_HRSTATUS).equalsIgnoreCase("I") @or managerIdentity.getAttribute(ATR_OBJ_EMP_STATUS).equalsIgnoreCase("L") @or managerIdentity.getAttribute(ATR_OBJ_EMP_STATUS).equalsIgnoreCase("P")))
              {
                managerIdentity=context.getObjectByName(Identity.class,"FallbackApprovers");
              }

            }
            reassignItems.add(item);
            String description = "Reassignment for inactive manager";
            //Identity theCertifiee =  managerIdentity.getManager();
            String comments = "This is the access currently granted to you: " + theCertifiee + ". Please Certifiy user as the manager is inactive";
            if(reassignItems != null){
              if(managerIdentity !=null){
                certification.bulkReassign(requester, reassignItems, managerIdentity, description, comments, context.getConfiguration());
              }
            }
          }
        }   
      }
    }
  }

  String certName=certification.getName()!= null ? certification.getName() : new String();
  log.trace("certName===&gt;"+certName);
  Map results = new HashMap();
  results.put("reassign", true);
  results.put("certificationName", certName);
  return results;
  </Source>
</Rule>