<?xml version='1.0' encoding='UTF-8'?>
<!DOCTYPE Rule PUBLIC "sailpoint.dtd" "sailpoint.dtd">
<Rule language="beanshell" name="CF-PSAccountCustomization-Rule" type="ResourceObjectCustomization">
  <Description>This rule is configured on the application and is called after the connector has build a ResourceObject from the native application data.

Initially designed for non-rule based connectors to add SPPrivileged flag to an object, but could be used to do any transformations.</Description>
  <ReferencedRules>
    <Reference class="sailpoint.object.Rule" name="CF-Constants-Rule"/>
  </ReferencedRules>
  <Signature returnType="ResourceObject"/>
  <Source>import java.text.*;
  import java.util.Date;
  import sailpoint.tools.Util;
  import org.apache.log4j.Logger;

  Logger mylogger = Logger.getLogger("com.carefirst.loggers");
  mylogger.info("********Starting PS ************Customization Rule");
 
  String strAction = object.get(ATR_OBJ_ACTION);
  String strEffectiveDate = object.get(ATR_EFFECTIVE_DATE);
String strTermDate = object.get("TERMINATION_DT");  
  mylogger.info("strEffectiveDate ############ "+strEffectiveDate);
  mylogger.info("strEffectiveDate ######## "+strEffectiveDate);
  Date effectiveDate =null;
  Date termDate =null;

  if(strEffectiveDate != null ){
    SimpleDateFormat formatter=new SimpleDateFormat("MM/dd/yyyy");
    effectiveDate = formatter.parse(strEffectiveDate);
	
	DateFormat originalFormat = new SimpleDateFormat("MM/dd/yyyy", Locale.ENGLISH);
	DateFormat targetFormat = new SimpleDateFormat("dd-MMM-yy");
	Date hrDateFormat = originalFormat.parse(strEffectiveDate);
	String formattedDate = targetFormat.format(hrDateFormat);
  effectiveDate=new SimpleDateFormat("dd-MMM-yy").parse(formattedDate); 
  object.put("EFFDT",formattedDate);
  }
   if(strTermDate != null ){
    SimpleDateFormat formatter=new SimpleDateFormat("MM/dd/yyyy");
    termDate = formatter.parse(strTermDate);
	
	DateFormat originalFormat = new SimpleDateFormat("MM/dd/yyyy", Locale.ENGLISH);
	DateFormat targetFormat = new SimpleDateFormat("dd-MMM-yy");
	Date hrDateFormat = originalFormat.parse(strTermDate);
	String formattedDate = targetFormat.format(hrDateFormat);
  termDate=new SimpleDateFormat("dd-MMM-yy").parse(formattedDate); 
  object.put("TERMINATION_DT",formattedDate);
  }
  Date todayDate = new Date();
  mylogger.info("todayDate is == "+todayDate+effectiveDate );

 if(effectiveDate != null &amp;&amp; todayDate != null &amp;&amp; Util.isNotNullOrEmpty(strAction)) {

    if(todayDate.compareTo(effectiveDate) &lt; 0 &amp;&amp; strAction.equalsIgnoreCase(STR_ACTION_ADD)) {
      object.put(ATR_OBJ_EMP_STATUS,ATR_PREHIRE);
    }
    else if(todayDate.compareTo(effectiveDate) &lt; 0 &amp;&amp; strAction.equalsIgnoreCase(STR_ACTION_HIR)) {
      object.put(ATR_OBJ_EMP_STATUS,ATR_PREHIRE);
    }
	
 }
  //Set UserType
  if(object.get(ATR_OBJ_PER_ORG)!=null){
    if(object.get(ATR_OBJ_PER_ORG).toString().equals(STR_EMP)){
      
          object.put(ATR_OBJ_PER_ORG,STR_EMPLOYEE);
      
    }else if(object.get(ATR_OBJ_PER_ORG).toString().equals(STR_CWR)){
       
           object.put(ATR_OBJ_PER_ORG,STR_CONTRACTOR);
    
    }
    else{
      mylogger.info("Not a Carefirst Associate");
    }
    
  }
  return object;</Source>
</Rule>