<?xml version='1.0' encoding='UTF-8'?>
<!DOCTYPE Rule PUBLIC "sailpoint.dtd" "sailpoint.dtd">
<Rule language="beanshell" name="CF-PredelegationRule-AAR" type="CertificationPreDelegation">
  <Description>A pre-delegation rule that is run on every CertificationEntity when the certification is generated in order to cause some entities to be pre-delegated.  As an example, a manager certification could pre-delegate the certification responsibility to each employee that reports to the manager.  This would allow each subordinate to first determine what they need access to, then allow the manager to review their decision.</Description>
  <ReferencedRules>
    <Reference class="sailpoint.object.Rule" name="CF-Constants-Rule"/>
  </ReferencedRules>
  <Signature returnType="Map">
    <Inputs>
      <Argument name="log">
        <Description>
          The log object associated with the SailPointContext.
        </Description>
      </Argument>
      <Argument name="context">
        <Description>
          A sailpoint.api.SailPointContext object that can be used to query the database if necessary.

        </Description>
      </Argument>
      <Argument name="certification">
        <Description>
          The sailpoint.object.Certification being created.
        </Description>
      </Argument>
      <Argument name="entity">
        <Description>
          The sailpoint.object.CertificationEntity to possibly pre-delegate.
        </Description>
      </Argument>
      <Argument name="certContext">
        <Description>
          The sailpoint.api.CertificationContext generating this certification.
        </Description>
      </Argument>
      <Argument name="state">
        <Description>
          A Map containing state information.
        </Description>
      </Argument>
    </Inputs>
    <Returns>
      <Argument name="recipientName">
        <Description>
          The name of the Identity that should certify this entity.  Either
          this or 'recipient' should be non-null if pre-delegation should be
          performed.
        </Description>
      </Argument>
      <Argument name="recipient">
        <Description>
          The Identity that should certify this entity.  Either this or
          'recipientName' should be non-null if pre-delegation should be
          performed.
        </Description>
      </Argument>
      <Argument name="description">
        <Description>
          Optional description to set on the delegation WorkItem.  If null, a
          default description of 'Certify [entity name]' is used.
        </Description>
      </Argument>
      <Argument name="comments">
        <Description>
          Optional comments to set on the delegation WorkItems.
        </Description>
      </Argument>
      <Argument name="reassign">
        <Description>
          Optional boolean to specify to reassign rather than delegate.
        </Description>
      </Argument>
      <Argument name="certificationName">
        <Description>
          Optional String to specify the name for the reassignment certification
          if creating a new certification for reassignment.  This is ignored for
          delegations.
        </Description>
      </Argument>
    </Returns>
  </Signature>
  <Source>
  import java.util.ArrayList;
  import java.util.HashMap;
  import java.util.List;
  import java.util.Map;
  import sailpoint.api.SailPointContext;
  import sailpoint.object.Certification;
  import sailpoint.object.CertificationItem;
  import sailpoint.object.EmailOptions;
  import sailpoint.object.EmailTemplate;
  import sailpoint.object.Identity;
  import sailpoint.tools.GeneralException;
  import sailpoint.object.Link;
  import sailpoint.object.QueryOptions;
  import sailpoint.object.Filter;
  import sailpoint.object.Application;
  import org.apache.log4j.Logger;
  Logger log = Logger.getLogger("CF-PredelegationRule-AAR");
  log.info("Starting CF-PredelegationRule-AAR");

  List items = entity.getItems();  
  String IdentityName = entity.getTargetName();  
  Identity ownerObj=null;  
  log.info("IdentityName===&gt;"+IdentityName);
  if(IdentityName!=null)
  {
    Identity userIdentity = context.getObjectByName(Identity.class, IdentityName);    
	Link wgAppLink= userIdentity.getLink(context.getObjectByName(Application.class,"WorkgroupAccessReview"));     
    if(wgAppLink!=null){      
		String ownerName=wgAppLink.getAttribute("Owner");  
		QueryOptions ops = new QueryOptions();
        Filter f = Filter.eq( "userid", ownerName);
        ops.addFilter(f);
		List identityList = context.getObjects( Identity.class, ops );
         if(!(identityList.isEmpty())){     
			 ownerObj=identityList.get(0);
			}
		}
	}  
  if(ownerObj!=null)
  {
  String ownerJobCodeTitle=(String) ownerObj.getAttribute("jobtitle") != null ? (String) ownerObj.getAttribute("jobtitle") : new String();    
  String ownerhrStatus="";
  log.info("ownerJobCodeTitle===&gt;"+ownerJobCodeTitle);
  List reassignItems = new ArrayList();
  Identity requester = context.getObjectByName(Identity.class, "spadmin");

  if(items != null) {
    for(CertificationItem item:items){
      if(item != null) {
			if(ownerObj!=null){
					if(ownerJobCodeTitle != null &amp;&amp; ownerJobCodeTitle.equalsIgnoreCase("President &amp; CEO")) {
						reassignItems.add(item);
						String description = "Reassignment for ceo";
						Identity theCertifiee =  context.getObjectByName(Identity.class,ceoDelegationIdentity);
						String comments = "This is the access currently granted to you: " + theCertifiee + ". Please Certifiy user on Behalf of CEO.";
						if(reassignItems != null){
							if(theCertifiee !=null){
								certification.bulkReassign(requester, reassignItems, theCertifiee, description, comments, context.getConfiguration());
							}
						}
					}
					else{
						boolean flag=false;
						boolean reassignFlag=false;
						int counter=1;
						do{
							ownerhrStatus=(String) ownerObj.getAttribute(ATR_HRSTATUS) != null ? (String) ownerObj.getAttribute(ATR_HRSTATUS) : new String();
							ownerempStatus=(String) ownerObj.getAttribute(ATR_OBJ_EMP_STATUS) != null ? (String) ownerObj.getAttribute(ATR_OBJ_EMP_STATUS) : new String();
							counter++;            
							if(ownerhrStatus != null &amp;&amp; (ownerhrStatus.equalsIgnoreCase("I") @or ownerhrStatus.equalsIgnoreCase("L") @or ownerhrStatus.equalsIgnoreCase("P"))){       
								Identity theCertifiee =  ownerObj.getManager();
								reassignFlag=true;
								flag=true;
								ownerObj= theCertifiee;
							}
								else{
									flag=false;
								}
							if(counter&gt;=10){
									flag=false;
									//breaking the infinite loop in case
									//Placeholder for fallback manager
								}
						}while(flag);
						if(reassignFlag){
							if(ownerObj.getName().equalsIgnoreCase("019978")){
								ownerObj=context.getObjectByName(Identity.class,ceoDelegationIdentity);
								if(ownerObj.getAttribute(ATR_HRSTATUS) != null @and (ownerObj.getAttribute(ATR_HRSTATUS).equalsIgnoreCase("I") @or ownerObj.getAttribute(ATR_OBJ_EMP_STATUS).equalsIgnoreCase("L") @or ownerObj.getAttribute(ATR_OBJ_EMP_STATUS).equalsIgnoreCase("P"))){
									ownerObj=context.getObjectByName(Identity.class,"FallbackApprovers");
								}
							}
						}
						reassignItems.add(item);
						String description = "Reassignment for inactive manager";
						String comments = "This is the access currently granted to you: " + theCertifiee + ". Please Certifiy user as the approver is inactive";
						if(reassignItems != null){
							if(ownerObj !=null){
								certification.bulkReassign(requester, reassignItems, ownerObj, description, comments, context.getConfiguration());
							}
						}
					} 
				}
			}
		}
	}  
  }
  String certName=certification.getName()!= null ? certification.getName() : new String();
  log.info("certName===&gt;"+certName);
  Map results = new HashMap();
  results.put("reassign", true);
  results.put("certificationName", certName);
  return results;
  </Source>
</Rule>