<?xml version='1.0' encoding='UTF-8'?>
<!DOCTYPE Rule PUBLIC "sailpoint.dtd" "sailpoint.dtd">
<Rule language="beanshell" name="CF-ProvisionSkypeAccess-Rule" type="ConnectorAfterCreate">
  <Attributes>
    <Map>
      <entry key="ObjectOrientedScript" value="true"/>
      <entry key="disabled" value="false"/>
      <entry key="extension" value=".ps1"/>
      <entry key="program" value="powershell.exe"/>
      <entry key="timeout" value="150"/>
    </Map>
  </Attributes>
  <Description>
    An IdentityIQ Server-Side rule that is executed AFTER the connector's provisioning method is called. 
    This rule is called after accounts have been created on the underlying AD domain.
  </Description>
  <Signature>
    <Inputs>
      <Argument name="log">
        <Description>
          The log object associated with the SailPointContext.
        </Description>
      </Argument>
      <Argument name="context">
        <Description>
          A sailpoint.api.SailPointContext object that can be used to query the database if necessary.
        </Description>
      </Argument>
      <Argument name="plan">
        <Description>
          The ProvisioningPlan object on its way to the Connector.
        </Description>
      </Argument>
      <Argument name="application">
        <Description>
          The application object that references this before/after script.
        </Description>
      </Argument>
    </Inputs>
  </Signature>
  <Source>
  
  Add-type -path E:\IQService\IQService\utils.dll


  try{
     $date = Get-Date
    ECHO "Creating Skype on Get-Date on****"$date |Add-Content -path E:\Test\CF-SkypeProvisioning-Logs.txt -FORC
      $sReader = New-Object System.IO.StringReader([System.String]$env:Request); 
    $xmlReader = [System.xml.XmlTextReader]([sailpoint.Utils.xml.XmlUtil]::getReader($sReader)); 
    $requestObject = New-Object Sailpoint.Utils.objects.AccountRequest($xmlReader);
 ECHO "Creating Skype Before Request Operation****"$date |Add-Content -path E:\Test\CF-SkypeProvisioning-Logs.txt -FORC
    
    ECHO "Creating Skype Inside create Operation****"$date |Add-Content -path E:\Test\CF-SkypeProvisioning-Logs.txt -FORC

    ECHO "Creating Skype  After import session ****" |Add-Content -path E:\Test\CF-SkypeProvisioning-Logs.txt -FORC
        foreach ($attribute in $requestObject.AttributeRequests){
       ECHO "Creating Skype Inside For loop****"$date |Add-Content -path E:\Test\CF-SkypeProvisioning-Logs.txt -FORC

        if($attribute.Name -eq "sAMAccountName"){
          [string]$samAccountName = $attribute.Value
            ECHO "Creating Skype SamAccountName = ****"$samAccountName |Add-Content -path E:\Test\CF-SkypeProvisioning-Logs.txt -FORC
        }

      }
      ECHO  $samaccountName |Add-Content -path E:\Test\CF-SkypeProvisioning-Logs.txt -FORCE 
        
          
         Enable-CsUser -Identity $samaccountName -RegistrarPool sfb.carefirst.com -SipAddress SIP:$samAccountName@carefirst.com

        
          ECHO "Skype Account Created for "+$samaccountName  + "on "$date  |Add-Content -path E:\Test\CF-SkypeProvisioning-Logs.txt -FORCE
    

  }
  catch{
    ECHO "error:" $_.exception.message|Add-Content -path E:\CF-SkypeProvisioningErrors-Logs.txt -FORCE
      $errorMessage = $_.exception.message;

  }
  </Source>
</Rule>