<?xml version='1.0' encoding='UTF-8'?>
<!DOCTYPE Rule PUBLIC "sailpoint.dtd" "sailpoint.dtd">
<Rule language="beanshell" name="CF-PredelegationRule-CDC Review" type="CertificationPreDelegation">
  <Description>A pre-delegation rule that is run on every CertificationEntity when the certification is generated in order to cause some entities to be pre-delegated.  As an example, a manager certification could pre-delegate the certification responsibility to each employee that reports to the manager.  This would allow each subordinate to first determine what they need access to, then allow the manager to review their decision.</Description>
  <ReferencedRules>
    <Reference class="sailpoint.object.Rule" name="CF-Constants-Rule"/>
  </ReferencedRules>
  <Signature returnType="Map">
    <Inputs>
      <Argument name="log">
        <Description>
          The log object associated with the SailPointContext.
        </Description>
      </Argument>
      <Argument name="context">
        <Description>
          A sailpoint.api.SailPointContext object that can be used to query the database if necessary.

        </Description>
      </Argument>
      <Argument name="certification">
        <Description>
          The sailpoint.object.Certification being created.
        </Description>
      </Argument>
      <Argument name="entity">
        <Description>
          The sailpoint.object.CertificationEntity to possibly pre-delegate.
        </Description>
      </Argument>
      <Argument name="certContext">
        <Description>
          The sailpoint.api.CertificationContext generating this certification.
        </Description>
      </Argument>
      <Argument name="state">
        <Description>
          A Map containing state information.
        </Description>
      </Argument>
    </Inputs>
    <Returns>
      <Argument name="recipientName">
        <Description>
          The name of the Identity that should certify this entity.  Either
          this or 'recipient' should be non-null if pre-delegation should be
          performed.
        </Description>
      </Argument>
      <Argument name="recipient">
        <Description>
          The Identity that should certify this entity.  Either this or
          'recipientName' should be non-null if pre-delegation should be
          performed.
        </Description>
      </Argument>
      <Argument name="description">
        <Description>
          Optional description to set on the delegation WorkItem.  If null, a
          default description of 'Certify [entity name]' is used.
        </Description>
      </Argument>
      <Argument name="comments">
        <Description>
          Optional comments to set on the delegation WorkItems.
        </Description>
      </Argument>
      <Argument name="reassign">
        <Description>
          Optional boolean to specify to reassign rather than delegate.
        </Description>
      </Argument>
      <Argument name="certificationName">
        <Description>
          Optional String to specify the name for the reassignment certification
          if creating a new certification for reassignment.  This is ignored for
          delegations.
        </Description>
      </Argument>
    </Returns>
  </Signature>
  <Source>import java.util.ArrayList;
  import java.util.HashMap;
  import java.util.List;
  import java.util.Map;

  import sailpoint.api.SailPointContext;
  import sailpoint.object.Certification;
  import sailpoint.object.CertificationItem;
  import sailpoint.object.EmailOptions;
  import sailpoint.object.EmailTemplate;
  import sailpoint.object.Identity;
  import sailpoint.tools.GeneralException;
   import org.apache.log4j.Logger;
  Logger log = Logger.getLogger("CF-PredelegationRule-CDC Review");
  log.info("Starting CF-PredelegationRule-CDC Review");

 log.info("Inside Predelegation Rule- CDC - certification"+certification);
   log.info("Inside Predelegation Rule- CDC - entity"+entity);
   log.info("Inside Predelegation Rule- CDC - certContext"+certContext);
 
  List&lt;CertificationItem&gt; items = entity.getItems();
   log.info("Inside Predelegation Rule- CDC - director name:"+items);
  String IdentityName = entity.getTargetName();
   log.info("Inside Predelegation Rule- CDC - director name:"+IdentityName);
   log.info("IdentityName===&gt;"+IdentityName);
  Identity userIdentity = context.getObjectByName(Identity.class, IdentityName);
  String directorName = userIdentity.getAttribute("director");
   log.info("Inside Predelegation Rule- CDC - director name:"+directorName);
  
  log.trace("managerJobCodeTitle===&gt;"+managerJobCodeTitle);
  List reassignItems = new ArrayList();
  Identity requester = context.getObjectByName(Identity.class, "spadmin");
  if(items != null) {
    for(CertificationItem item:items){
     if(item != null) {
       if(IdentityName.equals("019978")){
          reassignItems.add(item);
           Identity theCertifiee =  context.getObjectByName(Identity.class,ceoDelegationIdentity);
          String description = "Reassignment for ceo";
                String comments = "This is the access currently granted to you: " + theCertifiee + ". Please Certifiy user on Behalf of CEO.";
                if(reassignItems != null){
                  if(theCertifiee !=null){
                   //  log.info("managerIdentity from CEO  inside bulk reassign Predelegation*****"+managerObj);
                    certification.bulkReassign(requester, reassignItems, theCertifiee, description, comments, context.getConfiguration());
         
       }
                }
       }
       
       
       
       
       if(directorName!=null)
        {
   log.info("Inside Predelegation Rule- CDC - director if loop"+item);
           log.info("Inside Predelegation Rule- CDC - director if loop"+directorName);
          Identity directorObj=context.getObjectByName(Identity.class,directorName);
          boolean flag=false;
          boolean reassignFlag=false;
          int counter=1;
          do{
            directorHrStatus=directorObj.getAttribute(ATR_HRSTATUS) != null ? directorObj.getAttribute(ATR_HRSTATUS) : new String();
			directorempStatus=directorObj.getAttribute(ATR_OBJ_EMP_STATUS) != null ? directorObj.getAttribute(ATR_OBJ_EMP_STATUS) : new String();
            counter++;
            reassignFlag=true;      
            if(directorHrStatus != null &amp;&amp; (directorHrStatus.equalsIgnoreCase("I") @or directorempStatus.equalsIgnoreCase("L") @or directorempStatus.equalsIgnoreCase("P"))) {
              Identity theCertifiee =  directorObj.getManager();		
              flag=true;
              directorObj= theCertifiee;
            }
            else
            {
              flag=false;
            }
            if(counter&gt;=10)
            {
              flag=false;
              //breaking the infinite loop in case
              //Placeholder for fallback manager
            }
          }while(flag);
           log.info("Inside Predelegation Rule- CDC - director if loop"+reassignFlag);
          if(reassignFlag)
          {
             log.info("Inside Predelegation Rule- CDC - director if loop reassign flag");
            if(directorObj.getName().equalsIgnoreCase("019978"))
            {
              directorObj=context.getObjectByName(Identity.class,ceoDelegationIdentity);
              if(directorObj.getAttribute(ATR_HRSTATUS) != null @and directorObj.getAttribute(ATR_HRSTATUS).equalsIgnoreCase("I"))  
              {
                directorObj=context.getObjectByName(Identity.class,"FallbackApprovers");
              }
               log.info("Inside Predelegation Rule- CDC - director if loop director obj"+directorObj);
            }

            reassignItems.add(item);
             log.info("Inside Predelegation Rule- CDC - director if loop reassign items"+reassignItems);
            String description = "Reassignment for inactive manager";
            //Identity theCertifiee =  managerIdentity.getManager();
            String comments = "This is the access currently granted to you: " + theCertifiee + ". Please Certifiy user as the manager is inactive";
            if(reassignItems != null){
                log.info("Inside Predelegation Rule- CDC - director if loop reassign items"+reassignItems);
              if(directorObj !=null){
                 log.info("Inside Predelegation Rule- CDC - director if loop reassign items"+directorObj);
                  log.info("Inside Predelegation Rule- CDC - director if loop reassign items"+certification);
                certification.bulkReassign(requester, reassignItems, directorObj, description, comments, context.getConfiguration());
                 log.info("Inside Predelegation Rule- CDC - director if loop reassign items"+certification);
              }
            }
          }
        }
        else{
          Identity managerObj =  userIdentity.getManager();
          managerJobTitle=managerObj.getAttribute(ATR_JOBTITLE) != null ? managerObj.getAttribute(ATR_JOBTITLE) : new String();
          if(managerObj!=null)
          {
            if(managerJobTitle.contains("dir") @or managerJobTitle.contains("DIR") @or managerJobTitle.contains("Dir"))
            {

              boolean flag=false;
              boolean reassignFlag=false;
              int counter=1;
              do{
                managerHrStatus=managerObj.getAttribute(ATR_HRSTATUS) != null ? managerObj.getAttribute(ATR_HRSTATUS) : new String();
				managerempStatus=managerObj.getAttribute(ATR_OBJ_EMP_STATUS) != null ? managerObj.getAttribute(ATR_OBJ_EMP_STATUS) : new String();
				
                counter++;

                if(managerHrStatus != null &amp;&amp; (managerHrStatus.equalsIgnoreCase("I") @or managerempStatus.equalsIgnoreCase("L") @or managerempStatus.equalsIgnoreCase("P"))) {
                  Identity theCertifiee =  managerObj.getManager();          
                  flag=true;
                  reassignFlag=true;
                  managerObj= theCertifiee;
                }
                else
                {
                  flag=false;
                }
                if(counter&gt;=10)
                {
                  flag=false;
                  //breaking the infinite loop in case
                  //Placeholder for fallback manager
                }
              }while(flag);

              if(reassignFlag)
              {
                if(managerObj.getName().equalsIgnoreCase("019978"))
                {
                  managerObj=context.getObjectByName(Identity.class,ceoDelegationIdentity);
                  if(managerObj.getAttribute(ATR_HRSTATUS) != null @and managerObj.getAttribute(ATR_HRSTATUS).equalsIgnoreCase("I"))
                  {
                    managerObj=context.getObjectByName(Identity.class,"FallbackApprovers");
                  }
                }	

                reassignItems.add(item);
                String description = "Reassignment for inactive manager";
                String comments = "This is the access currently granted to you: " + theCertifiee + ". Please Certifiy user as the manager is inactive";
                if(reassignItems != null){
                  if(managerObj !=null){
                    certification.bulkReassign(requester, reassignItems, managerObj, description, comments, context.getConfiguration());
                  }
                }
              }
            }
            else
            {

              String managerJobCodeTitle=(String) managerObj.getAttribute("jobtitle") != null ? (String) managerObj.getAttribute("jobtitle") : new String();    
              if(managerJobCodeTitle != null &amp;&amp; managerJobCodeTitle.equalsIgnoreCase("President &amp; CEO")) {
                 log.info("managerHrStatus from CEO Predelegation*****"+managerObj);

                reassignItems.add(item);
                String description = "Reassignment for ceo";
                Identity theCertifiee =  context.getObjectByName(Identity.class,ceoDelegationIdentity);
                if(theCertifiee.getAttribute(ATR_HRSTATUS) != null @and theCertifiee.getAttribute(ATR_HRSTATUS).equalsIgnoreCase("I"))
                {
                  theCertifiee=context.getObjectByName(Identity.class,"FallbackApprovers");
                }

                String comments = "This is the access currently granted to you: " + theCertifiee + ". Please Certifiy user on Behalf of CEO.";
                if(reassignItems != null){
                  if(theCertifiee !=null){
                     log.info("managerIdentity from CEO  inside bulk reassign Predelegation*****"+managerObj);
                    certification.bulkReassign(requester, reassignItems, theCertifiee, description, comments, context.getConfiguration());

                  }
                }
              }
            }
          }
        }
     }
   }
  }
  String certName=certification.getName()!= null ? certification.getName() : new String();
   log.info("certName===&gt;"+certName);
  Map results = new HashMap();
  results.put("reassign", true);
  results.put("certificationName", certName);
  return results;
  </Source>
</Rule>