<?xml version='1.0' encoding='UTF-8'?>
<!DOCTYPE Rule PUBLIC "sailpoint.dtd" "sailpoint.dtd">
<Rule language="beanshell" name="CF-ReqValut-AfterPovisioning-Rule" type="AfterProvisioning">
  <Description>An IdentityIQ server-side rule that is executed after the connector's provisioning method is called. This gives the customer the ability to customize or react to anything in the ProvisioningPlan AFTER it has been sent out to the specific applications. 

This rule will be called for any application found in a plan that also has a configured 'afterProvisioningRule' configured.</Description>
  <Signature>
    <Inputs>
      <Argument name="log">
        <Description>
          The log object associated with the SailPointContext.
        </Description>
      </Argument>
      <Argument name="context">
        <Description>
          A sailpoint.api.SailPointContext object that can be used to query the database if necessary.
        </Description>
      </Argument>
      <Argument name="plan">
        <Description>
          The ProvisioningPlan object on its way to the Connector.
        </Description>
      </Argument>
      <Argument name="application">
        <Description>
          The application object that references this before/after script.
        </Description>
      </Argument>
      <Argument name="result">
        <Description>
          The ProvisioningResult object returned by the connectors provision method. This can be null and in many cases the connector will  not return a result and instead will annotate the plan's ProvisioningResult either at the plan or account level.        
        </Description>
      </Argument>
    </Inputs>
  </Signature>
  <Source>import sailpoint.object.*;
import sailpoint.object.ProvisioningPlan;
import sailpoint.object.ProvisioningPlan.AccountRequest;
import sailpoint.object.ProvisioningPlan.AttributeRequest;
import java.io.File;
import javax.xml.parsers.DocumentBuilder;
import javax.xml.parsers.DocumentBuilderFactory;
import javax.xml.transform.OutputKeys;
import javax.xml.transform.Transformer;
import javax.xml.transform.TransformerFactory;
import javax.xml.transform.dom.DOMSource;
import javax.xml.transform.stream.StreamResult;
import org.w3c.dom.Document;
import org.w3c.dom.Element;
import org.w3c.dom.Node;
import java.util.*;
import java.util.HashMap;
import sailpoint.api.PasswordGenerator;
import sailpoint.object.Application;
import sailpoint.object.Configuration;
import sailpoint.object.EmailOptions;
import sailpoint.object.EmailTemplate;
import sailpoint.object.Identity;
import sailpoint.object.Link;
import sailpoint.object.ProvisioningPlan.AccountRequest;
import sailpoint.object.ProvisioningPlan.AttributeRequest;
import java.util.Date;
import sailpoint.api.TaskManager;
import sailpoint.object.Attributes;
import sailpoint.object.TaskDefinition;
import sailpoint.api.ObjectUtil;
import java.util.List;
import java.io.*;
import java.util.Hashtable;
import javax.naming.*;
import javax.naming.directory.*;
import javax.naming.ldap.*;
import java.util.ArrayList;
import java.util.Map;
import sailpoint.object.Attributes;
import java.text.SimpleDateFormat;
import sailpoint.object.Filter;
import sailpoint.object.QueryOptions;
import java.io.StringWriter;
import java.sql.Timestamp;
import java.util.UUID;
import com.tibco.tibjms.TibjmsQueueConnectionFactory;
import java.io.*;
import java.util.Vector;
import javax.jms.*;
import javax.jms.Connection;
import javax.jms.Destination;
import javax.jms.JMSException;
import javax.jms.Message;
import javax.jms.MessageProducer;
import javax.jms.Queue;
import javax.jms.Session;
import javax.jms.TextMessage;
import com.tibco.tibjms.TibjmsConnectionFactory;
   import org.apache.log4j.Logger;

// examine provisioning result to see if Identity has been added to Admin group
  
  Logger loggerObj = Logger.getLogger("com.carefirst.JMSHandler");
  loggerObj.info("###JMSHandler @  Starting  JMSHandler Rule");
  
  
   public void sendMessage(String message) throws Exception {
		    String qname ="TIBEMSQ.CIAM.ARIBA.PROVISIONING.RES";
		    TibjmsConnectionFactory tibjmsConnectionFactory = new TibjmsConnectionFactory("svl-tibbwems-d5:7333");
			 loggerObj.info("###JMSHandler @  before connection");
		    Connection conn = tibjmsConnectionFactory.createConnection("TIBEMS_JAVA_ARIBA_CIAM", "JP4G1zXXf#YXEI8");
			 loggerObj.info("###JMSHandler @  after connection");

		    Session session = conn.createSession(false, 1);
		    MessageProducer msgProducer = session.createProducer(null);
		    loggerObj.info("Sending message to " + "" + qname);
		    loggerObj.info("payload = " + message);
		    try {
			loggerObj.info("###JMSHandler @  before sendMessage");
		      sendMessage(session, message, qname, msgProducer);
			  loggerObj.info("###JMSHandler @  after sendMessage");
		    } catch (JMSException e) {
			loggerObj.info("###JMSHandler @  exception "+e);
		      e.printStackTrace();
		    } catch (Throwable te) {
		    	te.printStackTrace();
		    } finally {
		      conn.close();
		    } 
		  }
		  
		  private void sendMessage(Session session, String message, String qname, MessageProducer msgProducer) throws JMSException {
		    if (message == null || message.trim().length() &lt;= 0)
		      return; 
		    TextMessage msg = session.createTextMessage(message);
		    Queue d = session.createQueue(qname);
			loggerObj.info("###JMSHandler @  before msg send ");
		    msgProducer.send((Destination)d, (Message)msg);
			loggerObj.info("###JMSHandler @  after msg send ");
		  }


public static Node getEmployeeElements(Document doc, Element element, String name, String value) {
Element node = doc.createElement(name);
node.appendChild(doc.createTextNode(value));
return node;
}

public static Node getHeader(Document doc, String message_id, String trn_event_type, String src_system,
String msg_creation_tmstmp, String user_cf_relationship, String mode, String trn_msg_type, String target_system) {
Element headerDetails = doc.createElement("HEADER");
Element trnHeaderDetails = doc.createElement("TRN_HEADER");

headerDetails.appendChild(trnHeaderDetails);
//set id attribute
//userDatils.appendChild(getEmployeeElements(doc, userDatils, "sno", sno));

//create age element
trnHeaderDetails.appendChild(getEmployeeElements(doc, trnHeaderDetails, "MESSAGE_ID", message_id));

//create role element
trnHeaderDetails.appendChild(getEmployeeElements(doc, trnHeaderDetails, "TRN_EVENT_TYPE", trn_event_type));

//create gender element
trnHeaderDetails.appendChild(getEmployeeElements(doc, trnHeaderDetails, "SRC_SYSTEM", src_system));

trnHeaderDetails.appendChild(getEmployeeElements(doc, trnHeaderDetails, "MSG_CREATION_TMSTMP", msg_creation_tmstmp));

trnHeaderDetails.appendChild(getEmployeeElements(doc, trnHeaderDetails, "USER_CF_RELATIONSHIP", user_cf_relationship));

trnHeaderDetails.appendChild(getEmployeeElements(doc, trnHeaderDetails, "MODE", mode));

trnHeaderDetails.appendChild(getEmployeeElements(doc, trnHeaderDetails, "TRN_MSG_TYPE", trn_msg_type));

trnHeaderDetails.appendChild(getEmployeeElements(doc, trnHeaderDetails, "TARGET_SYSTEM", target_system));

return headerDetails;
}

 

public static Node getEmployee(Document doc, String frst_nm, String mid_nm, String last_nm,
String ssn, String locn_cd, String mngr_id, String mngr_nm,String dept_nm, String job_titl, String bu_cd,
String dept_cd, String eeo_cd, String job_cd, String co_cd, String co_nm, String cc,
String appln_desc, String appln_nm, String role_nm, String role_desc, String pvlg_nm, String user_id,
String emal_addr, String tlcmtn_nbr, String tlcmtn_nbr_typ){

 

Element employee = doc.createElement("PRSN");

employee.appendChild(getEmployeeElements(doc, employee, "FRST_NM", frst_nm));
// employee.appendChild(getEmployeeElements(doc, employee, "MID_NM", mid_nm));
employee.appendChild(getEmployeeElements(doc, employee, "LAST_NM", last_nm));
employee.appendChild(getEmployeeElements(doc, employee, "SSN", ssn));

Element cf_personDetails = doc.createElement("CF_PERSON");
employee.appendChild(cf_personDetails);

Element associateDetails = doc.createElement("ASSOCIATE");
cf_personDetails.appendChild(associateDetails);

associateDetails.appendChild(getEmployeeElements(doc, cf_personDetails, "LOCN_CD", locn_cd));
associateDetails.appendChild(getEmployeeElements(doc, cf_personDetails, "MNGR_ID", mngr_id));
associateDetails.appendChild(getEmployeeElements(doc, cf_personDetails, "MNGR_NM", mngr_id));

Element bu_infoDetails = doc.createElement("BU_INFO");
cf_personDetails.appendChild(bu_infoDetails);

bu_infoDetails.appendChild(getEmployeeElements(doc, bu_infoDetails, "DEPT_NM", dept_nm));
bu_infoDetails.appendChild(getEmployeeElements(doc, bu_infoDetails, "JOB_TITL", job_titl));
bu_infoDetails.appendChild(getEmployeeElements(doc, bu_infoDetails, "BU_CD", bu_cd));
bu_infoDetails.appendChild(getEmployeeElements(doc, bu_infoDetails, "DEPT_CD", dept_cd));
bu_infoDetails.appendChild(getEmployeeElements(doc, bu_infoDetails, "EEO_CD", eeo_cd));
bu_infoDetails.appendChild(getEmployeeElements(doc, bu_infoDetails, "JOB_CD", job_cd));
bu_infoDetails.appendChild(getEmployeeElements(doc, bu_infoDetails, "CO_CD", co_cd));
bu_infoDetails.appendChild(getEmployeeElements(doc, bu_infoDetails, "CO_NM", co_nm));
bu_infoDetails.appendChild(getEmployeeElements(doc, bu_infoDetails, "CC", cc));
// create age element

Element applnsDetails = doc.createElement("APPLNS");
employee.appendChild(applnsDetails);

Element applns = doc.createElement("APPLN");
applnsDetails.appendChild(applns);
applns.appendChild(getEmployeeElements(doc, applns, "APPLN_DESC", appln_desc));
applns.appendChild(getEmployeeElements(doc, applns, "APPLN_NM", appln_nm));

Element appln_roles = doc.createElement("APPLN_ROLES");
applns.appendChild(appln_roles);

Element appln_role = doc.createElement("APPLN_ROLE");
appln_roles.appendChild(appln_role);

appln_role.appendChild(getEmployeeElements(doc, appln_role, "ROLE_NM", role_nm));
appln_role.appendChild(getEmployeeElements(doc, appln_role, "ROLE_DESC", role_desc));

Element pvlgsDetails = doc.createElement("PVLGS");
appln_role.appendChild(pvlgsDetails);

Element pvlg = doc.createElement("PVLG");
pvlgsDetails.appendChild(pvlg);

pvlg.appendChild(getEmployeeElements(doc, pvlg, "PVLG_NM", pvlg_nm));

Element user_acctDetails = doc.createElement("USER_ACCT");
applns.appendChild(user_acctDetails);

user_acctDetails.appendChild(getEmployeeElements(doc, user_acctDetails, "USER_ID", user_id));

Element emalDetails = doc.createElement("EMAL");
employee.appendChild(emalDetails);

emalDetails.appendChild(getEmployeeElements(doc, emalDetails, "EMAL_ADDR", emal_addr));

Element tlcmtnDetails = doc.createElement("TLCMTN");
employee.appendChild(tlcmtnDetails);

tlcmtnDetails.appendChild(getEmployeeElements(doc, tlcmtnDetails, "TLCMTN_NBR", tlcmtn_nbr));
tlcmtnDetails.appendChild(getEmployeeElements(doc, tlcmtnDetails, "TLCMTN_NBR_TYP", tlcmtn_nbr_typ));

return employee;

}

String requester;
if ( plan != null )
{
List accounts = plan.getAccountRequests();
if ( ( accounts != null ) &amp;&amp; ( accounts.size() &gt; 0 ) )
{
for ( AccountRequest acctReq : accounts )
{
  loggerObj.info("In JDBC After provisioning Rule Operation ::::"+acctReq.getOperation());
if (( acctReq != null ) &amp;&amp; (AccountRequest.Operation.Create.equals(acctReq.getOperation())))
{

UUID gfg = UUID.randomUUID();
Timestamp timestamp = new Timestamp(System.currentTimeMillis());

String messageId = gfg.toString();
String trnEventType = "A";
String srcSystem = "CIAM";
String msgCreationTisTmp = timestamp.toInstant().toString();
String userCfRelationship = "ASSOCIATE";
String mode = "REALTIME";
String trnMsgType = "CFAA";
String targetSystem = "ARIBA";
  
String frst_nm = "";
  if(acctReq.getAttributeRequest("firstname") != null){
    frst_nm =  acctReq.getAttributeRequest("firstname").getValue();
}
  loggerObj.info("###frst_nm is::::"+frst_nm);
String mid_nm = "";
  if(acctReq.getAttributeRequest("middle_name") != null){
 mid_nm = acctReq.getAttributeRequest("middle_name").getValue();
}
String last_nm = "";
  
  if(acctReq.getAttributeRequest("lastname") != null){
last_nm = acctReq.getAttributeRequest("lastname").getValue();
}
  
String ssn = "33221";
String locn_cd = "";
  if(acctReq.getAttributeRequest("location") != null){
locn_cd =  acctReq.getAttributeRequest("location").getValue();
}
String mngr_id = "6632";
String mngr_nm = "";
String dept_nm = "Marketing";
String job_titl = "Customer Service Representative";
String bu_cd = "ITOPS";
  if(acctReq.getAttributeRequest("business_unit") != null){
bu_cd = acctReq.getAttributeRequest("business_unit").getValue();
}
String dept_cd = "002K3";
  
  if(acctReq.getAttributeRequest("department_id") != null){
dept_cd = acctReq.getAttributeRequest("department_id").getValue();
}
 
String eeo_cd = "250";
String job_cd = "";
   if(acctReq.getAttributeRequest("job_code") != null){
job_cd = acctReq.getAttributeRequest("job_code").getValue();
}
String co_cd = "BCS";
  if(acctReq.getAttributeRequest("company") != null){
co_cd =  acctReq.getAttributeRequest("company").getValue();
}
String co_nm = "BCS";
String cc = "002K3";
  if(acctReq.getAttributeRequest("cost_center") != null){
cc = acctReq.getAttributeRequest("cost_center").getValue();
}
String appln_desc = "Ariba User Repository";
String appln_nm = "ARIBA";
String role_nm = "Contract Mgnt User";
String role_desc = "Contract Mgnt User";
String pvlg_nm = "contractMgntUser";
String user_id = "aad1234";
  String name = plan.getNativeIdentity();
//loggerObj.info("Printing Provisioning plan" +plan.toXml());
Identity identity = context.getObjectByName( Identity.class , name );
loggerObj.info(" Native Identity : " + identity);
  if(null != identity){
user_id = identity.getAttribute("userid");
  }
String emal_addr = "";
  
  if(acctReq.getAttributeRequest("email") != null){
emal_addr = acctReq.getAttributeRequest("email").getValue();
}
String tlcmtn_nbr = "410-998-2222";
String tlcmtn_nbr_typ = "Biz Phone";
DocumentBuilderFactory dbFactory = DocumentBuilderFactory.newInstance();
DocumentBuilder dBuilder;
try {
dBuilder = dbFactory.newDocumentBuilder();
Document doc = dBuilder.newDocument();
// add elements to Document
Element rootElement = doc.createElementNS("types.ciam.security.carefirst.com", "ns2:ciamUser");
// append root element to document
doc.appendChild(rootElement);
rootElement.appendChild(getHeader(doc, messageId, trnEventType, srcSystem, msgCreationTisTmp,
userCfRelationship, mode, trnMsgType, targetSystem));
rootElement.appendChild(getEmployee(doc, frst_nm, mid_nm, last_nm, ssn, locn_cd, mngr_id, mngr_nm, dept_nm,
job_titl, bu_cd, dept_cd, eeo_cd, job_cd, co_cd, co_nm, cc, appln_desc, appln_nm, role_nm,
role_desc, pvlg_nm, user_id, emal_addr, tlcmtn_nbr, tlcmtn_nbr_typ));
// for output to file, console
TransformerFactory transformerFactory = TransformerFactory.newInstance();
Transformer transformer = transformerFactory.newTransformer();
// for pretty print
transformer.setOutputProperty(OutputKeys.INDENT, "yes");
DOMSource source = new DOMSource(doc);
StringWriter writer = new StringWriter();
transformer.transform(source, new StreamResult(writer));
String xmlString = writer.getBuffer().toString();
  loggerObj.info("###In After Provisioning Rule XML String is::::"+xmlString);
loggerObj.info("xmlString:::::" + xmlString);
loggerObj.info("DONE");
  
  sendMessage(xmlString);
  //return xmlString;
}
catch (Exception e) {
e.printStackTrace();
}
}
  if (( acctReq != null ) &amp;&amp; (AccountRequest.Operation.Disable.equals(acctReq.getOperation())))
{

UUID gfg = UUID.randomUUID();
Timestamp timestamp = new Timestamp(System.currentTimeMillis());

String messageId = gfg.toString();
String trnEventType = "T";
String srcSystem = "CIAM";
String msgCreationTisTmp = timestamp.toInstant().toString();
String userCfRelationship = "ASSOCIATE";
String mode = "REALTIME";
String trnMsgType = "CFAA";
String targetSystem = "ARIBA";
    
    String name = plan.getNativeIdentity();
loggerObj.info("Printing Provisioning plan" +plan.toXml());
Identity identity = context.getObjectByName( Identity.class , name );
  
String frst_nm = identity.getFirstname();
  
  loggerObj.info("###frst_nm is::::"+frst_nm);
String mid_nm = "";
 
String last_nm = identity.getLastname();
  
 
  
String ssn = "33221";
String locn_cd = "";
  if(acctReq.getAttributeRequest("location") != null){
locn_cd =  acctReq.getAttributeRequest("location").getValue();
}
String mngr_id = "6632";
String mngr_nm = "";
String dept_nm = "Marketing";
String job_titl = "Customer Service Representative";
String bu_cd = "ITOPS";
  
String dept_cd = "002K3";
  
  
 
String eeo_cd = "250";
String job_cd = "";
  
String co_cd = "BCS";
  
String co_nm = "BCS";
String cc = "002K3";
  
String appln_desc = "Ariba User Repository";
String appln_nm = "ARIBA";
String role_nm = "Contract Mgnt User";
String role_desc = "Contract Mgnt User";
String pvlg_nm = "contractMgntUser";
String user_id = "aad1234";
  
System.out.println(" Native Identity : " + identity);
  if(null != identity){
user_id = identity.getAttribute("userid");
  }
String emal_addr = "";
  
  
String tlcmtn_nbr = "410-998-2222";
String tlcmtn_nbr_typ = "Biz Phone";
DocumentBuilderFactory dbFactory = DocumentBuilderFactory.newInstance();
DocumentBuilder dBuilder;
try {
dBuilder = dbFactory.newDocumentBuilder();
Document doc = dBuilder.newDocument();
// add elements to Document
Element rootElement = doc.createElementNS("types.ciam.security.carefirst.com", "ns2:ciamUser");
// append root element to document
doc.appendChild(rootElement);
rootElement.appendChild(getHeader(doc, messageId, trnEventType, srcSystem, msgCreationTisTmp,
userCfRelationship, mode, trnMsgType, targetSystem));
rootElement.appendChild(getEmployee(doc, frst_nm, mid_nm, last_nm, ssn, locn_cd, mngr_id, mngr_nm, dept_nm,
job_titl, bu_cd, dept_cd, eeo_cd, job_cd, co_cd, co_nm, cc, appln_desc, appln_nm, role_nm,
role_desc, pvlg_nm, user_id, emal_addr, tlcmtn_nbr, tlcmtn_nbr_typ));
// for output to file, console
TransformerFactory transformerFactory = TransformerFactory.newInstance();
Transformer transformer = transformerFactory.newTransformer();
// for pretty print
transformer.setOutputProperty(OutputKeys.INDENT, "yes");
DOMSource source = new DOMSource(doc);
StringWriter writer = new StringWriter();
transformer.transform(source, new StreamResult(writer));
String xmlString = writer.getBuffer().toString();
  loggerObj.info("###In After Provisioning Rule XML String is::::"+xmlString);
loggerObj.info("xmlString:::::" + xmlString);
loggerObj.info("DONE");
  
  sendMessage(xmlString);
  //return xmlString;
}
catch (Exception e) {
e.printStackTrace();
}
}
  if (( acctReq != null ) &amp;&amp; (AccountRequest.Operation.Enable.equals(acctReq.getOperation())))
{

UUID gfg = UUID.randomUUID();
Timestamp timestamp = new Timestamp(System.currentTimeMillis());

String messageId = gfg.toString();
String trnEventType = "S";
String srcSystem = "CIAM";
String msgCreationTisTmp = timestamp.toInstant().toString();
String userCfRelationship = "ASSOCIATE";
String mode = "REALTIME";
String trnMsgType = "CFAA";
String targetSystem = "ARIBA";
    
    String name = plan.getNativeIdentity();
loggerObj.info("Printing Provisioning plan" +plan.toXml());
Identity identity = context.getObjectByName( Identity.class , name );
  
String frst_nm = identity.getFirstname();
  
  loggerObj.info("###frst_nm is::::"+frst_nm);
String mid_nm = "";
 
String last_nm = identity.getLastname();
  
 
  
String ssn = "33221";
String locn_cd = "";
  if(acctReq.getAttributeRequest("location") != null){
locn_cd =  acctReq.getAttributeRequest("location").getValue();
}
String mngr_id = "6632";
String mngr_nm = "";
String dept_nm = "Marketing";
String job_titl = "Customer Service Representative";
String bu_cd = "ITOPS";
  
String dept_cd = "002K3";
  
  
 
String eeo_cd = "250";
String job_cd = "";
  
String co_cd = "BCS";
  
String co_nm = "BCS";
String cc = "002K3";
  
String appln_desc = "Ariba User Repository";
String appln_nm = "ARIBA";
String role_nm = "Contract Mgnt User";
String role_desc = "Contract Mgnt User";
String pvlg_nm = "contractMgntUser";
String user_id = "aad1234";
  
System.out.println(" Native Identity : " + identity);
  if(null != identity){
user_id = identity.getAttribute("userid");
  }
String emal_addr = "";
  
  
String tlcmtn_nbr = "410-998-2222";
String tlcmtn_nbr_typ = "Biz Phone";
DocumentBuilderFactory dbFactory = DocumentBuilderFactory.newInstance();
DocumentBuilder dBuilder;
try {
dBuilder = dbFactory.newDocumentBuilder();
Document doc = dBuilder.newDocument();
// add elements to Document
Element rootElement = doc.createElementNS("types.ciam.security.carefirst.com", "ns2:ciamUser");
// append root element to document
doc.appendChild(rootElement);
rootElement.appendChild(getHeader(doc, messageId, trnEventType, srcSystem, msgCreationTisTmp,
userCfRelationship, mode, trnMsgType, targetSystem));
rootElement.appendChild(getEmployee(doc, frst_nm, mid_nm, last_nm, ssn, locn_cd, mngr_id, mngr_nm, dept_nm,
job_titl, bu_cd, dept_cd, eeo_cd, job_cd, co_cd, co_nm, cc, appln_desc, appln_nm, role_nm,
role_desc, pvlg_nm, user_id, emal_addr, tlcmtn_nbr, tlcmtn_nbr_typ));
// for output to file, console
TransformerFactory transformerFactory = TransformerFactory.newInstance();
Transformer transformer = transformerFactory.newTransformer();
// for pretty print
transformer.setOutputProperty(OutputKeys.INDENT, "yes");
DOMSource source = new DOMSource(doc);
StringWriter writer = new StringWriter();
transformer.transform(source, new StreamResult(writer));
String xmlString = writer.getBuffer().toString();
  loggerObj.info("###In After Provisioning Rule XML String is::::"+xmlString);
loggerObj.info("xmlString:::::" + xmlString);
loggerObj.info("DONE");
  
  sendMessage(xmlString);
  //return xmlString;
}
catch (Exception e) {
e.printStackTrace();
}
}

}
}
}

</Source>
</Rule>