<?xml version='1.0' encoding='UTF-8'?>
<!DOCTYPE Rule PUBLIC "sailpoint.dtd" "sailpoint.dtd">
<Rule language="beanshell" name="CF-Rolevalidation-Rule" type="Correlation">
  <Description>
    Import template-defined Roles from a CSV file.
  </Description>
  <Signature returnType="Map">
    <Inputs>
      <Argument name="log">
        <Description>
          The log object associated with the SailPointContext.
        </Description>
      </Argument>
      <Argument name="context">
        <Description>
          A sailpoint.api.SailPointContext object that can be used to query the database if necessary.
        </Description>
      </Argument>
    </Inputs>
  </Signature>
  <Source>
  // Sample Tool to import Roles.
  import java.io.File;
  import java.util.List;
  import java.util.HashMap;
  import sailpoint.tools.Util;
  import sailpoint.object.Application;
  import sailpoint.object.Bundle;
  import sailpoint.object.Custom;
  import sailpoint.object.Classification;
  import sailpoint.object.ObjectClassification;
  import sailpoint.object.Identity;
  import sailpoint.object.IdentitySelector;
  import sailpoint.object.IdentitySelector.MatchExpression;
  import sailpoint.object.IdentitySelector.MatchTerm;
  import sailpoint.object.IdentitySelector.MatchTerm.Type;
  import sailpoint.object.Link;
  import sailpoint.object.Profile;
  import sailpoint.object.Filter;
  import sailpoint.object.Filter.LeafFilter;
  import sailpoint.object.QueryOptions;
  import sailpoint.object.Schema;
  import sailpoint.object.ManagedAttribute;
  import sailpoint.tools.RFC4180LineIterator;
  import sailpoint.tools.RFC4180LineParser;
  import org.apache.log4j.Logger;

Logger loggerObj = Logger.getLogger("CF-Rolevalidation-Rule");
  loggerObj.info("Starting CF-Rolevalidation-Rule");


  // Routine that takes a key/value hash of role data and builds it into roles
  // in IdentityIQ.  
    
  public void validateEntitlement (String entitlement,String application,String roleName) { 
    
      Bundle role = context.getObject(Bundle.class, roleName);
    
    if(role!=null){
    
      Application app = context.getObjectByName(Application.class, application);
      List apps = new ArrayList();
  		apps.add(app);
  //String s = "cn=PX_Blue2_Users,ou=PX Blue2,ou=groups,DC=CAREFIRST,DC=COM";
			boolean flag=false;
      if((role.getProfilesForApplications(apps) != null) @and (role.getProfilesForApplications(apps).size()&gt;0)){
        
        List profiles = role.getProfilesForApplications(apps);
       // return profiles;
        int size = profiles.size();
        //return size;
         
        Profile prof = profiles.get(0);
        List constraints = prof.getConstraints();
       // return constraints;
        int c=0;
        
        for (Filter filterNew : constraints) {
          c++; 
          
          Object ob1=((Filter.LeafFilter)filterNew).getValue();
          Object ob2=(Filter.LeafFilter)filterNew;
          if(ob1.contains(entitlement)){
            flag=true;
            break;
          }                        
        }
      }
        if(flag){
         
        }
        else{
          Custom customObj = context.getObjectByName(Custom.class,"Missing-Entitlements");
          List entitlements = new ArrayList();
          
      if(customObj == null){
        customObj = new Custom();
        customObj.setName("Missing-Entitlements");
        entitlements.add(entitlement);
        customObj.put(roleName, entitlements);
        

      }
      else{
        
        
        if(customObj.get(roleName) != null){
          entitlements = customObj.get(roleName);
          entitlements.add(entitlement);
          customObj.put(roleName, entitlements);
                  

        }
        else{
          entitlements.add(entitlement);
          customObj.put(roleName, entitlements);  
                            

        }
        
        
      }

      context.saveObject(customObj);
      context.commitTransaction();
        }
      
  }
    else{
     
      Custom customObj = context.getObjectByName(Custom.class,"Missing-IT-RolesNew");
      if(customObj == null){
        customObj = new Custom();
        customObj.setName("Missing-IT-RolesNew");
        customObj.put(roleName, roleName);

      }
      else{
        customObj.put(roleName, roleName);
      }

      context.saveObject(customObj);
      context.commitTransaction();
    }
  }
  public void validateITRole (String subRoles,String roleName) { 
    
      Bundle role = context.getObject(Bundle.class, roleName);
    
    if(role!=null){
    
     
			boolean flag=false;
			
Bundle requiredRole = context.getObjectByName(Bundle.class, subRoles);
if (null != requiredRole) {

if(role.getRequirements() != null &amp;&amp;!role.getRequirements().isEmpty() ){
List requirements = role.getRequirements();
for (Bundle bundle2 : requirements) {
String name = bundle2.getName();
if(name.equalsIgnoreCase(requiredRole.getName())){

flag=true;
break;
}

}

}
if(flag){
         
        }
        else{
          Custom customObj = context.getObjectByName(Custom.class,"Missing-ITMapping");
          List itRoles = new ArrayList();
          
      if(customObj == null){
        customObj = new Custom();
        customObj.setName("Missing-ITMapping");
        itRoles.add(subRoles);
        customObj.put(roleName, itRoles);
       

      }
      else{
        
        
        if(customObj.get(roleName) != null){
          itRoles = customObj.get(roleName);
          itRoles.add(subRoles);
          customObj.put(roleName, itRoles);
                 

        }
        else{
          itRoles.add(subRoles);
          customObj.put(roleName, itRoles);  
                          

        }
        
        
      }

      context.saveObject(customObj);
      context.commitTransaction();
        }


} else
{


      Custom customObj = context.getObjectByName(Custom.class,"Missing-businessIT-RolesNew");
  
      if(customObj == null){
        customObj = new Custom();
        customObj.setName("Missing-businessIT-RolesNew");
        customObj.put(subRoles, subRoles);

      }
      else{
        customObj.put(subRoles, subRoles);
      }
  context.saveObject(customObj);
      context.commitTransaction();
}
      
        
       
      
  }
    else{
    
      Custom customObj = context.getObjectByName(Custom.class,"Missing-business-RolesNew");
      if(customObj == null){
        customObj = new Custom();
        customObj.setName("Missing-business-RolesNew");
        customObj.put(roleName, roleName);

      }
      else{
        customObj.put(roleName, roleName);
      }

      context.saveObject(customObj);
      context.commitTransaction();
    }
  }


  
  public void validateBusinessRole (HashMap roleHash) { 
    
      
    String strCiamBusinessRoleName = (String) roleHash.get("CIAM Business Role Name") != null ? (String) roleHash.get("CIAM Business Role Name") : "";   
    String subRoles = (String) roleHash.get("CIAM Business IT Role Name") != null ? (String) roleHash.get("CIAM Business IT Role Name"): "";

    //unsused variables
    validateITRole(subRoles,strCiamBusinessRoleName);
  }
  public void validateRole (HashMap roleHash) { 
    
     
    String strCiamITRoleName  = (String) roleHash.get("CIAM IT Role Name") != null ? (String) roleHash.get("CIAM IT Role Name") : "";    
    String entitlementName = (String) roleHash.get("Attribute") != null ? (String) roleHash.get("Attribute") : "";
    String appName = (String) roleHash.get("End Point") != null ? (String) roleHash.get("End Point") : "";
    String attrName = (String) roleHash.get("AttributeName") != null ? (String) roleHash.get("AttributeName") : "";

    //unsused variables
    validateEntitlement(entitlementName,appName,strCiamITRoleName);
  }
      
  // What delimiter do we want to use in the CSV file.
  String dlm = ",";
 
  
  String csvFileName ="//home//iqadmin//Data//BulkRoleImport//Role_Validation_Prod//Business_Role_Validation_02_04.csv";
  
  

  File testFile = new File(csvFileName);
  if ((!testFile.exists()) || (testFile.isDirectory())) {
    
    return;
  }

  

  // Open the CSV file for reading.
  BufferedReader fileIn = new BufferedReader(new FileReader(csvFileName));

  RFC4180LineParser parser = new RFC4180LineParser(dlm);
  
  int lineCounter = 0;
  ArrayList headerStrings = new ArrayList();
  String thisLine = null;
  
  while (null != (thisLine = fileIn.readLine())) {
  

    List tokens = parser.parseLine(thisLine);
  

    if (lineCounter == 0) {
  
      // Header Line.
      // Assign indexes to each position.
      for (int i=0; i &lt; tokens.size(); i++) {
        headerStrings.add(tokens.get(i).trim());
      }	  
    } else {
      // Data Line.  Read the data elements out.
      HashMap lineHash = new HashMap();
      
      for (int i=0; i &lt; tokens.size(); i++) {
        String headerString = headerStrings.get(i);
        String valueString = tokens.get(i);
        if (null != valueString) { valueString = valueString.trim(); }
      
        lineHash.put(headerString, valueString);
      }	
    //return lineHash;
     
     //validateRole (lineHash);
   validateBusinessRole(lineHash);
     

    }

    lineCounter++;

    // Don't let objects accrue in memory, flush them out every so often.
    if ((lineCounter % 20) == 0) { context.decache(); }

  } 

  fileIn.close();

  

  return "Success";
  </Source>
</Rule>