<?xml version='1.0' encoding='UTF-8'?>
<!DOCTYPE Rule PUBLIC "sailpoint.dtd" "sailpoint.dtd">
<Rule language="beanshell" name="CF-RecipientRule" type="EmailRecipient">
  <Description>This rule is used to select an identity or a list of identities who will receive email.</Description>
  <Signature returnType="String or List of Strings">
    <Inputs>
      <Argument name="log">
        <Description>
          The log object associated with the SailPointContext.
        </Description>
      </Argument>
      <Argument name="context">
        <Description>
          A sailpoint.api.SailPointContext object that can be used to query the database if necessary.
        </Description>
      </Argument>
      <Argument name="item">
        <Description>
          The sailpoint.object.Notifiable Interface for objects that can be reminded, escalated, and expired. 
        </Description>
      </Argument>
    </Inputs>
    <Returns>
      <Argument name="identity name or names">
        <Description>
        You can return an identity name or a list of identity names.
        </Description>
      </Argument>
    </Returns>
  </Signature>
  <Source>import sailpoint.object.Identity;
   import org.apache.log4j.Logger;
   Logger mylogger = Logger.getLogger("CF-RecipientRule");
  mylogger.info("Starting CF-RecipientRule"); 
Identity manager = new Identity();
 
Identity owner = item.getNotificationOwner(context); 		


if (null != owner) {
 manager = owner.getManager();
  			

  if (null != manager){
    String mgr = manager.getName();
 return manager.getName();
  }
}</Source>
</Rule>