<?xml version='1.0' encoding='UTF-8'?>
<!DOCTYPE Rule PUBLIC "sailpoint.dtd" "sailpoint.dtd">
<Rule language="beanshell" name="CF-RoleAttributeUpdate-Rule" type="Correlation">
  <Description>
Import template-defined Roles from a CSV file.
</Description>
  <Signature returnType="Map">
    <Inputs>
      <Argument name="log">
        <Description>
The log object associated with the SailPointContext.
</Description>
      </Argument>
      <Argument name="context">
        <Description>
A sailpoint.api.SailPointContext object that can be used to query the database if necessary.
</Description>
      </Argument>
    </Inputs>
  </Signature>
  <Source>
// Sample Tool to import Roles.
import java.io.File;
import java.util.List;
import java.util.HashMap;
import sailpoint.tools.Util;
import sailpoint.object.Attributes;
  import sailpoint.api.Describer;

import java.util.Map;
import sailpoint.object.Application;
import sailpoint.object.Bundle;
import sailpoint.object.Custom;
import sailpoint.object.Classification;
import sailpoint.object.ObjectClassification;
import sailpoint.object.Identity;
import sailpoint.object.IdentitySelector;
import sailpoint.object.IdentitySelector.MatchExpression;
import sailpoint.object.IdentitySelector.MatchTerm;
import sailpoint.object.IdentitySelector.MatchTerm.Type;
import sailpoint.object.Link;
import sailpoint.object.Profile;
import sailpoint.object.Filter;
import sailpoint.object.QueryOptions;
import sailpoint.object.Schema;
import sailpoint.tools.RFC4180LineIterator;
import sailpoint.tools.RFC4180LineParser;
import org.apache.log4j.Logger;

Logger loggerObj = Logger.getLogger("CF-RoleAttributeUpdate-Rule");
  loggerObj.info("Starting CF-RoleAttributeUpdate-Rule");


// Routine that takes a key/value hash of role data and builds it into roles
// in IdentityIQ.
public void updateRoleExtendedAttribute (HashMap roleHash,String columnName) {
loggerObj.info(" key Values Map "+roleHash);

String attribute = (String) roleHash.get(columnName) != null ? (String) roleHash.get(columnName) : "";
String strRoleName = (String) roleHash.get("RoleName") != null ? (String) roleHash.get("RoleName") : "";

loggerObj.info("Role Name: '" + strRoleName);

try{
Bundle role = context.getObject(Bundle.class, strRoleName);
if (null == role) {
loggerObj.info(" - role does not exist");
  
  Custom customObj = context.getObjectByName(Custom.class,"Missing-DISC-Roles");
      if(customObj == null){
        customObj = new Custom();
        customObj.setName("Missing-DISC-Roles");
        customObj.put(strRoleName, strRoleName);

      }
      else{
        customObj.put(strRoleName, strRoleName);
      }

      context.saveObject(customObj);
      context.commitTransaction();

}
else {



if(columnName.equalsIgnoreCase("displayName")){
  
loggerObj.info("DisplayName Update Block");
role.setDisplayName(attribute);
}

else if(Util.isNotNullOrEmpty(attribute) &amp;&amp; columnName.equalsIgnoreCase("description")) {

loggerObj.info("Role Sensitivity Update Block");
Map descMap = new HashMap();
descMap.put("en_US", attribute);
role.setDescriptions(descMap);
}

  

    
    
else if(Util.isNotNullOrEmpty(attribute) &amp;&amp; columnName.equalsIgnoreCase("roleSensitivity")) {

String sensitiveClassificationName = "Sensitive";
role.setAttribute(columnName, attribute);
loggerObj.info("Classification Update for sensitive role");  
List classificList = new ArrayList();
loggerObj.info(" *** inside sensitive  loop "+attribute);
ObjectClassification objClassific = new ObjectClassification();
objClassific.setOwnerType("Bundle");
objClassific.setSource("UI");
Classification classification = context.getObjectByName(Classification.class, sensitiveClassificationName);
if(classification != null) {

objClassific.setClassification(classification);
classificList.add(objClassific);
role.setClassifications(classificList);
}
else
{
classification = new Classification();
classification.setName(sensitiveClassificationName);
classification.setDisplayName(sensitiveClassificationName);
classification.setOrigin("MyIndependentDataSource");
Map descMap = new HashMap();
descMap.put("en_US", "This access contains sensitive information");
classification.setDescriptions(descMap);
context.saveObject(classification);
context.commitTransaction();
objClassific.setClassification(classification);
classificList.add(objClassific);
role.setClassifications(classificList);

}

 

}
else{
   role.setAttribute(columnName, attribute);
}
}

context.saveObject(role);
  
   Describer describer = new Describer(role);  

   describer.saveLocalizedAttributes(context);
  
context.commitTransaction();

return;
} catch(Exception e){
System.out.println("Inside Catch Block Exception is "+e);
}
}

  
// What delimiter do we want to use in the CSV file.
String dlm = ",";

String csvFileName ="//home//iqadmin//Data//BulkRoleImport//Rnew//CF-RoleAttributeUpdate.csv";

//return csvFileName;

File testFile = new File(csvFileName);
if ((!testFile.exists()) || (testFile.isDirectory())) {
loggerObj.info("Unable to find file: " + csvFileName);
return;
}

loggerObj.info("Importing Roles from: '" + csvFileName + "' ...");
//return csvFileName;
// Open the CSV file for reading.
BufferedReader fileIn = new BufferedReader(new FileReader(csvFileName));

RFC4180LineParser parser = new RFC4180LineParser(dlm);
loggerObj.info(" After RFC418 ");
int lineCounter = 0;
ArrayList headerStrings = new ArrayList();
String thisLine = null;
loggerObj.info(" Before while ");
while (null != (thisLine = fileIn.readLine())) {
loggerObj.info("Inside while ");

List tokens = parser.parseLine(thisLine);
loggerObj.info(" tokens: " + tokens);

if (lineCounter == 0) {
loggerObj.info(" Inside IF condition: ");
// Header Line.
// Assign indexes to each position.
for (int i=0; i &lt; tokens.size(); i++) {
headerStrings.add(tokens.get(i).trim());
}
} else {
// Data Line. Read the data elements out.
HashMap lineHash = new HashMap();
loggerObj.info(" Inside else condition: ");
for (int i=0; i &lt; tokens.size(); i++) {
String headerString = headerStrings.get(i);
String valueString = tokens.get(i);
if (null != valueString) { valueString = valueString.trim(); }
loggerObj.info ("header " + headerString + " == " + valueString);
lineHash.put(headerString, valueString);
}

for (int i=1; i &lt; headerStrings.size(); i++) {
String headerString = headerStrings.get(i);
updateRoleExtendedAttribute(lineHash,headerString);
   loggerObj.info(" Update " + headerString );
}
 

 //updateRoleExtendedAttribute(lineHash,"displayName");

  //updateRoleExtendedAttribute(lineHash,"approval1");
  //updateRoleExtendedAttribute(lineHash,"approval2");
  //updateRoleExtendedAttribute(lineHash,"approval3");
  //updateRoleExtendedAttribute(lineHash,"approval4");
  //updateRoleExtendedAttribute(lineHash,"approval5");
  //updateRoleExtendedAttribute(lineHash,"approval6");
  //updateRoleExtendedAttribute(lineHash,"approval7");
  //updateRoleExtendedAttribute(lineHash,"approval8");
  //updateRoleExtendedAttribute(lineHash,"approval9");
  
//updateRoleExtendedAttribute(lineHash,"roleSensitivity");
  
//updateRoleExtendedAttribute(lineHash,"description");
  

  
loggerObj.info(" After calling buildRole: " );

}

lineCounter++;

// Don't let objects accrue in memory, flush them out every so often.
if ((lineCounter % 20) == 0) { context.decache(); }

}

fileIn.close();

loggerObj.info("Role update Complete.");

return "Success";
</Source>
</Rule>