<?xml version='1.0' encoding='UTF-8'?>
<!DOCTYPE Rule PUBLIC "sailpoint.dtd" "sailpoint.dtd">
<Rule language="beanshell" name="CF-RequestObjectSelectorPOC_DB-Rule" type="RequestObjectSelector">
  <Description>Request Object Selector Rules are used by the Life Cycle Manager to determine the Objects that can be requested by a given user on a given population.  For bulk request this rule is run twice.  The first time the result determines which applications are shown to the requestor.  The second time the result determines whether or not the specified requestee has access to the object.  On the first execution the requestee is always null, so the rule needs to expect and handle that case in order to be usable for bulk requests.</Description>
  <Signature returnType="sailpoint.object.QueryInfo">
    <Inputs>
      <Argument name="log">
        <Description>
          The log object associated with the SailPointContext.
        </Description>
      </Argument>
      <Argument name="context">
        <Description>
          A sailpoint.api.SailPointContext object that can be used to query the database if necessary.
        </Description>
      </Argument>
      <Argument name="requestor" type="sailpoint.object.Identity">
        <Description>
          Identity that is making the Life Cycle Manager request.
        </Description>
      </Argument>
      <Argument name="requestee" type="sailpoint.object.Identity">
        <Description>
          Identity on whose behalf the Life Cycle Manager request is being made.  In the case of bulk requests,
          this argument will be set to null when determining the roles that are visible to the requestor.
          It will be provided once a selection has been made in order to determine whether or not the given requestee
          should have access to the selected role.
        </Description>
      </Argument>
    </Inputs>
    <Returns>
      <Argument name="filter">
        <Description>
          A Filter object that will be used to search for accessible request objects.
        </Description>
      </Argument>
    </Returns>
  </Signature>
  <Source>import sailpoint.api.ScopeService;
import sailpoint.object.*;
      import sailpoint.object.Identity;
      import sailpoint.object.Scope;
      import sailpoint.object.QueryOptions;
      import sailpoint.object.QueryInfo;
  import java.sql.Connection;
import java.sql.DriverManager;
import java.sql.ResultSet;
import java.sql.SQLException;
import java.sql.Statement;
import java.util.ArrayList;
import java.util.Arrays;
import java.util.HashMap;
import org.apache.log4j.Logger;


  Logger mylogger = Logger.getLogger("CF-RemoveObjectSelector-Rule");
  mylogger.info("Starting CF-RemoveObjectSelector-Rule");
  
  
  System.out.println("deptid requestee"+requestee.getAttribute("deptid"));
System.out.println("deptid requestor"+requestor.getAttribute("deptid"));
System.out.println("employeeid"+requestee.getAttribute("employeeid"));
System.out.println("employeetype"+requestee.getAttribute("employeetype"));
System.out.println("businessunit"+requestee.getAttribute("businessunit"));
System.out.println("company"+requestee.getAttribute("company"));
  
  String AssignmentString1 = requestee.getAttribute("businessunit")+"|"+requestee.getAttribute("company");
String AssignmentString2= requestee.getAttribute("businessunit")+"|"+requestee.getAttribute("deptid")+"|"+requestee.getAttribute("company");
String AssignmentString3= requestee.getAttribute("company");
ArrayList assignmentStringList = new ArrayList();
assignmentStringList.add(AssignmentString1);
assignmentStringList.add(AssignmentString2);
assignmentStringList.add(AssignmentString3);
System.out.println("size "+assignmentStringList.size());

			Connection conn = null;
			String columnNames= "role_name,application,sensitivity,department,costcenter,extended1,extended2,extended3";
			ArrayList columnList= new ArrayList(Arrays.asList(columnNames.split(",")));
			ArrayList roleList =new ArrayList();
			try {
			Class.forName("com.microsoft.sqlserver.jdbc.SQLServerDriver");
			System.out.println("Connecting to database...");
			conn = DriverManager.getConnection("jdbc:sqlserver://sv-spidsql-d1.carefirst.com:1433;databaseName=identityiqdev","identityiqdev","Identityiq123$");
			Statement stmt = conn.createStatement();
			
		for(int i=0;i&lt;assignmentStringList.size();i++){
    	
			
        ResultSet rs = stmt.executeQuery("select * from role_details where extended1='"+assignmentStringList.get(i)+"'");
        
        
			while(rs.next()){
				HashMap userDetailsMap = new HashMap();
				
				System.out.println(rs.getString("role_name"));
				
				
				roleList.add(rs.getString("role_name"));
				
				
				
			}
      rs.close();
		}
			System.out.println(roleList);
			
			stmt.close();
			conn.close();
			} catch (ClassNotFoundException e) {
			// TODO Auto-generated catch block
			e.printStackTrace();
			}
			catch (SQLException e) {
			// TODO Auto-generated catch block
			e.printStackTrace();
			}
  

System.out.println("objectselector starting");

ArrayList filterList = new ArrayList();

  for(int i=0;i&lt;roleList.size();i++){
    filterList.add(Filter.eq("name",roleList.get(i)));
  }
//Filter appFilter = Filter.eq("applicationName","AD");
//Filter reqFilter = Filter.eq("requestableRole","True");
       
Filter baseFilter = Filter.eq("assignment_condition","Associate");
           //filterList.add(baseFilter);
Filter orFilter = Filter.or(filterList);                   

QueryOptions qo = new QueryOptions();
//qo.addFilter(appFilter);
//qo.addFilter(reqFilter);

qo.addFilter(orFilter);
                  
    QueryInfo qi = new QueryInfo(qo);  
      return qi;</Source>
</Rule>