<?xml version='1.0' encoding='UTF-8'?>
<!DOCTYPE Rule PUBLIC "sailpoint.dtd" "sailpoint.dtd">
<Rule language="beanshell" name="CF-RehireTrigger-Rule" type="IdentityTrigger">
  <Description>This rule can be used for Certification Events that use rule triggers. The previousIdentity and newIdentity hold snapshots of the identity before the update has occurred and the state of the identity after the update, respectively.</Description>
  <ReferencedRules>
    <Reference class="sailpoint.object.Rule" name="CF-Constants-Rule"/>
  </ReferencedRules>
  <Signature returnType="boolean">
    <Inputs>
      <Argument name="log">
        <Description>
          The log object associated with the SailPointContext.
        </Description>
      </Argument>
      <Argument name="context">
        <Description>
          A sailpoint.api.SailPointContext object that can be used to query the database if necessary.
        </Description>
      </Argument>
      <Argument name="previousIdentity">
        <Description>
          The identity before the refresh/aggregation (this will be null when an
          identity is created).
        </Description>
      </Argument>
      <Argument name="newIdentity">
        <Description>
          The identity after the refresh/aggregation (this will be null when an
          identity is deleted).
        </Description>
      </Argument>
    </Inputs>
    <Returns>
      <Argument name="result">
        <Description>
          A boolean describing the result of the rule.
        </Description>
      </Argument>
    </Returns>
  </Signature>
  <Source>import sailpoint.tools.Util;
  import org.apache.log4j.Logger;


  Logger mylogger = Logger.getLogger("CF-RehireTrigger-Rule");
  mylogger.info("Starting CF-RehireTrigger-Rule");


  try{
    if(newIdentity != null &amp;&amp; previousIdentity != null){
      String strAction = newIdentity.getAttribute(ATR_ACTION) != null ? newIdentity.getAttribute(ATR_ACTION) : "";
      mylogger.info("********NewIdentity Action name***************"+strAction);
      String strPrevAction = previousIdentity.getAttribute(ATR_ACTION) != null ? previousIdentity.getAttribute(ATR_ACTION) : "";
      mylogger.info("********PreviousIdentity Action name***************"+strPrevAction);
      String strEmpStatus_old = previousIdentity.getAttribute(ATR_HRSTATUS) != null ? previousIdentity.getAttribute(ATR_HRSTATUS) : "";
      mylogger.info("********PreviousIdentity Employee Status***************"+strEmpStatus_old);
      String strEmpStatus = newIdentity.getAttribute(ATR_HRSTATUS) != null ? newIdentity.getAttribute(ATR_HRSTATUS) : "";
      mylogger.info("********NewIdentity Employee Status***************"+strEmpStatus);


      List usersList = new ArrayList();

      if((newIdentity.getAttribute("employeetype").equalsIgnoreCase(previousIdentity.getAttribute("employeetype"))) &amp;&amp; (newIdentity.getAttribute("company").equalsIgnoreCase(previousIdentity.getAttribute("company")))){
        if((newIdentity.getAttribute("isRehireProcessed") == null) ||(newIdentity.getAttribute("isRehireProcessed").equalsIgnoreCase("false"))){
          mylogger.info("********************Rehire Rule OuterIf loop******************");
          if((strAction.equalsIgnoreCase(ATR_REH) &amp;&amp; strEmpStatus.equalsIgnoreCase(STR_EMPSTATUS_A) ) || (previousIdentity != null &amp;&amp;strAction.equalsIgnoreCase(STR_ACTION_HIR) &amp;&amp; strEmpStatus.equalsIgnoreCase(STR_EMPSTATUS_A))|| (previousIdentity != null &amp;&amp; strAction.equalsIgnoreCase(STR_ACTION_ADD) &amp;&amp; strEmpStatus.equalsIgnoreCase(STR_EMPSTATUS_A) )){

            mylogger.info("********************Rehire Rule InnerIf loop******************");


            previousIdentity.setAttribute("isRehireProcessed","true");
            newIdentity.setAttribute("isRehireProcessed","true");
            mylogger.info("******isRehireProcessed checks *********"+newIdentity.getAttribute("isRehireProcessed"));
            context.startTransaction();
            context.saveObject(newIdentity);
            context.commitTransaction();
            context.attach(newIdentity);
            return true;


          }
          else{
            return false;
          }

        }else{ //outer if loop
          return false;
        }
      }

    }else{
      return false;
    }
  }
  catch(Exception e){
    return false;
  }
  </Source>
</Rule>