<?xml version='1.0' encoding='UTF-8'?>
<!DOCTYPE Rule PUBLIC "sailpoint.dtd" "sailpoint.dtd">
<Rule language="beanshell" name="CF-RoleOwnerUpdate-Rule" type="Correlation">
  <Description>
    Import template-defined Roles from a CSV file.
  </Description>
  <Signature returnType="Map">
    <Inputs>
      <Argument name="log">
        <Description>
          The log object associated with the SailPointContext.
        </Description>
      </Argument>
      <Argument name="context">
        <Description>
          A sailpoint.api.SailPointContext object that can be used to query the database if necessary.
        </Description>
      </Argument>
    </Inputs>
  </Signature>
  <Source>
  import java.io.File;
  import java.util.List;
  import java.util.HashMap;
  import sailpoint.tools.Util;
  import sailpoint.object.Application;
  import sailpoint.object.Bundle;
  import sailpoint.object.Classification;
  import sailpoint.object.ObjectClassification;
  import sailpoint.object.Identity;
  import sailpoint.object.IdentitySelector;
  import sailpoint.object.IdentitySelector.MatchExpression;
  import sailpoint.object.IdentitySelector.MatchTerm;
  import sailpoint.object.IdentitySelector.MatchTerm.Type;
  import sailpoint.object.Link;
  import sailpoint.object.Profile;
  import sailpoint.object.Filter;
  import sailpoint.object.QueryOptions;
  import sailpoint.object.Schema;
  import sailpoint.tools.RFC4180LineIterator;
  import sailpoint.tools.RFC4180LineParser;
  import org.apache.log4j.Logger;
  import sailpoint.object.Custom;
import org.apache.log4j.Logger;
	Logger log = Logger.getLogger("com.carefirst.ApprovalAssignmentRule");

  public void updateRoleOwner (HashMap roleHash) {
    log.info(" key Values Map "+roleHash);

    //String attribute = (String) roleHash.get(columnName) != null ? (String) roleHash.get(columnName) : "";
    String strRoleName = (String) roleHash.get("RoleName") != null ? (String) roleHash.get("RoleName") : "";
    String strRoleOwner = (String) roleHash.get("RoleOwner") != null ? (String) roleHash.get("RoleOwner") : "";

    log.info("Role Name: '" + strRoleName);

    try{
      Bundle role = context.getObject(Bundle.class, strRoleName);
      if (null == role) {
        log.info(" - role does not exist");

      }
      else {

        List objects = new ArrayList();
        

        Filter useridFilter = Filter.eq("userid",strRoleOwner);

        if(useridFilter != null){

          log.info("Filter is not null");

          QueryOptions options = new QueryOptions().addFilter(useridFilter);

          if (options != null){
            objects = context.getObjects(Identity.class, options);
            log.info("objects"+objects);
            if(objects.isEmpty()){
              objects=null;
            }
          }
        }

        if(objects!=null)
        {
          for(Identity identity:objects)
          {
            //Identity identity = context.getObjectByName(Identity.class,currentUser);

            role.setOwner(identity);
          }
        }
        else{
          
          Custom customObj = context.getObjectByName(Custom.class,"Missing-Owner");
      if(customObj == null){
        customObj = new Custom();
        customObj.setName("Missing-Owner");
        customObj.put(strRoleName, strRoleOwner);

      }
      else{
        customObj.put(strRoleName, strRoleOwner);
      }

      context.saveObject(customObj);

        }
      }    
      context.saveObject(role);
      context.commitTransaction();
      return;
    } catch(Exception e){
      log.info("Inside Catch Block Exception is "+e);
    }

  }
    // What delimiter do we want to use in the CSV file.
    String dlm = ",";

    String csvFileName ="//home//iqadmin//Data//BulkRoleImport//Rnew//Test.csv";
    //return csvFileName;

    File testFile = new File(csvFileName);
    if ((!testFile.exists()) || (testFile.isDirectory())) {
      log.info("Unable to find file: " + csvFileName);
      return;
    }

    log.info("Importing Roles from: '" + csvFileName + "' ...");
    //return csvFileName;
    // Open the CSV file for reading.
    BufferedReader fileIn = new BufferedReader(new FileReader(csvFileName));

    RFC4180LineParser parser = new RFC4180LineParser(dlm);
    log.info(" After RFC418 ");
    int lineCounter = 0;
    ArrayList headerStrings = new ArrayList();
    String thisLine = null;
    log.info(" Before while ");
    while (null != (thisLine = fileIn.readLine())) {
      log.info("Inside while ");

      List tokens = parser.parseLine(thisLine);
      log.info(" tokens: " + tokens);

      if (lineCounter == 0) {
        log.info(" Inside IF condition: ");
        // Header Line.
        // Assign indexes to each position.
        for (int i=0; i &lt; tokens.size(); i++) {
          headerStrings.add(tokens.get(i).trim());
        }
      } else {
        // Data Line. Read the data elements out.
        HashMap lineHash = new HashMap();
        log.info(" Inside else condition: ");
        for (int i=0; i &lt; tokens.size(); i++) {
          String headerString = headerStrings.get(i);
          String valueString = tokens.get(i);
          if (null != valueString) { valueString = valueString.trim(); }
          log.info("header " + headerString + " == " + valueString);
          lineHash.put(headerString, valueString);
        }
        log.info(" Before calling buildRole: " );
        // return lineHash;
        updateRoleOwner(lineHash);

        log.info(" After calling buildRole: " );

      }

      lineCounter++;

      // Don't let objects accrue in memory, flush them out every so often.
      if ((lineCounter % 20) == 0) { context.decache(); }

    }

    fileIn.close();

    log.info("Role Owner update Complete.");

    return "Success";

    </Source>
</Rule>