<?xml version='1.0' encoding='UTF-8'?>
<!DOCTYPE Rule PUBLIC "sailpoint.dtd" "sailpoint.dtd">
<Rule language="beanshell" name="CF-RemoveAssignedRole-Rule" type="Correlation">
  <Description>
    Import template-defined Workgroups from a CSV file.
  </Description>
  <Signature returnType="Map">
    <Inputs>
      <Argument name="log">
        <Description>
          The log object associated with the SailPointContext.
        </Description>
      </Argument>
      <Argument name="context">
        <Description>
          A sailpoint.api.SailPointContext object that can be used to query the database if necessary.
        </Description>
      </Argument>
    </Inputs>
  </Signature>
  <Source>
  
  import java.io.File;
  import java.util.List;
  import java.util.ArrayList;
  import java.util.HashMap;
  import sailpoint.tools.Util;
  import sailpoint.object.Application;
  import sailpoint.object.Bundle;
  import sailpoint.object.Classification;
  import sailpoint.object.ObjectClassification;
  import sailpoint.object.Identity;
  import sailpoint.object.IdentitySelector;
  import sailpoint.object.IdentitySelector.MatchExpression;
  import sailpoint.object.IdentitySelector.MatchTerm;
  import sailpoint.object.IdentitySelector.MatchTerm.Type;
  import sailpoint.object.Link;
  import sailpoint.object.Profile;
  import sailpoint.object.Filter;
  import sailpoint.object.QueryOptions;
  import sailpoint.object.Schema;
  import sailpoint.tools.RFC4180LineIterator;
  import sailpoint.tools.RFC4180LineParser;
  import sailpoint.object.Application;
  import sailpoint.object.Identity;
  import sailpoint.object.Link;
  import sailpoint.object.ProvisioningPlan;
  import sailpoint.object.ProvisioningPlan.AccountRequest;
  import sailpoint.object.ProvisioningPlan.AttributeRequest;
  import sailpoint.object.ProvisioningPlan.Operation;
  import sailpoint.object.Link;
  import sailpoint.object.Link;
  import sailpoint.api.Provisioner;
  import sailpoint.api.*;
  import sailpoint.tools.Util;
  import java.text.DateFormat;  
  import java.text.SimpleDateFormat;  
  import java.util.Date;  
  import java.util.Calendar;  
  import java.util.Date;
  import java.util.Date;
  import java.util.List;
  import sailpoint.api.ObjectUtil;
  import sailpoint.api.SailPointContext;
  import sailpoint.object.*;
  import sailpoint.object.Filter;
  import sailpoint.object.Identity;
  import sailpoint.object.NotificationConfig;
  import sailpoint.object.WorkItem;
  import sailpoint.object.EmailOptions;
  import sailpoint.object.EmailTemplate;
  import java.io.IOException;
  import java.io.FileNotFoundException;
	import java.io.PrintWriter;
	import org.apache.log4j.Logger;


  Logger mylogger = Logger.getLogger("CF-RemoveAssignedRole-Rule");
  mylogger.info("Starting CF-RemoveAssignedRole-Rule");
  
  						List missingUsers = new ArrayList();
  
				public void mapAssignedRole (HashMap workgroupHash){
							
							mylogger.info("Key Values Map "+workgroupHash);
							String identity  = (String) workgroupHash.get("Employee ID");
							String roleName  = (String) workgroupHash.get("Business Role Name");
              String Employee_num = ("000000"+identity).substring(identity.length());
              mylogger.info("Employee Number"+Employee_num);
          		List objects = new ArrayList();
  
      				Filter useridFilter = Filter.eq("name",Employee_num);

      				if(useridFilter != null){

       				mylogger.info("Filter is not null");

        			QueryOptions options = new QueryOptions().addFilter(useridFilter);

        			if (options != null){
          			objects = context.getObjects(Identity.class, options);
          			mylogger.info("objects"+objects);
          			if(objects.isEmpty()){
            					objects=null;
          				}
       	 			}
      			}
          
  					//List identityList = new ArrayList();
          if(objects!=null)
          {
						for(Identity currentUser:objects)
  					{
              
	  					//Identity currentUser = context.getObjectByName(Identity.class,identity);
							ProvisioningPlan plan = new ProvisioningPlan();

                              plan.setIdentity(currentUser);
                              AccountRequest request = new AccountRequest();
                              request.setApplication("IIQ");
                              request.setNativeIdentity(currentUser.getName());
                              request.setOp(ProvisioningPlan.ObjectOperation.Modify);
                              request.setType("role");
                              AttributeRequest attr = new AttributeRequest();
                              attr.setName("assignedRoles");
                              attr.setOp(Operation.Remove);
                              attr.setValue(roleName);
                              List attrs = new ArrayList();
                              attrs.add(attr);
                              request.setAttributeRequests(attrs);
                              List requests = new ArrayList();
                              requests.add(request);
                              plan.setAccountRequests(requests);
															//return plan;
                            	Provisioner provisioner = new Provisioner(context);
															ProvisioningProject project = provisioner.compile(plan);
															provisioner.execute(project);
                              //return provisioner.getProject();
    
  					}
							
					}
          else{
            
            missingUsers.add(identity+","+roleName);
            
          }

  }
  public void writeToLog (List usersList){
			
  PrintWriter pw = null;
            try {
                  pw = new PrintWriter(new File("//home//iqadmin//Data//userRoleLog.csv"));
                } catch (FileNotFoundException e) {
                     e.printStackTrace();
                }
            StringBuilder builder = new StringBuilder();
    
    for(String user:usersList){
      
            builder.append(user);
            builder.append('\n');
            //pw.write(builder.toString());
            
    }
    pw.write(builder.toString());
    pw.close();
  }
					
					// What delimiter do we want to use in the CSV file.
  String dlm = ",";
  
  //String csvFileName ="//home//iqadmin//Data//userRoleMapping.csv";
  //String csvFileName = "//home//iqadmin//Data//BulkRoleImport//Role_Export//UsertoRole//FEDST.csv";
  String csvFileName = "//home//iqadmin//Data//BulkRoleImport//Role_Export//UsertoRole//Sample.csv";
  //String csvFileName ="////sv-tivdi-p2//e$//CareFirst//Data//BulkRoleImport//ImportRolesDemo//BusinessRoles.csv";

  
  File testFile = new File(csvFileName);
  if ((!testFile.exists()) || (testFile.isDirectory())) {
    mylogger.info("Unable to find file: " + csvFileName);
    return;
  }

  mylogger.info("Importing Workgroups from: '" + csvFileName + "' ...");

  // Open the CSV file for reading.
  BufferedReader fileIn = new BufferedReader(new FileReader(csvFileName));

  RFC4180LineParser parser = new RFC4180LineParser(dlm);
  mylogger.info(" After RFC418 ");
  int lineCounter = 0;
  ArrayList headerStrings = new ArrayList();
  String thisLine = null;
  mylogger.info(" Before while ");
  while (null != (thisLine = fileIn.readLine())) {
    mylogger.info("Inside while ");

    List tokens = parser.parseLine(thisLine);
    mylogger.info(" tokens: " + tokens);

    if (lineCounter == 0) {
      mylogger.info(" Inside IF condition: ");
      // Header Line.
      // Assign indexes to each position.
      for (int i=0; i &lt; tokens.size(); i++) {
        headerStrings.add(tokens.get(i).trim());
      }	  
    } else {
      // Data Line.  Read the data elements out.
      HashMap lineHash = new HashMap();
      mylogger.info(" Inside else condition: ");
      for (int i=0; i &lt; tokens.size(); i++) {
        String headerString = headerStrings.get(i);
        String valueString = tokens.get(i);
        if (null != valueString) { valueString = valueString.trim(); }
        mylogger.info ("header " + headerString + " == " + valueString);
        lineHash.put(headerString, valueString);
      }	
      mylogger.info(" Before calling mapAssignedRole: " );
      
      mapAssignedRole (lineHash);
      mylogger.info(" After calling mapAssignedRole: " );

    }

    lineCounter++;

    // Don't let objects accrue in memory, flush them out every so often.
    //if ((lineCounter % 20) == 0) { context.decache(); }

  } 

  fileIn.close();
  
  writeToLog(missingUsers);

  return missingUsers;
  
  </Source>
</Rule>