<?xml version='1.0' encoding='UTF-8'?>
<!DOCTYPE Rule PUBLIC "sailpoint.dtd" "sailpoint.dtd">
<Rule language="beanshell" name="CF-RehireEnableSkypeHomeDirectoryExchange-Rule" type="ConnectorAfterCreate">
  <Attributes>
    <Map>
      <entry key="ObjectOrientedScript" value="true"/>
      <entry key="disabled" value="false"/>
      <entry key="extension" value=".ps1"/>
      <entry key="program" value="powershell.exe"/>
      <entry key="timeout" value="150"/>
    </Map>
  </Attributes>
  <Description>
    An IdentityIQ Server-Side rule that is executed AFTER the connector's provisioning method is called. 
    This rule is called after accounts have been created on the underlying AD domain.
  </Description>
  <Signature>
    <Inputs>
      <Argument name="log">
        <Description>
          The log object associated with the SailPointContext.
        </Description>
      </Argument>
      <Argument name="context">
        <Description>
          A sailpoint.api.SailPointContext object that can be used to query the database if necessary.
        </Description>
      </Argument>
      <Argument name="plan">
        <Description>
          The ProvisioningPlan object on its way to the Connector.
        </Description>
      </Argument>
      <Argument name="application">
        <Description>
          The application object that references this before/after script.
        </Description>
      </Argument>
    </Inputs>
  </Signature>
  <Source>

  Add-type -path E:\IQService\IQService\utils.dll

 
    $date = Get-Date

    ECHO "**** Starting CF-RehireEnableSkypeHomeDirectoryExchange-Rule on ****"$date |Add-Content -path E:\Test\CF-RehireEnableSkypeHomeDirectoryExchange-Logs.txt -FORCE
   
    $sReader = New-Object System.IO.StringReader([System.String]$env:Request); 
    $xmlReader = [System.xml.XmlTextReader]([sailpoint.Utils.xml.XmlUtil]::getReader($sReader)); 
    $requestObject = New-Object Sailpoint.Utils.objects.AccountRequest($xmlReader);
 
        foreach ($attribute in $requestObject.AttributeRequests){
    
             ECHO "Inside For loop****"$date |Add-Content -path E:\Test\CF-RehireEnableSkypeHomeDirectoryExchange-Logs.txt -FORCE

           if($attribute.Name -eq "sAMAccountName"){
            [string]$samAccountName = $attribute.Value            
            }

            if($attribute.Name -eq "homeDirectory"){
            [string]$homedirectory = $attribute.Value
            }

        }

    
    ECHO "userSamaccountName = "$samAccountName|Add-Content -path E:\Test\CF-RehireEnableSkypeHomeDirectoryExchange-Logs.txt -FORCE        
    ECHO "userHomedirectory = "$homedirectory|Add-Content -path E:\Test\CF-RehireEnableSkypeHomeDirectoryExchange-Logs.txt -FORCE        
        
     #PowerShell command to call the code with the input parameters
      $ScriptPath = "E:\scripts\rehire-user.ps1"      
    . $ScriptPath $samAccountName $homedirectory
    
  	ECHO "#### Exiting CF-RehireEnableSkypeHomeDirectoryExchange-Rule ####"`r`n |Add-Content -path E:\Test\CF-RehireEnableSkypeHomeDirectoryExchange-Logs.txt -FORCE
      
  </Source>
</Rule>