<?xml version='1.0' encoding='UTF-8'?>
<!DOCTYPE Rule PUBLIC "sailpoint.dtd" "sailpoint.dtd">
<Rule language="beanshell" name="CF-SARReview-BeforeProvisioningRule" type="BeforeProvisioning">
  <Description>An IdentityIQ server-side rule that is executed before the connector's provisioning method is called. This gives the customer the ability to customize or react to anything in the ProvisioningPlan BEFORE it is sent to the underlying connectors used in provisioning. 

This rule will be called for any application found in a plan that also has a configured 'beforeProvisioningRule' configured.  

The plan can be updated directly in the rule by reference and does not need to return the plan.</Description>
  <Signature>
    <Inputs>
      <Argument name="log">
        <Description>
          The log object associated with the SailPointContext.
        </Description>
      </Argument>
      <Argument name="context">
        <Description>
          A sailpoint.api.SailPointContext object that can be used to query the database if necessary.
        </Description>
      </Argument>
      <Argument name="plan">
        <Description>
          The ProvisioningPlan object on its way to the Connector.
        </Description>
      </Argument>
      <Argument name="application">
        <Description>
          The application object that references this before/after script.
        </Description>
      </Argument>
    </Inputs>
  </Signature>
  <Source>import java.util.ArrayList;
import java.util.HashMap;
import java.util.List;
import sailpoint.api.PasswordGenerator;
import sailpoint.api.SailPointContext;
import sailpoint.api.Workflower;
import sailpoint.object.Application;
import sailpoint.object.Identity;
import sailpoint.object.PasswordPolicy;
import sailpoint.object.ProvisioningPlan;
import sailpoint.object.ProvisioningPlan.AccountRequest;
import sailpoint.object.Workflow;
import sailpoint.object.WorkflowLaunch;
import org.apache.log4j.Logger;

Logger log = Logger.getLogger("CF-samAccountName-Rule");
log.info("**** Starting CF-samAccountName-Rule****");
 
Identity identity = plan.getIdentity();

  
  log.info("Identity **************"+identity);

  List accountRequestsList = new ArrayList();
  accountRequestsList = plan.getAccountRequests();
  String operationName = "";
  try{
	  if(identity != null){
	  if((plan.getSource() != null) &amp;&amp; (plan.getSource().equalsIgnoreCase("Certification")) &amp;&amp; (plan.getSourceName() != null) &amp;&amp; plan.getSourceName().contains("SAR")){
		  for ( AccountRequest accountRequest : accountRequestsList) { 
        operationName=actReq.getOperation().toString();
			  if (operationName.equals("Delete") ) {

  //log.info("Printing plan **************"+plan.toXml());
				        plan.remove(accountRequest );
//log.info("Printing plan **************"+plan);
              return null;
				}
			}
}
}
}</Source>
</Rule>