<?xml version='1.0' encoding='UTF-8'?>
<!DOCTYPE Rule PUBLIC "sailpoint.dtd" "sailpoint.dtd">
<Rule language="beanshell" name="CF-SalesforceEmailChange-Rule" type="Listener">
  <Description>This rule can be used when the ObjectAttribute being listened to has changed.</Description>
  <Signature returnType="void">
    <Inputs>
      <Argument name="log">
        <Description>
          The log object associated with the SailPointContext.
        </Description>
      </Argument>
      <Argument name="context">
        <Description>
          A sailpoint.api.SailPointContext object that can be used to query the database if necessary.
        </Description>
      </Argument>
      <Argument name="environment">
        <Description>
          Optional arguments passed from the task executor, if the rule is running within a task.
        </Description>
      </Argument>
      <Argument name="identity">
        <Description>
          The identity which owns the attribute.
        </Description>
      </Argument>
      <Argument name="attributeDefinition">
        <Description>
          The definition of the ObjectAttribute.
        </Description>
      </Argument>
      <Argument name="attributeName">
        <Description>
          The name of the ObjectAttribute.
        </Description>
      </Argument>
      <Argument name="oldValue">
        <Description>
          The original value of the ObjectAttribute.
        </Description>
      </Argument>
      <Argument name="newValue">
        <Description>
          The new value of the ObjectAttribute.
        </Description>
      </Argument>
    </Inputs>
  </Signature>
  <Source>
  import sailpoint.object.Identity;
  import sailpoint.object.Link;
  import sailpoint.object.ProvisioningPlan;
  import sailpoint.api.Provisioner;
   
  import sailpoint.object.ProvisioningPlan.AccountRequest;
  import sailpoint.object.ProvisioningPlan.AttributeRequest;
 import org.apache.log4j.Logger;
 Logger log = Logger.getLogger("com.carefirst.SalesforceCX360BeforeProvisioning-Rule");

log.info(" Starting CF-SalesforceEmailChange-Rule");
    
  //log.info("**** Starting CF-SalesforceEmailChange-Rule ****");
  
	   
	
	for(Link userLink : identity.getLinks()){
		
		System.out.println("Inside CF-SalesforceEmailChange-Rule, userLink = "+userLink);
		System.out.println("Inside CF-SalesforceEmailChange-Rule, application type = "+userLink.getApplication().getType());
		
		System.out.println("Inside CF-SalesforceEmailChange-Rule, application type = "+userLink.getApplication().getName());
		
	if(userLink.getApplication().getType().equalsIgnoreCase("salesforce")){	
    
    log.info("Inside IF BLOCK.........."+userLink.getNativeIdentity());
    log.info("Inside IF BLOCK.........."+newValue);
    
	  ProvisioningPlan plan = new ProvisioningPlan();
   
    log.info("Before setting identity in plan, plan = "+plan.toXml());
		
    plan.setIdentity(identity);
    
    log.info("After setting identity in plan, plan = "+plan.toXml());
    
		 plan.setTargetIntegration(userLink.getApplication().getName());
    
  
   AccountRequest accreq = new AccountRequest();
    
    log.info("Inside before account request setting");
   
    accreq.setOperation(ProvisioningPlan.AccountRequest.Operation.Modify);
    accreq.setApplication(userLink.getApplication().getName());
    accreq.setNativeIdentity(userLink.getNativeIdentity());
    
    accreq.add(new AttributeRequest("Email",ProvisioningPlan.Operation.Set,newValue));
    
    if(!userLink.getApplication().getName().equalsIgnoreCase("FEP Salesforce")){
    accreq.add(new AttributeRequest("FederationIdentifier",ProvisioningPlan.Operation.Set,newValue));  
    }
    
    log.info("After setting accountRequest "+accreq.toXml());
    
    plan.add(accreq);
	
	System.out.println("Inside CF-SalesforceEmailChange-Rule, plan before executing provisioner = "+plan.toXml());
	
   
   Provisioner  prov = new Provisioner(context);
	 prov.compile(plan);
	 prov.execute();   
   
	  context.commitTransaction();
	  context.saveObject(currentUser);
  }
  }
  log.info("#### Exiting CF-SalesforceEmailChange-Rule ####");
  
  </Source>
</Rule>