<?xml version='1.0' encoding='UTF-8'?>
<!DOCTYPE Rule PUBLIC "sailpoint.dtd" "sailpoint.dtd">
<Rule language="beanshell" name="CF-SalesforceGroupFEPAfterProvisioning-Rule" type="AfterProvisioning">
  <Description>SalesforceAfterProvisioningRule</Description>
  <ReferencedRules>
    <Reference class="sailpoint.object.Rule" name="CF-Constants-Rule"/>
  </ReferencedRules>
  <Signature>
    <Inputs>
      <Argument name="log">
        <Description>
          The log object associated with the SailPointContext.
        </Description>
      </Argument>
      <Argument name="context">
        <Description>
          A sailpoint.api.SailPointContext object that can be used to query the database if necessary.
        </Description>
      </Argument>
      <Argument name="plan">
        <Description>
          The ProvisioningPlan object on its way to the Connector.
        </Description>
      </Argument>
      <Argument name="application">
        <Description>
          The application object that references this before/after script.
        </Description>
      </Argument>
      <Argument name="result">
        <Description>
          The ProvisioningResult object returned by the connectors provision method. This can be null and in many cases the connector will  not return a result and instead will annotate the plan's ProvisioningResult either at the plan or account level.        
        </Description>
      </Argument>
    </Inputs>
  </Signature>
  <Source>
import sailpoint.object.*;
  import sailpoint.object.ProvisioningPlan.AccountRequest;
  import sailpoint.object.ProvisioningPlan.AccountRequest.Operation;
  import sailpoint.object.ProvisioningPlan.AttributeRequest;
  import sailpoint.object.ProvisioningResult;
  import sailpoint.api.Provisioner;
  import org.apache.log4j.Logger;  
  import java.util.List;
  import sailpoint.object.Application;
  import sailpoint.object.Link;
  import sailpoint.api.SailPointContext;


  Logger loggerObj = Logger.getLogger("com.carefirst.SalesforceAfterGroupFEPProvisioning");
  loggerObj.info("Starting After Provisioning Rule");
  
  Custom SFCustomObj =  context.getObjectByName(Custom.class,"CF-SalesforceConfig-Custom");

  loggerObj.info(" **** Starting CF-SalesforceAfterProvisioning-Rule ****");

  if (plan != null) {

    loggerObj.info("Inside Rule: CF-SalesforceAfterProvisioning-Rule, inside condition to check if plan is not null. Plan is not null");

    String salesforceOrgName       = application.getName();

    loggerObj.info("Inside Rule: CF-SalesforceAfterProvisioning-Rule, salesforceOrgName = "+ salesforceOrgName);

    AccountRequest accountRequest = plan.getAccountRequest(salesforceOrgName);


    loggerObj.info("Inside Rule: CF-SalesforceAfterProvisioning-Rule, plan = "+ plan.toXml());    
    loggerObj.info("Inside Rule: CF-SalesforceAfterProvisioning-Rule, accountRequest = "+ accountRequest.toXml());

    loggerObj.info("|||||accountRequest ::::" + accountRequest.toXml());
    Operation operation = accountRequest.getOperation();
    loggerObj.info("|||||accountRequest operation::::" + operation);
    loggerObj.info("|||||Boolean operation::::" + operation.equals(Operation.Create));

    	String spReqId ="";
    
    List attrRequestsList = new ArrayList();

    if(plan.getArguments()!=null){
      loggerObj.info("Inside Rule: CF-SalesforceAfterProvisioning-Rule, requestId = "+ plan.getArguments().get("identityRequestId"));
                spReqId = plan.getArguments().get("identityRequestId");
    }
      loggerObj.info("Inside Rule: CF-SalesforceAfterProvisioning-Rule, inside block to send mail notification.");

      Identity userIdentity = plan.getIdentity();

      loggerObj.info("Inside Rule: CF-SalesforceAfterProvisioning-Rule, sfProfileDetails, FIRST OCCURRENCE, = "+userIdentity.getAttribute("sfProfileDetails"));

        loggerObj.info("Inside Rule: CF-SalesforceAfterProvisioning-Rule, inside condition to check if user email is not null.");

        String userEmailID = userIdentity.getEmail();                                    
        String userName = userIdentity.getDisplayName();
        String userId = userIdentity.getAttribute("userid");
        String userSfId = "";
        String ProfileId = "";
        String profileName = "";
        String userSfRoleId = "";
                                String userSfRoleOperation = "";
        String sfProvResult = accountRequest.getResult().getStatus();
        
    loggerObj.info("Inside Rule: CF-SalesforceAfterProvisioning-Rule, inside for loop, iterating attribute requests, sfProvResult = "+sfProvResult);
    if(accountRequest.getAttributeRequests() != null){
        for(AttributeRequest attrRequest : accountRequest.getAttributeRequests()){

          if(attrRequest.getName().equalsIgnoreCase("ProfileId")){
            ProfileId = attrRequest.getValue().toString();
          }
          if(attrRequest.getName().equalsIgnoreCase("Username")){
            userSfId = attrRequest.getValue().toString();
          }      
                                  if(attrRequest.getName().equalsIgnoreCase("Role")){
            userSfRoleId = attrRequest.getValue().toString();
            userSfRoleOperation = attrRequest.getOperation().toString();
          }      
          
          loggerObj.info("Inside Rule: CF-SalesforceAfterProvisioning-Rule, inside for loop, iterating attribute requests, attrRequest = "+attrRequest.toXml());

        }
                      
    if(operation.equals(Operation.Create) || operation.equals(Operation.Modify)){
    
                                //Code to check for old profile begins here
                if(!ProfileId.isEmpty()){
    
    String existingAppName = "";
    String existingProfileId = "";
    String newsfProfileDetails = "";
    String sfRoleName = "";
                  
                  Iterator iterObj = context.search("sql: select display_name from identityiq.spt_managed_attribute where attribute='profileId' and value='"+ProfileId+"'", new HashMap(), null);      
                  
                  while(iterObj.hasNext())    
                  {
                    profileName = iterObj.next().toString();                 
                  }
                                                
                                                loggerObj.info("Inside Rule: CF-SalesforceAfterProvisioning-Rule, ProfileId is not null"); 
                                                
                                if(userIdentity.getAttribute("sfProfileDetails")!=null @and !userIdentity.getAttribute("sfProfileDetails").contains(salesforceOrgName+"~"+ProfileId)){
                                                
loggerObj.info("Inside Rule: CF-SalesforceAfterProvisioning-Rule, user sfProfileDetails is not null, NEW TRACE, value = "+userIdentity.getAttribute("sfProfileDetails")); 
                                                
                                                for(String singleProfile : userIdentity.getAttribute("sfProfileDetails").split(",")){
                                                                
loggerObj.info("Inside Rule: CF-SalesforceAfterProvisioning-Rule, checking sfProfileDetails, inside first for loop to iterate through the values in sfProfileDetails.");                                                 
                                                                
                                                 int i=0;
                                                                for(String singleProfileValue : singleProfile.split("~")){

loggerObj.info("Inside Rule: CF-SalesforceAfterProvisioning-Rule, checking sfProfileDetails, inside second for loop.");                                                 
                                                                                
                                                                                if(i==0){
                                                                                existingAppName = singleProfileValue;
                                                                                }
                                                                                if(i==1){
                                                                                existingProfileId = singleProfileValue;                                                                     
                                                                                }
                                                                                i++;
                                                                }
loggerObj.info("Inside Rule: CF-SalesforceAfterProvisioning-Rule, checking sfProfileDetails, outside second for loop, existingAppName = "+existingAppName);
loggerObj.info("Inside Rule: CF-SalesforceAfterProvisioning-Rule, checking sfProfileDetails, outside second for loop, existingProfileId = "+existingProfileId);                                                        
                                                                
                                                                if(salesforceOrgName.equalsIgnoreCase(existingAppName)){

loggerObj.info("Inside Rule: CF-SalesforceAfterProvisioning-Rule, checking sfProfileDetails, inside if loop to check if the SF app name is already assigned.");

Iterator iterator = context.search("sql: select b.name from identityiq.spt_bundle b join identityiq.spt_profile p on p.bundle_id = b.id join identityiq.spt_profile_constraints c on p.id = c.profile where elt like '%" + existingProfileId + "%'", new HashMap(), null);
                  
                    while(null != iterator &amp;&amp; iterator.hasNext()) {
                      sfRoleName = iterator.next();                     
                    }

loggerObj.info("Inside Rule: CF-SalesforceAfterProvisioning-Rule, checking sfProfileDetails, inside if loop to check if the SF app name is already assigned, profileName = "+profileName);
loggerObj.info("Inside Rule: CF-SalesforceAfterProvisioning-Rule, checking sfProfileDetails, inside if loop to check if the SF app name is already assigned, sfRoleName = "+sfRoleName);
                                                                  
loggerObj.info("Inside Rule: CF-SalesforceAfterProvisioning-Rule, checking sfProfileDetails, inside if loop to check role assignment summary of an identity "+userIdentity.getAssignedRoles());
                                                                
                                                                //Remove role from user
                                                                ProvisioningPlan roleRemovalPlan = new ProvisioningPlan();
                                                                roleRemovalPlan.setIdentity(userIdentity);                                                                                                                                                                          
                                                    roleRemovalPlan.add("IIQ", userIdentity.getName(), "assignedRoles", ProvisioningPlan.Operation.Remove, sfRoleName);
                                                                
                                                                Provisioner roleRemovalProvisioner = new Provisioner(context);
                                                                ProvisioningProject roleRemovalProject = roleRemovalProvisioner.compile(roleRemovalPlan);
                                                                roleRemovalProvisioner.execute(roleRemovalProject);   
loggerObj.info("Inside Rule: CF-SalesforceAfterProvisioning-Rule, checking sfProfileDetails, inside if loop to check role assignment summary of an identity after Role removal "+userIdentity.getAssignedRoles());
                                                                }else{
          if(newsfProfileDetails.isEmpty()){
                                                                                newsfProfileDetails=singleProfile;            
          }else{
               newsfProfileDetails = newsfProfileDetails +","+ singleProfile;
          }
loggerObj.info("Inside Rule: CF-SalesforceAfterProvisioning-Rule, checking sfProfileDetails, inside else loop, newsfProfileDetails = "+newsfProfileDetails);
                                                                }
                                                }                              
       if(newsfProfileDetails.isEmpty()){
                                                                                newsfProfileDetails=salesforceOrgName+"~"+ProfileId;
          }else{
               newsfProfileDetails = newsfProfileDetails + ","+salesforceOrgName+"~"+ProfileId;
          }
      
                                                userIdentity.setAttribute("sfProfileDetails",newsfProfileDetails);
                                                context.saveObject(userIdentity);
                                                context.commitTransaction();
loggerObj.info("Inside Rule: CF-SalesforceAfterProvisioning-Rule, checking sfProfileDetails, inside if loop to check if the SF app name is already assigned, new sfProfileDetails = "+userIdentity.getAttribute("sfProfileDetails"));
    
                                }
                                if(userIdentity.getAttribute("sfProfileDetails")==null){
                                                userIdentity.setAttribute("sfProfileDetails",salesforceOrgName+"~"+ProfileId);
                                                context.saveObject(userIdentity);
                                                context.commitTransaction();
                                                
loggerObj.info("Inside Rule: CF-SalesforceAfterProvisioning-Rule, user does not have sfProfileDetails flag set already. New sfProfileDetails value = "+userIdentity.getAttribute("sfProfileDetails"));
                                                
                                }
                }
                                
                                //Code to check for old profile ends here

//Code to check for old role begins here
                if(!userSfRoleId.isEmpty()){
    
    String existingAppNameForRole = "";
    String existingRoleId = "";
    String newsfRoleDetails = "";
    String sfRoleNameForRole = "";
                  
                                                
                                                loggerObj.info("Inside Rule: CF-SalesforceAfterProvisioning-Rule, Role is not null"); 
                                                
                                if(userIdentity.getAttribute("sfRoleDetails")!=null @and !userIdentity.getAttribute("sfRoleDetails").contains(salesforceOrgName+"~"+userSfRoleId)){
                                                
loggerObj.info("Inside Rule: CF-SalesforceAfterProvisioning-Rule, user sfRoleDetails is not null, value = "+userIdentity.getAttribute("sfRoleDetails")); 
                                                
                                                for(String singleRole : userIdentity.getAttribute("sfRoleDetails").split(",")){
                                                                
loggerObj.info("Inside Rule: CF-SalesforceAfterProvisioning-Rule, checking sfRoleDetails, inside first for loop to iterate through the values in sfRoleDetails.");                                                      
                                                                
                                                 int i=0;
                                                                for(String singleRoleValue : singleRole.split("~")){

loggerObj.info("Inside Rule: CF-SalesforceAfterProvisioning-Rule, checking sfRoleDetails, inside second for loop.");                                                                 
                                                                                
                                                                                if(i==0){
                                                                                existingAppNameForRole = singleRoleValue;
                                                                                }
                                                                                if(i==1){
                                                                                existingRoleId = singleRoleValue;                                                                              
                                                                                }
                                                                                i++;
                                                                }
loggerObj.info("Inside Rule: CF-SalesforceAfterProvisioning-Rule, checking sfRoleDetails, outside second for loop, existingAppNameForRole = "+existingAppNameForRole);
loggerObj.info("Inside Rule: CF-SalesforceAfterProvisioning-Rule, checking sfRoleDetails, outside second for loop, existingRoleId = "+existingRoleId);                                                            
                                                                
                                                                if(salesforceOrgName.equalsIgnoreCase(existingAppNameForRole)){

loggerObj.info("Inside Rule: CF-SalesforceAfterProvisioning-Rule, checking sfRoleDetails, inside if loop to check if the SF app name is already assigned.");

Iterator iterator = context.search("sql: select b.name from spt_bundle b join identityiq.spt_profile p on p.bundle_id = b.id join identityiq.spt_profile_constraints c on p.id = c.profile where elt like '%" + existingRoleId + "%'", new HashMap(), null);
                  
                    while(null != iterator &amp;&amp; iterator.hasNext()) {
                      sfRoleNameForRole = iterator.next();                     
                    }

loggerObj.info("Inside Rule: CF-SalesforceAfterProvisioning-Rule, checking sfRoleDetails, inside if loop to check if the SF app name is already assigned, sfRoleNameForRole = "+sfRoleNameForRole);
                                                                
                                                                //Remove role from user
                                                                ProvisioningPlan roleRemovalPlan = new ProvisioningPlan();
                                                                roleRemovalPlan.setIdentity(userIdentity);                                                                                                                                                                          
                                                    roleRemovalPlan.add("IIQ", userIdentity.getName(), "assignedRoles", ProvisioningPlan.Operation.Remove, sfRoleNameForRole);
                                                                
                                                                Provisioner roleRemovalProvisioner = new Provisioner(context);
                                                                ProvisioningProject roleRemovalProject = roleRemovalProvisioner.compile(roleRemovalPlan);
                                                                roleRemovalProvisioner.execute(roleRemovalProject);
                                                                }else{
          if(newsfRoleDetails.isEmpty()){
                                                                                newsfRoleDetails=singleRole;            
          }else{
               newsfRoleDetails = newsfRoleDetails +","+ singleRole;
          }
loggerObj.info("Inside Rule: CF-SalesforceAfterProvisioning-Rule, checking sfRoleDetails, inside else loop, newsfRoleDetails = "+newsfRoleDetails);
                                                                }
                                                }
                                                
       if(newsfRoleDetails.isEmpty()){
                                                                                newsfRoleDetails=salesforceOrgName+"~"+userSfRoleId;
          }else{
               newsfRoleDetails = newsfRoleDetails + ","+salesforceOrgName+"~"+userSfRoleId;
          }
      
                                                userIdentity.setAttribute("sfRoleDetails",newsfRoleDetails);
                                                context.saveObject(userIdentity);
                                                context.commitTransaction();
loggerObj.info("Inside Rule: CF-SalesforceAfterProvisioning-Rule, checking sfRoleDetails, inside if loop to check if the SF app name is already assigned, new sfRoleDetails = "+userIdentity.getAttribute("sfRoleDetails"));
                                                
                                }
                                if(userIdentity.getAttribute("sfRoleDetails")==null){
                                                userIdentity.setAttribute("sfRoleDetails",salesforceOrgName+"~"+userSfRoleId);
                                                context.saveObject(userIdentity);
                                                context.commitTransaction();
                                                
loggerObj.info("Inside Rule: CF-SalesforceAfterProvisioning-Rule, user does not have sfRoleDetails flag set already. New sfRoleDetails value = "+userIdentity.getAttribute("sfRoleDetails"));
                                                
                                }
                }
                                
                                //Code to check for old role ends here


if((operation.equals(Operation.Create) @or (operation.equals(Operation.Modify) @and SFCustomObj.get("SFModifyMailProvisioningOrgs").contains(salesforceOrgName) @and (spReqId != null @and !spReqId.isEmpty()) ))@and  sfProvResult.equalsIgnoreCase("committed") ){
        EmailTemplate template = context.getObjectByName(EmailTemplate.class, STR_SALESFORCE_NEWACCOUNTNOTIFICATION_EMAILTEMPLATE);
        EmailOptions options = new EmailOptions();

        String mailToBeSentTo = "";                  
       // Custom SFCustomObj = context.getObjectByName(Custom.class,"CF-SalesforceConfig-Custom");
  
                                                loggerObj.info("Inside Rule: CF-SalesforceAfterProvisioning-Rule, BEFORE composing email to user. SFCustomObj_get_salesforceOrgName = "+SFCustomObj.get(salesforceOrgName));
  
                                                mailToBeSentTo = SFCustomObj.get(salesforceOrgName).toString();
  
                loggerObj.info("Inside Rule: CF-SalesforceAfterProvisioning-Rule, BEFORE composing email to user. mailToBeSentTo = "+mailToBeSentTo);
        
                                                options.setTo(mailToBeSentTo);
  
                                                Map args = new HashMap();
        args.put("userName", userName);
        args.put("userId", userId);
        args.put("userSfId", userSfId);
        args.put("userEmailID", userEmailID);              
        args.put("salesforceOrgName", salesforceOrgName);               
        args.put("ProfileId", ProfileId);            
                                                                args.put("ProfileName", profileName);
        args.put("spReqId", spReqId);                 

        options.setVariables(args);
        context.sendEmailNotification(template, options);    

        loggerObj.info("Inside Rule: CF-SalesforceAfterProvisioning-Rule, AFTER composing email to user. Mail notification sent.");
                                }
  }

    //Modify sfRole flag on identity as part of removal
    if(!userSfRoleOperation.isEmpty() @and userSfRoleOperation.equalsIgnoreCase("Remove")){
      
      loggerObj.info("Inside Rule: CF-SalesforceAfterProvisioning-Rule, inside if block to check delete operation.");
      
      if(!userSfRoleId.isEmpty()){
        
        loggerObj.info("Inside Rule: CF-SalesforceAfterProvisioning-Rule, inside if block to check delete operation, userSfRoleId is not empty.");
        
        String newsfRoleDetailsForRemoval = "";
          
        for(String singleRoleForRemoval : userIdentity.getAttribute("sfRoleDetails").split(",")){
          
          if(!singleRoleForRemoval.equalsIgnoreCase(salesforceOrgName+"~"+userSfRoleId)){
            
            if(newsfRoleDetailsForRemoval.isEmpty()){
            newsfRoleDetailsForRemoval = singleRoleForRemoval;
            }else{            
            newsfRoleDetailsForRemoval = newsfRoleDetailsForRemoval + "," + singleRoleForRemoval;
            }
          }
        }
        
        loggerObj.info("Inside Rule: CF-SalesforceAfterProvisioning-Rule, inside if block to check delete operation, newsfRoleDetailsForRemoval = "+newsfRoleDetailsForRemoval);
        
      userIdentity.setAttribute("sfRoleDetails",newsfRoleDetailsForRemoval);
                                                context.saveObject(userIdentity);
                                                context.commitTransaction();
        
        loggerObj.info("Inside Rule: CF-SalesforceAfterProvisioning-Rule, inside if block to check delete operation, userIdentity_getAttribute_sfRoleDetails = "+userIdentity.getAttribute("sfRoleDetails"));        
        
      }
    }
    
    loggerObj.info("Going to Role addition block "+SFCustomObj.get("SFOrgsRoleProvisioningRequired"));
    loggerObj.info("checking the application name "+salesforceOrgName);
    loggerObj.info("user role operation  "+userSfRoleOperation);
    
  //Adding below block to provision role explictly for FEP Salesforce and Salesforce Group  
    if((spReqId != null @and !spReqId.isEmpty()) @and operation.equals(Operation.Modify) @and SFCustomObj.get("SFOrgsRoleProvisioningRequired").contains(salesforceOrgName) @and !userSfRoleOperation.equalsIgnoreCase("remove")){
	 
      loggerObj.info("Inside block to add the role explicitly");
      ProvisioningPlan roleProvisioningPlan = new ProvisioningPlan();
      Application appObj = context.getObjectByName(Application.class,salesforceOrgName);
      Link linkObj = userIdentity.getLink(appObj);
       
   
     // loggerObj.info("User Link Object "+ linkObj.toXml());
      
   
      
    if((userSfRoleId == null @or userSfRoleId.isEmpty())){
  if(userIdentity.getAttribute("sfRoleDetails") != null){
    if(userIdentity.getAttribute("sfRoleDetails").contains(salesforceOrgName)){
      
      for(String singleRole : userIdentity.getAttribute("sfRoleDetails").split(",")){
        if(singleRole.contains(salesforceOrgName)){
  userSfRoleId = singleRole.substring(singleRole.indexOf("~")+1);
      }
    }
  }
  }
  }
   loggerObj.info("User Role ID "+userSfRoleId); 
  roleProvisioningPlan.setNativeIdentity(userIdentity.getName());
  roleProvisioningPlan.setIdentity(userIdentity);
  roleProvisioningPlan.setTargetIntegration(salesforceOrgName);

  if(linkObj != null @and userSfRoleId != null ){
   
   AccountRequest accreq = new AccountRequest();
   
   accreq.setOperation(ProvisioningPlan.AccountRequest.Operation.Modify);
   accreq.setApplication(salesforceOrgName);
   accreq.setNativeIdentity(linkObj.getNativeIdentity());
    
   accreq.add(new AttributeRequest("Role",ProvisioningPlan.Operation.Add,userSfRoleId));
   
   
   roleProvisioningPlan.add(accreq);
      
   loggerObj.info("After making the modify operation"+roleProvisioningPlan.toXml());
   Provisioner  prov = new Provisioner(context);
              prov.compile(roleProvisioningPlan);
              prov.execute();
   loggerObj.info("Plan after executing provisioner");
              context.commitTransaction();
              context.saveObject(userIdentity);
   } 
	  
  }             
  
  }
  }
    loggerObj.info(" #### Exiting CF-SalesforceAfterGroupFEPProvisioning-Rule #### ");
  
</Source>
</Rule>