<?xml version='1.0' encoding='UTF-8'?>
<!DOCTYPE Rule PUBLIC "sailpoint.dtd" "sailpoint.dtd">
<Rule language="beanshell" name="CF-SalesforceSetProfileAttribute-Rule" type="IdentityAttribute">
  <Description>Identity attribute rules are used when the value is not simply a copy of an application account attribute value.  A transformation may be necessary on the account attribute, or several account attributes may need to be combined to produce the identity attribute.

This rule can be called in two ways: as a global mapping rule and an application mapping rule.  A global mapping rule is called whenever the identity is refreshed.  The rule can look at any account attributes.  An application mapping rule is called only when the identity contains an account link for that application, this link is passed in the "link" argument which is not passed in global mapping rules.</Description>
  <Signature returnType="String">
    <Inputs>
      <Argument name="log">
        <Description>
          The log object associated with the SailPointContext.
        </Description>
      </Argument>
      <Argument name="context">
        <Description>
          A sailpoint.api.SailPointContext object that can be used to query the database if necessary.
        </Description>
      </Argument>
      <Argument name="environment" type="Map">
        <Description>
           Arguments passed to the aggregation or refresh task.
        </Description>
      </Argument>
      <Argument name="identity">
        <Description>
           The Identity object that represents the user
           that is being aggregated.
        </Description>
      </Argument>
      <Argument name="attributeDefinition">
        <Description>
           The AttributeDefinition object for this attribute.
        </Description>
      </Argument>
      <Argument name="link">
        <Description>
           The Link object from the Identity, if this is an application
           mapping rule.  For global mapping rules this will be void.
        </Description>
      </Argument>
      <Argument name="attributeSource">
        <Description>
          The AttributeSource object.
        </Description>
      </Argument>
      <Argument name="oldValue">
        <Description>
          The original value of the application account attribute.
        </Description>
      </Argument>
    </Inputs>
    <Returns>
      <Argument name="attributeValue">
        <Description>
          The value of the attribute that should be populated.
          The rule should return this value.
        </Description>
      </Argument>
    </Returns>
  </Signature>
  <Source>//import sailpoint.object.*;
  import org.apache.log4j.Logger;

Logger log = Logger.getLogger("CF-SalesforceSetProfileAttribute-Rule");

  String sfApplicationName = link.getApplicationName();  
  
  String sfProfileId = link.getAttribute("ProfileId");
  String sfRole = "";
  
  if(link.getAttribute("Role") != null){
  sfRole = link.getAttribute("Role");
  }

log.info("**** Starting CF-SalesforceSetProfileAttribute-Rule, in Production ****");
  
  log.info("Inside CF-SalesforceSetProfileAttribute-Rule, processing user = "+ identity.getName());

	//log.info("Inside CF-SalesforceSetProfileAttribute-Rule, sfProfileDetails BEFORE aggregation = "+ identity.getAttribute("sfProfileDetails"));
	//log.info("Inside CF-SalesforceSetProfileAttribute-Rule, sfRoleDetails BEFORE aggregation = "+ identity.getAttribute("sfRoleDetails"));   
  
  //log.info("Inside CF-SalesforceSetProfileAttribute-Rule, link getApplicationName = "+link.getApplicationName());
  //log.info("Inside CF-SalesforceSetProfileAttribute-Rule, link getAttribute_ProfileId_ = "+link.getAttribute("ProfileId"));
  //log.info("Inside CF-SalesforceSetProfileAttribute-Rule, link getAttribute_Role_ = "+link.getAttribute("Role"));
  
  if(identity.getAttribute("sfProfileDetails")==null){
  identity.setAttribute("sfProfileDetails",sfApplicationName+"~"+sfProfileId);
  }
  if(identity.getAttribute("sfProfileDetails") != null @and !identity.getAttribute("sfProfileDetails").contains(sfApplicationName)){
    String newsfProfileDetails = identity.getAttribute("sfProfileDetails") +","+ sfApplicationName+"~"+sfProfileId;
    identity.setAttribute("sfProfileDetails",newsfProfileDetails);
  }
  
  if(!sfRole.isEmpty() @and identity.getAttribute("sfRoleDetails") == null){
    identity.setAttribute("sfRoleDetails",sfApplicationName+"~"+sfRole);
  } 
    
  if(identity.getAttribute("sfRoleDetails") != null @and !identity.getAttribute("sfRoleDetails").contains(sfApplicationName)){
     String newsfRoleDetails = identity.getAttribute("sfRoleDetails") +","+ sfApplicationName+"~"+sfRole;
    identity.setAttribute("sfRoleDetails",newsfRoleDetails);
  }
  
 /* if(identity.getAttribute("sfRoleDetails").equalsIgnoreCase("SalesForce CD~void")){
    
    log.info("Inside CF-SalesforceSetProfileAttribute-Rule, inside if block to remove null sfRoleDetails value.");
    
	  identity.removeAttribute("sfRoleDetails");
  }*/
  
  context.saveObject(identity);
			context.commitTransaction();

  log.info("Inside CF-SalesforceSetProfileAttribute-Rule, sfProfileDetails AFTER aggregation = "+ identity.getAttribute("sfProfileDetails"));
	log.info("Inside CF-SalesforceSetProfileAttribute-Rule, sfRoleDetails AFTER aggregation = "+ identity.getAttribute("sfRoleDetails"));   


log.info("#### Exiting CF-SalesforceSetProfileAttribute-Rule ####");</Source>
</Rule>