<?xml version='1.0' encoding='UTF-8'?>
<!DOCTYPE Rule PUBLIC "sailpoint.dtd" "sailpoint.dtd">
<Rule language="beanshell" name="CF-TriggerRule-TransferReview" type="IdentityTrigger">
  <Description>This rule can be used for Certification Events that use rule triggers. The previousIdentity and newIdentity hold snapshots of the identity before the update has occurred and the state of the identity after the update, respectively.</Description>
  <ReferencedRules>
    <Reference class="sailpoint.object.Rule" name="CF-Constants-Rule"/>
  </ReferencedRules>
  <Signature returnType="boolean"/>
  <Source>import sailpoint.tools.Util;
  import org.apache.log4j.Logger;
  import java.text.*;
  import java.util.Calendar;
  import java.util.Date;
  import java.time.LocalDateTime;
  import java.time.format.DateTimeFormatter;


  Logger mylogger = Logger.getLogger("com.carefirst.loggers");

  mylogger.info("Starting Trigger Rule - Transfer Review");

  try{
    String strJobCode_old = previousIdentity.getAttribute(ATR_JOBCODE) != null ? previousIdentity.getAttribute(ATR_JOBCODE) : "";
    String strPositionNumber_old = previousIdentity.getAttribute(ATR_POSITIONNUMBER) != null ? previousIdentity.getAttribute(ATR_POSITIONNUMBER) : "";
    String strJobCode = newIdentity.getAttribute(ATR_JOBCODE) != null ? newIdentity.getAttribute(ATR_JOBCODE) : "";
    String strPositionNumber = newIdentity.getAttribute(ATR_POSITIONNUMBER) != null ? newIdentity.getAttribute(ATR_POSITIONNUMBER) : "";

   /*mylogger.info("Trigger Rule - Transfer Review prev jobcode"+strJobCode_old);
    mylogger.info("Trigger Rule - Transfer Review new jobcode"+strJobCode);
    mylogger.info("Trigger Rule - Transfer Review prev position number"+strPositionNumber_old);
    mylogger.info("Trigger Rule - Transfer Review new position number"+strPositionNumber);
    mylogger.info("Trigger Rule - Transfer Review");*/

    if(newIdentity != null &amp;&amp; previousIdentity != null &amp;&amp;  Util.isNotNullOrEmpty(strJobCode) &amp;&amp;  Util.isNotNullOrEmpty(strPositionNumber)) {
      
      
 //mylogger.info("Trigger Rule - Transfer Review inside 1st if loop");

      if(!(strJobCode_old.equalsIgnoreCase(strJobCode) @or (strPositionNumber_old.equalsIgnoreCase(strPositionNumber))))
      {
         //mylogger.info("Trigger Rule - Transfer Review inside 2nd if loop");
        return true;
      }
    }    
  }   
  catch(Exception e){
    mylogger.info("**** Exiting CareFirst Transfer Review Trigger Rule - from catch block due to exception, with return value as false ****"+e);
    return false;
  }</Source>
</Rule>