<?xml version='1.0' encoding='UTF-8'?>
<!DOCTYPE Rule PUBLIC "sailpoint.dtd" "sailpoint.dtd">
<Rule language="beanshell" name="CF-TestDeleteIdentity-Rule" type="Correlation">
  <Description>
    Import template-defined Workgroups from a CSV file.
  </Description>
  <ReferencedRules>
    <Reference class="sailpoint.object.Rule" name="CF-Constants-Rule"/>
    <Reference class="sailpoint.object.Rule" name="CF-CommonLibrary-Rule"/>
  </ReferencedRules>
  <Signature returnType="Map">
    <Inputs>
      <Argument name="log">
        <Description>
          The log object associated with the SailPointContext.
        </Description>
      </Argument>
      <Argument name="context">
        <Description>
          A sailpoint.api.SailPointContext object that can be used to query the database if necessary.
        </Description>
      </Argument>
    </Inputs>
  </Signature>
  <Source>
  
  import sailpoint.object.Application;
  import sailpoint.object.Identity;
  import sailpoint.object.Link;
  import sailpoint.object.ProvisioningPlan;
  import sailpoint.object.ProvisioningPlan.AccountRequest;
  import sailpoint.object.ProvisioningPlan.AttributeRequest;
  import sailpoint.object.Link;
  import sailpoint.object.Link;
  import sailpoint.api.Provisioner;
  import sailpoint.api.*;
  import sailpoint.tools.Util;
  import java.text.DateFormat;  
  import java.text.SimpleDateFormat;  
  import java.util.Date;  
  import sailpoint.object.QueryOptions;
  import java.util.Calendar;  
  import java.util.Date;
  import java.util.Date;
  import java.util.List;
  import sailpoint.api.ObjectUtil;
  import sailpoint.api.SailPointContext;
  import sailpoint.object.*;
  import sailpoint.object.Filter;
  import sailpoint.object.Identity;
  import sailpoint.object.QueryOptions;
  import sailpoint.object.NotificationConfig;
  import sailpoint.object.WorkItem;
  import sailpoint.object.EmailOptions;
  import sailpoint.object.EmailTemplate;
  import org.apache.log4j.Logger;
Logger log = Logger.getLogger("CF-TestDeleteIdentity-Rule");
        log.info("**** Starting CF-TestDeleteIdentity-Rule ****");
  
  
  
   /*plan = buildAccountDeletePlan(i);
        Provisioner  prov = new Provisioner(context);
        prov.compile(plan);
        prov.execute();
        Terminator t = new Terminator(context);
        //return i;
        t.deleteObject(i);
         
  
  requestDisconnectApplication("Disconnected Application1","100424");
  return "done";
        
        Attributes attributes = new Attributes();
        attributes.put(STR_ATR_ASSOCIATE,"null");*/

  try{
	//Identity identity =getIdentityObj(identityName);
  Identity identity =context.getObjectByName(Identity.class,"100466");
  if(identity !=null ){
	ProvisioningPlan plan = buildAccountDeletePlan(identity);
    Provisioner  prov = new Provisioner(context);
    prov.compile(plan);
    prov.execute();
    /*Terminator t = new Terminator(context);
        //return i;
        t.deleteObject(identity);*/
    //return prov.getProject();
    //return plan;
        /*EmailTemplate template = context.getObjectByName(EmailTemplate.class, "CareFirst-UserDeletion-Notification");
  String email = "Admin@carefirst.com";
      EmailOptions options = new EmailOptions();
      Identity manager=identity.getManager();
      if(manager == null){
        options.setTo(email);
      }else{
        if(null != manager.getEmail()){
          options.setTo(manager.getEmail());
        }else{
          options.setTo(email);
        }
      }
      
      Map args = new HashMap();
      args.put("identityName", identity.getName());
      args.put("errorMsg",map.get(identityName));

      options.setVariables(args);
      context.sendEmailNotification(template, options);
        createAuditEvent(STR_AUDIT_DELETE_SUCCESS_NOTIFICATION,null,null,STR_AUDIT_DELETE_SUCCESS_NOTIFICATION,null,identity,null,null,attributes,null,null,null,null);*/
  }
        }
        catch(Exception e){
        /*EmailTemplate template = context.getObjectByName(EmailTemplate.class, "CareFirst-UserDeletion-Error");
  		String email = "Admin@carefirst.com";
      EmailOptions options = new EmailOptions();
          options.setTo(email);
       
      Map args = new HashMap();
      args.put("identityName", identity.getName());
      args.put("errorMsg",map.get(identityName));

      options.setVariables(args);
      context.sendEmailNotification(template, options);
        createAuditEvent(STR_AUDIT_DELETE_FAILURE_NOTIFICATION,null,null,STR_AUDIT_DELETE_FAILURE_NOTIFICATION,null,identity,null,null,attributes,null,null,null,null);*/
        
        }
  </Source>
</Rule>