<?xml version='1.0' encoding='UTF-8'?>
<!DOCTYPE Rule PUBLIC "sailpoint.dtd" "sailpoint.dtd">
<Rule language="beanshell" name="CF-TestPSScriptForExchangeSkypeAndHomedirectory-Rule" type="ConnectorAfterCreate">
  <Attributes>
    <Map>
      <entry key="ObjectOrientedScript" value="true"/>
      <entry key="disabled" value="false"/>
      <entry key="extension" value=".ps1"/>
      <entry key="program" value="powershell.exe"/>
      <entry key="timeout" value="1000"/>
    </Map>
  </Attributes>
  <Description>
    An IdentityIQ Server-Side rule that is executed AFTER the connector's provisioning method is called. 
    This rule is called after accounts have been created on the underlying AD domain.
  </Description>
  <Signature>
    <Inputs>
      <Argument name="log">
        <Description>
          The log object associated with the SailPointContext.
        </Description>
      </Argument>
      <Argument name="context">
        <Description>
          A sailpoint.api.SailPointContext object that can be used to query the database if necessary.
        </Description>
      </Argument>
      <Argument name="plan">
        <Description>
          The ProvisioningPlan object on its way to the Connector.
        </Description>
      </Argument>
      <Argument name="application">
        <Description>
          The application object that references this before/after script.
        </Description>
      </Argument>
    </Inputs>
  </Signature>
  <Source>  
    Add-type -path E:\IQService\IQService\utils.dll
     
      $timeNow=Get-Date
        
      ECHO "**** Entering CF-TestPSScriptForExchangeSkypeAndHomedirectory-Rule ***"$timeNow |Add-Content -path E:\Test\CF-JoinerPSScriptForExchangeSkypeAndHomedirectory-Logs.txt -FORCE
        $sReader = New-Object System.IO.StringReader([System.String]$env:Request);       
        $xmlReader = [System.xml.XmlTextReader]([sailpoint.Utils.xml.XmlUtil]::getReader($sReader));       
        $requestObject = New-Object Sailpoint.Utils.objects.AccountRequest($xmlReader);      
               
  
          foreach ($attribute in $requestObject.AttributeRequests){            
          if($attribute.Name -eq "sAMAccountName"){
            [string]$samAccountName = $attribute.Value
          }
            
          if($attribute.Name -eq "mail"){
            [string]$emailValue = $attribute.Value
          }

          if($attribute.Name -eq "homedirectory"){
            [string]$homedirectory = $attribute.Value
          }            
            
          if($attribute.Name -eq "operationName"){
            [string]$Ops = $attribute.Value
          }            
        }

		ECHO "**** samAccountName ***"$samAccountName |Add-Content -path E:\Test\CF-JoinerPSScriptForExchangeSkypeAndHomedirectory-Logs.txt -FORCE
    ECHO "**** emailValue ***"$emailValue |Add-Content -path E:\Test\CF-JoinerPSScriptForExchangeSkypeAndHomedirectory-Logs.txt -FORCE
    ECHO "**** homedirectory ***"$homedirectory |Add-Content -path E:\Test\CF-JoinerPSScriptForExchangeSkypeAndHomedirectory-Logs.txt -FORCE
    ECHO "**** Ops ***"$Ops |Add-Content -path E:\Test\CF-JoinerPSScriptForExchangeSkypeAndHomedirectory-Logs.txt -FORCE
     
      
      $ScriptPath = "E:\scripts\create-update-user.ps1"      
    . $ScriptPath "AAF1843" "Sushma.Mantri@carefirst.com" "\\\\carefirst.com\\corp\\cdchome\\AAF1843" "create"
      
  	ECHO "#### Exiting CF-TestPSScriptForExchangeSkypeAndHomedirectory-Rule ####"`r`n |Add-Content -path E:\Test\CF-JoinerPSScriptForExchangeSkypeAndHomedirectory-Logs.txt -FORCE
      
      if($Ops -eq "create"){
      Add-Content -Path E:\Test\NewUsersCreatedListForO365Processing.txt -Value $samAccountName
            
          }   
      
  </Source>
</Rule>