<?xml version='1.0' encoding='UTF-8'?>
<!DOCTYPE Rule PUBLIC "sailpoint.dtd" "sailpoint.dtd">
<Rule language="beanshell" name="CF-UserRoleMapping" type="Correlation">
  <Description>
    Import template-defined Workgroups from a CSV file.
  </Description>
  <ReferencedRules>
    <Reference class="sailpoint.object.Rule" name="CF-Constants-Rule"/>
  </ReferencedRules>
  <Signature returnType="Map">
    <Inputs>
      <Argument name="log">
        <Description>
          The log object associated with the SailPointContext.
        </Description>
      </Argument>
      <Argument name="context">
        <Description>
          A sailpoint.api.SailPointContext object that can be used to query the database if necessary.
        </Description>
      </Argument>
    </Inputs>
  </Signature>
  <Source>
  
  import java.io.File;
  import java.util.List;
  import java.util.ArrayList;
  import java.util.HashMap;
  import sailpoint.tools.Util;
  import sailpoint.object.Application;
  import sailpoint.object.Bundle;
  import sailpoint.object.Classification;
  import sailpoint.object.ObjectClassification;
  import sailpoint.object.Identity;
  import sailpoint.object.IdentitySelector;
  import sailpoint.object.IdentitySelector.MatchExpression;
  import sailpoint.object.IdentitySelector.MatchTerm;
  import sailpoint.object.IdentitySelector.MatchTerm.Type;
  import sailpoint.object.Link;
  import sailpoint.object.Profile;
  import sailpoint.object.Filter;
  import sailpoint.object.QueryOptions;
  import sailpoint.object.Schema;
  import sailpoint.tools.RFC4180LineIterator;
  import sailpoint.tools.RFC4180LineParser;
  import sailpoint.object.Application;
  import sailpoint.object.Identity;
  import sailpoint.object.Link;
  import sailpoint.object.ProvisioningPlan;
  import sailpoint.object.ProvisioningPlan.AccountRequest;
  import sailpoint.object.ProvisioningPlan.AttributeRequest;
  import sailpoint.object.ProvisioningPlan.Operation;
  import sailpoint.object.Link;
  import sailpoint.object.Link;
  import sailpoint.api.Provisioner;
  import sailpoint.api.*;
  import sailpoint.tools.Util;
  import java.text.DateFormat;  
  import java.text.SimpleDateFormat;  
  import java.util.Date;  
  import java.util.Calendar;  
  import java.util.Date;
  import java.util.Date;
  import java.util.List;
  import java.util.LocalDateTime;
  import java.util.Formatter;
  import sailpoint.api.ObjectUtil;
  import sailpoint.api.SailPointContext;
  import sailpoint.object.*;
  import sailpoint.object.Filter;
  import sailpoint.object.Identity;
  import sailpoint.object.NotificationConfig;
  import sailpoint.object.WorkItem;
  import sailpoint.object.EmailOptions;
  import sailpoint.object.EmailTemplate;
  import java.io.IOException;
  import java.io.FileNotFoundException;
  import java.io.PrintWriter;
  import java.sql.Connection;
  import java.sql.DriverManager;
  import java.sql.*;
  import sailpoint.object.TaskDefinition;
  import sailpoint.object.TaskResult;
  
  List missingUsers = new ArrayList();
  
				public void mapAssignedRole (HashMap m){
							
							
							String identity  = (String) m.get("USERID");
							String roleName  = (String) m.get("ROLE NAME");
							String roleType  =  (String) m.get("ROLE TYPE");
							String action    = (String) m.get("ACTION");
              String Employee_id = (String) m.get("EMPLOYEE_ID");
              String Employee_num = ("000000"+Employee_id).substring(Employee_id.length());
						
							
			    if(roleType != null @and roleType.equalsIgnoreCase("Business Role") @and action != null @and action.equalsIgnoreCase("ADD"))
          	{
						
            List objects = new ArrayList();
  
      				Filter useridFilter = Filter.eq("name",Employee_num);

      				if(useridFilter != null){

       				

        			QueryOptions options = new QueryOptions().addFilter(useridFilter);

        			if (options != null){
          			objects = context.getObjects(Identity.class, options);
          			
          			if(objects.isEmpty()){
            					objects=null;
          				}
       	 			}
      			}
          
  					//List identityList = new ArrayList();
          if(objects!=null)
          {
						for(Identity currentUser:objects)
  					{
              
	  					//Identity currentUser = context.getObjectByName(Identity.class,identity);
							ProvisioningPlan plan = new ProvisioningPlan();

                              plan.setIdentity(currentUser);
                              AccountRequest request = new AccountRequest();
                              request.setApplication("IIQ");
                              request.setNativeIdentity(currentUser.getName());
                              request.setOp(ProvisioningPlan.ObjectOperation.Modify);
                              request.setType("role");
                              AttributeRequest attr = new AttributeRequest();
                              attr.setName("assignedRoles");
                              attr.setOp(Operation.Add);
                              attr.setValue(roleName);
                              List attrs = new ArrayList();
                              attrs.add(attr);
                              request.setAttributeRequests(attrs);
                              List requests = new ArrayList();
                              requests.add(request);
                              plan.setAccountRequests(requests);

                            	Provisioner provisioner = new Provisioner(context);
															ProvisioningProject project = provisioner.compile(plan);
															provisioner.execute(project);
    
  					}
							
					}
           else{
            
            missingUsers.add(identity+","+roleName);
            
          } 
					}
	else if(roleType != null @and roleType.equalsIgnoreCase("Business Role") @and action != null @and action.equalsIgnoreCase("REMOVE"))
              {          	
              List objects = new ArrayList();
 
  
      				Filter useridFilter = Filter.eq("name",Employee_num);

      				if(useridFilter != null){

       					

        			QueryOptions options = new QueryOptions().addFilter(useridFilter);

        			if (options != null){
          			objects = context.getObjects(Identity.class, options);
          			
          			if(objects.isEmpty()){
            					objects=null;
          				}
       	 			}
      			}
          
  					//List identityList = new ArrayList();
          if(objects!=null)
          {
						for(Identity currentUser:objects)
  					{
              
	  					//Identity currentUser = context.getObjectByName(Identity.class,identity);
							ProvisioningPlan plan = new ProvisioningPlan();

                              plan.setIdentity(currentUser);
                              AccountRequest request = new AccountRequest();
                              request.setApplication("IIQ");
                              request.setNativeIdentity(currentUser.getName());
                              request.setOp(ProvisioningPlan.ObjectOperation.Modify);
                              request.setType("role");
                              AttributeRequest attr = new AttributeRequest();
                              attr.setName("assignedRoles");
                              attr.setOp(Operation.Remove);
                              attr.setValue(roleName);
                              List attrs = new ArrayList();
                              attrs.add(attr);
                              request.setAttributeRequests(attrs);
                              List requests = new ArrayList();
                              requests.add(request);
                              plan.setAccountRequests(requests);
															//return plan;
                            	Provisioner provisioner = new Provisioner(context);
															ProvisioningProject project = provisioner.compile(plan);
															provisioner.execute(project);
    
  					}
							
					}
    else{
            
            missingUsers.add(identity+","+roleName);
            
          }
					}
else if(action!=null @and roleType!=null @and action.equalsIgnoreCase("ADD") @and roleType.equalsIgnoreCase("IT Role")){
    
		System.out.println("***IF Condition for IT Role Addition***");
    String username = STR_DBUNAME;
    String password = STR_DBPASS;
    String url = STR_URL;
   String Employee_id = m.get("EMPLOYEE_ID");
   String Employee_num = ("000000"+Employee_id).substring(Employee_id.length());
   
    Class.forName("com.mysql.cj.jdbc.Driver").newInstance();
    Connection connection = DriverManager.getConnection(url, username, password);
  
   PreparedStatement statement = null;
   //statement = connection.prepareStatement(sqlQuery);

    String sqlQuery = "INSERT INTO [identityiq].[dbo].[CIAM_ROLESYNC_TABLE](Native_Identity,Requestor_Networkid,Role_name) values(?,?,?)";
    statement = connection.prepareStatement(sqlQuery);

    if(Employee_num !=null){

      //return EMP;
    statement.setString(1, Employee_num);
    }else {
      statement.setString(1, "");
    }
    if(m.get("USERID")!=null){
      statement.setString(2, m.get("USERID"));
    }else {
      statement.setString(2, "");
    }
    if(m.get("ROLE NAME")!=null){
      statement.setString(3, m.get("ROLE NAME"));
    }else {
      statement.setString(3, "");
    }

    statement.executeUpdate();



    statement.close();
              connection.close();
      
  }
  else if(action!=null @and roleType!=null @and action.equalsIgnoreCase("REMOVE") @and roleType.equalsIgnoreCase("IT Role")){
    
  
    String username = STR_DBUNAME;
    String password = STR_DBPASS;
    String url = STR_URL;
    String Employee_id = m.get("EMPLOYEE_ID");
   String Employee_num = ("000000" + Employee_id).substring(Employee_id.length());
    Class.forName("com.mysql.cj.jdbc.Driver").newInstance();
	Connection connection = DriverManager.getConnection(url, username, password);
  

   
 String sqlQuery = "DELETE FROM [identityiq].[dbo].[CIAM_ROLESYNC_TABLE] WHERE Native_Identity='"+Employee_num+"' and Requestor_Networkid='"+m.get("USERID")+"' and Role_name='"+m.get("ROLE NAME")+"'";
        PreparedStatement stmt = connection.prepareStatement(sqlQuery);
	stmt.executeUpdate();
	connection.close();
   
  }
   
 else{
            
            missingUsers.add(identity+","+roleName);
            
          }
      }
	
  
  public void writeToLog (List usersList){
			
  PrintWriter pw = null;
            try {
                  pw = new PrintWriter(new File("//home//iqadmin//Data//userRoleLog.csv"));
                } catch (FileNotFoundException e) {
                     e.printStackTrace();
                }
            StringBuilder builder = new StringBuilder();
    
    for(String user:usersList){
      
            builder.append(user);
            builder.append('\n');
            //pw.write(builder.toString());
            
    }
    pw.write(builder.toString());
    pw.close();
  }
					
					// What delimiter do we want to use in the CSV file.

SimpleDateFormat sdf = new SimpleDateFormat("yyyyMMdd");
Date date = new Date();
String today = sdf.format(date);	

  
  
  String dlm = ",";
  String File_ext = ".txt";
  
  //String csvFileName = STR_FILENAME+today+File_ext;
  String csvFileName = "//home//iqadmin//Data//CIAM-UserToRole-07-12.csv";
  
  //String csvFileName ="////sv-tivdi-p2//e$//CareFirst//Data//BulkRoleImport//ImportRolesDemo//BusinessRoles.csv";

  
  File testFile = new File(csvFileName);
  if ((!testFile.exists()) || (testFile.isDirectory())) {
    
    return;
  }

  

  // Open the CSV file for reading.
  BufferedReader fileIn = new BufferedReader(new FileReader(csvFileName));

  RFC4180LineParser parser = new RFC4180LineParser(dlm);
  System.out.println(" After RFC418 ");
  int lineCounter = 0;
  ArrayList headerStrings = new ArrayList();
  String thisLine = null;
  System.out.println(" Before while ");
  while (null != (thisLine = fileIn.readLine())) {
    System.out.println("Inside while ");

    List tokens = parser.parseLine(thisLine);
    System.out.println(" tokens: " + tokens);

    if (lineCounter == 0) {
      
      // Header Line.
      // Assign indexes to each position.
      for (int i=0; i &lt; tokens.size(); i++) {
        headerStrings.add(tokens.get(i).trim());
      }	  
    } else {
      // Data Line.  Read the data elements out.
      HashMap lineHash = new HashMap();
      
      for (int i=0; i &lt; tokens.size(); i++) {
        String headerString = headerStrings.get(i);
        String valueString = tokens.get(i);
        if (null != valueString) { valueString = valueString.trim(); }
        
        lineHash.put(headerString, valueString);
      }	
      
      mapAssignedRole (lineHash);
      

    }

    lineCounter++;

    // Don't let objects accrue in memory, flush them out every so often.
    //if ((lineCounter % 20) == 0) { context.decache(); }

  } 

  fileIn.close();
  
  writeToLog(missingUsers);
  return missingUsers;
  </Source>
</Rule>