<?xml version='1.0' encoding='UTF-8'?>
<!DOCTYPE Rule PUBLIC "sailpoint.dtd" "sailpoint.dtd">
<Rule language="beanshell" name="CF-Update-Director" type="IdentityAttribute">
  <Signature returnType="String">
    <Inputs>
      <Argument name="log">
        <Description>
          The log object associated with the SailPointContext.
        </Description>
      </Argument>
      <Argument name="context">
        <Description>
          A sailpoint.api.SailPointContext object that can be used to query the database if necessary.
        </Description>
      </Argument>
      <Argument name="environment" type="Map">
        <Description>
           Arguments passed to the aggregation or refresh task.
        </Description>
      </Argument>
      <Argument name="identity">
        <Description>
           The Identity object that represents the user
           that is being aggregated.
        </Description>
      </Argument>
      <Argument name="attributeDefinition">
        <Description>
           The AttributeDefinition object for this attribute.
        </Description>
      </Argument>
      <Argument name="link">
        <Description>
           The Link object from the Identity, if this is an application
           mapping rule.  For global mapping rules this will be void.
        </Description>
      </Argument>
      <Argument name="attributeSource">
        <Description>
          The AttributeSource object.
        </Description>
      </Argument>
      <Argument name="oldValue">
        <Description>
          The original value of the application account attribute.
        </Description>
      </Argument>
    </Inputs>
    <Returns>
      <Argument name="attributeValue">
        <Description>
          The value of the attribute that should be populated.
          The rule should return this value.
        </Description>
      </Argument>
    </Returns>
  </Signature>
  <Source>
  import sailpoint.object.Application;
  import sailpoint.object.Identity;
  import sailpoint.object.Link;
  import sailpoint.object.ProvisioningPlan;
  import sailpoint.object.ProvisioningPlan.AccountRequest;
  import sailpoint.object.ProvisioningPlan.AttributeRequest;
  import sailpoint.object.Link;
  import sailpoint.object.Link;
  import sailpoint.api.Provisioner;
  import sailpoint.api.*;
  import sailpoint.tools.Util;
  import java.text.DateFormat;  
  import java.text.SimpleDateFormat;  
  import java.util.Date;  
  import sailpoint.object.QueryOptions;
  import java.util.Calendar;  
  import java.util.Date;
  import java.util.Date;
  import java.util.List;
  import java.util.Iterator;
  import sailpoint.api.ObjectUtil;
  import sailpoint.api.SailPointContext;
  import sailpoint.object.*;
  import sailpoint.object.Filter;
  import sailpoint.object.Identity;
  import sailpoint.object.QueryOptions;
  import sailpoint.object.NotificationConfig;
  import sailpoint.object.WorkItem;
  import sailpoint.object.EmailOptions;
  import sailpoint.object.EmailTemplate;
  import org.apache.log4j.Logger;
    
Logger log = Logger.getLogger("CF-Update-Director");
  
  log.info("identity value = "+identity);
  log.info("-------Setting Director for:"+identity+"---------");
           //Identity identity =context.getObjectByName(Identity.class,"100020");
  
  if(null != identity){
  
  Identity managerIdentity=identity.getManager();
  String identityEEOCode=identity.getAttribute("eeojobgroup");
  log.info("-------Immidiate Manager:"+managerIdentity+"---------"+identity);
    
  String managerEEOCode=null;
  
  int managerFound=0;
  int managerLevel=1;
    
  boolean searchManager=true;
  
  while(searchManager){
  
	if(managerIdentity!=null){
    
    managerEEOCode=managerIdentity.getAttribute("eeojobgroup");
    log.info("-------Inside While First If Loop:"+managerEEOCode+"---------"+identity);
    if(identityEEOCode != null){
    
    if(identityEEOCode.equals("110") @or identityEEOCode.equals("100")){
      log.info("-------Identity is a director or above:"+identityEEOCode+"---------"+identity);
      managerFound++; 
    }
    
    else{
      if(managerEEOCode!=null){
      if((managerEEOCode.equals("110")) @and managerLevel == 1){
				identity.setAttribute("director","");
		managerFound++;
		context.saveObject(identity);
		context.commitTransaction();
 		 }  
      else if((managerEEOCode.equals("110")) @and managerFound==0  @and managerLevel != 1){
        if(null != managerIdentity){
          log.info("-------Manager is a director:"+managerIdentity.getName()+"---------"+identity);
		identity.setAttribute("director",managerIdentity.getName());
		managerFound++;
        }
		context.saveObject(identity);
		context.commitTransaction();
  		}
        else if(managerEEOCode.equals("100")){
          managerFound++;
        }
      else {
        if(null != managerIdentity){
        log.info("-------Manager is not director getting next manager:---------"+identity);
        managerIdentity =managerIdentity.getManager();
          managerLevel++;
		//managerEEOCode=managerIdentity.getAttribute("eeojobgroup");
        }
      }
    }
      else{
        searchManager=false;
      }
   }
    if(managerFound&gt;=1){
      searchManager=false;
    }
	}
    else{
      if(managerEEOCode!=null){
        if((managerEEOCode.equals("110")) @and managerLevel == 1){
				identity.setAttribute("director","");
		managerFound++;
		context.saveObject(identity);
		context.commitTransaction();
 		 }
      else if((managerEEOCode.equals("110")) @and managerFound==0   @and managerLevel != 1){
        if(null != managerIdentity){
		identity.setAttribute("director",managerIdentity.getName());
		managerFound++;
        }
		context.saveObject(identity);
		context.commitTransaction();
  }
        else if(managerEEOCode.equals("100")){
          managerFound++;
        }
      else{
        if(null != managerIdentity){
        managerIdentity =managerIdentity.getManager();
          managerLevel++;
		//managerEEOCode=managerIdentity.getAttribute("eeojobgroup");
        }
      }
    }
      else{
        searchManager=false;
      } 
   }
    if(managerFound&gt;=1){
      searchManager=false;
    }
  }
	
	else{
		break;
	}
  }
  }  
   </Source>
</Rule>