<?xml version='1.0' encoding='UTF-8'?>
<!DOCTYPE Rule PUBLIC "sailpoint.dtd" "sailpoint.dtd">
<Rule language="beanshell" name="CF-Update-EVP" type="IdentityAttribute">
  <Signature returnType="String">
    <Inputs>
      <Argument name="log">
        <Description>
          The log object associated with the SailPointContext.
        </Description>
      </Argument>
      <Argument name="context">
        <Description>
          A sailpoint.api.SailPointContext object that can be used to query the database if necessary.
        </Description>
      </Argument>
      <Argument name="environment" type="Map">
        <Description>
          Arguments passed to the aggregation or refresh task.
        </Description>
      </Argument>
      <Argument name="identity">
        <Description>
          The Identity object that represents the user
          that is being aggregated.
        </Description>
      </Argument>
      <Argument name="attributeDefinition">
        <Description>
          The AttributeDefinition object for this attribute.
        </Description>
      </Argument>
      <Argument name="link">
        <Description>
          The Link object from the Identity, if this is an application
          mapping rule.  For global mapping rules this will be void.
        </Description>
      </Argument>
      <Argument name="attributeSource">
        <Description>
          The AttributeSource object.
        </Description>
      </Argument>
      <Argument name="oldValue">
        <Description>
          The original value of the application account attribute.
        </Description>
      </Argument>
    </Inputs>
    <Returns>
      <Argument name="attributeValue">
        <Description>
          The value of the attribute that should be populated.
          The rule should return this value.
        </Description>
      </Argument>
    </Returns>
  </Signature>
  <Source>
  import sailpoint.object.Application;
  import sailpoint.object.Identity;
  import sailpoint.object.Link;
  import sailpoint.object.ProvisioningPlan;
  import sailpoint.object.ProvisioningPlan.AccountRequest;
  import sailpoint.object.ProvisioningPlan.AttributeRequest;
  import sailpoint.object.Link;
  import sailpoint.object.Link;
  import sailpoint.api.Provisioner;
  import sailpoint.api.*;
  import sailpoint.tools.Util;
  import java.text.DateFormat;  
  import java.text.SimpleDateFormat;  
  import java.util.Date;  
  import sailpoint.object.QueryOptions;
  import java.util.Calendar;  
  import java.util.Date;
  import java.util.Date;
  import java.util.List;
  import java.util.Iterator;
  import sailpoint.api.ObjectUtil;
  import sailpoint.api.SailPointContext;
  import sailpoint.object.*;
  import sailpoint.object.Filter;
  import sailpoint.object.Identity;
  import sailpoint.object.QueryOptions;
  import sailpoint.object.NotificationConfig;
  import sailpoint.object.WorkItem;
  import sailpoint.object.EmailOptions;
  import sailpoint.object.EmailTemplate;
  import org.apache.log4j.Logger;
    
Logger log = Logger.getLogger("com.carefirst.UpdateEVPRule");


  
  System.out.println("Inside EVP Rule ");
  
  log.info("identity value = "+identity);
  System.out.println("identity value = "+identity.getName());
  Identity managerIdentity = null;
  
  
  if(null != identity){
  
    if(identity.getManager() != null ){
  managerIdentity=identity.getManager();
    }
    System.out.println("managerIdentity "+managerIdentity);
  String identityEEOCode=identity.getAttribute("eeojobgroup");
    System.out.println("identityEEOCode Value "+identityEEOCode);
 
  String managerEEOCode=null;
  
  int managerFound=0;
  int managerLevel=1;
  String jobTitle = "";
    if(managerIdentity != null){
  jobTitle = managerIdentity.getAttribute("jobtitle");
    System.out.println("jobTitle "+jobTitle);
    }
    
  boolean searchManager=true;
  
  while(searchManager){
  
	if(managerIdentity!=null){
    
    managerEEOCode=managerIdentity.getAttribute("eeojobgroup");
    jobTitle = managerIdentity.getAttribute("jobtitle");
    System.out.println("managerEEOCode "+managerEEOCode);
    
    
    
    if(identityEEOCode!=null){
    //System.out.println("Line 125 "+identity.getName());
      
    if(identityEEOCode.equals("100")){
      //System.out.println("Line 127 ");
      managerFound++; 
    }
    
    else{
      if(managerEEOCode!=null){
       // System.out.println("Line 133 ");
      if(((managerEEOCode.equals("100")) @and managerLevel == 1 @and jobTitle.contains("VP")) @or ((managerEEOCode.equals("100")) @and managerLevel == 1 @and (jobTitle.contains("CEO") @or jobTitle.contains("President")))){
        System.out.println("First loop to see managr itself is a EVP");
				identity.setAttribute("evp","");
		managerFound++;
		context.saveObject(identity);
		context.commitTransaction();
 		 }  
     else if((managerEEOCode.equals("100")) @and managerFound==0  @and managerLevel != 1 @and jobTitle.contains("EVP")){
       System.out.println("Second  loop to set a Manager");
        if(null != managerIdentity){
          
    System.out.println("Inside EVP update "+managerIdentity.getName());
		identity.setAttribute("evp",managerIdentity.getName());
    System.out.println("EVP is set in Identity ");
		managerFound++;
     System.out.println("Manager Found "+managerFound);  
        }
		context.saveObject(identity);
		context.commitTransaction();
    System.out.println("EVP Value after Set "+identity.getAttribute("evp"));
		}
      else{
        if(null != managerIdentity @and managerLevel &lt; 9 ){
          System.out.println("Third loop "+managerIdentity.getName()+" , "+managerLevel);
        managerIdentity =managerIdentity.getManager();
         
        
        managerLevel++;
          System.out.println("Manager Level "+managerLevel);
		
        }
        else{
        searchManager=false;
        }
      }
    }
      else{
        searchManager=false;
      }
   }
    if(managerFound&gt;=1){
      searchManager=false;
    }
	}
    else{
      
     System.out.println("Inside Identity code is null ");
      if(managerEEOCode!=null){
       // System.out.println("Line 189 ");
      if(((managerEEOCode.equals("100")) @and managerLevel == 1 @and jobTitle.contains("VP")) @or ((managerEEOCode.equals("100")) @and managerLevel == 1 @and (jobTitle.contains("CEO") @or jobTitle.contains("President")))){
        System.out.println("First loop to see managr itself is a EVP");
				identity.setAttribute("evp","");
		managerFound++;
		context.saveObject(identity);
		context.commitTransaction();
 		 }  
     else if((managerEEOCode.equals("100")) @and managerFound==0  @and managerLevel != 1 @and jobTitle.contains("EVP")){
       System.out.println("Second  loop to set a Manager");
        if(null != managerIdentity){
          
    System.out.println("Inside EVP update "+managerIdentity.getName());
		identity.setAttribute("evp",managerIdentity.getName());
    System.out.println("EVP is set in Identity ");
		managerFound++;
     System.out.println("Manager Found "+managerFound);  
        }
		context.saveObject(identity);
		context.commitTransaction();
    System.out.println("EVP Value after Set "+identity.getAttribute("evp"));
		}
      else{
        if(null != managerIdentity @and managerLevel &lt; 9 ){
          System.out.println("Third loop "+managerIdentity.getName()+" , "+managerLevel);
        managerIdentity =managerIdentity.getManager();
        
        
        managerLevel++;
          System.out.println("Manager Level "+managerLevel);
		
        }
        else{
        searchManager=false;
        }
      }
    }
      else{
        searchManager=false;
      }
   }
    if(managerFound&gt;=1){
      searchManager=false;
    }
    
  }
	
	else{
		searchManager = false;
	}
  }
  }

    </Source>
</Rule>