<?xml version='1.0' encoding='UTF-8'?>
<!DOCTYPE Rule PUBLIC "sailpoint.dtd" "sailpoint.dtd">
<Rule language="beanshell" name="CF-Update-EmployeeType" type="IdentityAttribute">
  <ReferencedRules>
    <Reference class="sailpoint.object.Rule" name="CF-Constants-Rule"/>
  </ReferencedRules>
  <Signature returnType="String">
    <Inputs>
      <Argument name="log">
        <Description>
          The log object associated with the SailPointContext.
        </Description>
      </Argument>
      <Argument name="context">
        <Description>
          A sailpoint.api.SailPointContext object that can be used to query the database if necessary.
        </Description>
      </Argument>
      <Argument name="environment" type="Map">
        <Description>
           Arguments passed to the aggregation or refresh task.
        </Description>
      </Argument>
      <Argument name="identity">
        <Description>
           The Identity object that represents the user
           that is being aggregated.
        </Description>
      </Argument>
      <Argument name="attributeDefinition">
        <Description>
           The AttributeDefinition object for this attribute.
        </Description>
      </Argument>
      <Argument name="link">
        <Description>
           The Link object from the Identity, if this is an application
           mapping rule.  For global mapping rules this will be void.
        </Description>
      </Argument>
      <Argument name="attributeSource">
        <Description>
          The AttributeSource object.
        </Description>
      </Argument>
      <Argument name="oldValue">
        <Description>
          The original value of the application account attribute.
        </Description>
      </Argument>
    </Inputs>
    <Returns>
      <Argument name="attributeValue">
        <Description>
          The value of the attribute that should be populated.
          The rule should return this value.
        </Description>
      </Argument>
    </Returns>
  </Signature>
  <Source>
  import sailpoint.object.Application;
  import sailpoint.object.Identity;
  import sailpoint.object.Link;
  import sailpoint.object.ProvisioningPlan;
  import sailpoint.object.ProvisioningPlan.AccountRequest;
  import sailpoint.object.ProvisioningPlan.AttributeRequest;
  import sailpoint.object.Link;
  import sailpoint.object.Link;
  import sailpoint.api.Provisioner;
  import sailpoint.api.*;
  import sailpoint.tools.Util;
  import java.text.DateFormat;  
  import java.text.SimpleDateFormat;  
  import java.util.Date;  
  import sailpoint.object.QueryOptions;
  import java.util.Calendar;  
  import java.util.Date;
  import java.util.Date;
  import java.util.List;
  import java.util.Iterator;
  import sailpoint.api.ObjectUtil;
  import sailpoint.api.SailPointContext;
  import sailpoint.object.*;
  import sailpoint.object.Filter;
  import sailpoint.object.Identity;
  import sailpoint.object.QueryOptions;
  import sailpoint.object.NotificationConfig;
  import sailpoint.object.WorkItem;
  import sailpoint.object.EmailOptions;
  import sailpoint.object.EmailTemplate;
  import org.apache.log4j.Logger;
  import sailpoint.tools.Util;
import org.apache.log4j.Logger;
import java.text.*;
import java.util.Calendar;
  import java.util.Date;
  import java.time.LocalDateTime;
import java.time.format.DateTimeFormatter;
  import java.time.temporal.ChronoUnit;
  
Logger log = Logger.getLogger("CF-Update-EmployeeType");
  log.info("Starting CF-Update-EmployeeType");
  log.info("identity value = "+identity);
  
  try{
 
  if(null != identity){
	 //String strAction = newIdentity.getAttribute(ATR_ACTION) != null ? newIdentity.getAttribute(ATR_ACTION) : "";
   String effDate = identity.getAttribute("effdt") != null ? identity.getAttribute("effdt") : "";
   String strAction = identity.getAttribute(ATR_ACTION) != null ? identity.getAttribute(ATR_ACTION) : ""; 
   //log.info("Starting Carefirst Update Company Rule Action is "+effDate);
    log.info("********identity Action = "+strAction);
	 if(identity != null &amp;&amp;  Util.isNotNullOrEmpty(effDate)) {
             
	Date actDate = new SimpleDateFormat("dd-MMM-yy").parse(effDate);
   	SimpleDateFormat sdf1 = new SimpleDateFormat("yyyy-dd-MM");
	log.info("************Effective Date***********"+sdf1.format(actDate));
    Date date = new Date(System.currentTimeMillis());
	log.info("************Effective Date***********"+sdf1.format(date));
    if(sdf1.format(date).compareTo(sdf1.format(actDate))&gt;=0){
		
      String empType = link.getAttribute("PER_ORG");
      log.info("************attributeValue***********"+empType);
      if(empType!=null){
      log.info("************attributeValue***********"+empType);
      return empType;
      }
	}
	else{
		/*String employeetype = identity.getAttribute("employeetype");
		log.info("************Inside else Company is empty***********");
    //identity.setAttribute("employeetype",employeetype);
    log.info("************attributeValue***********"+employeetype);
		//context.saveObject(employeetype);
		//context.commitTransaction();
    return employeetype;*/
    if(oldValue == null){
    	String empType = link.getAttribute("PER_ORG");
      log.info("************attributeValue***********"+empType);
      if(empType!=null){
      log.info("************attributeValue***********"+empType);
      return empType;
      }
	}
    else{
        //String empType = identity.getAttribute("employeetype");
      log.info("************oldValue in else***********"+oldValue);
				return oldValue;
      }
	}
	}
    /*else{
      String empType = link.getAttribute("PER_ORG");
      log.info("************attributeValue***********"+empType);
      if(empType!=null){
      Slog.info("************attributeValue***********"+empType);
      return empType;
    }*/
	}
  } 
	catch(Exception e){
	}</Source>
</Rule>