<?xml version='1.0' encoding='UTF-8'?>
<!DOCTYPE Rule PUBLIC "sailpoint.dtd" "sailpoint.dtd">
<Rule language="beanshell" name="CF-WorkgroupApplication-Rule" type="GroupAggregationRefresh">
  <Description>This rule is used to set the owner or modify the account group before it is persisted to the database.</Description>
  <Signature returnType="Object">
    <Inputs>
      <Argument name="log">
        <Description>
          The log object associated with the SailPointContext.
        </Description>
      </Argument>
      <Argument name="context">
        <Description>
          A sailpoint.api.SailPointContext object that can be used to query the database if necessary.
        </Description>
      </Argument>
      <Argument name="environment" type="Map">
        <Description>
          Arguments passed to the aggregation task.
        </Description>
      </Argument>
      <Argument name="obj" type="ResourceObject">
        <Description>
          A sailpoint.object.ResourceObject generated from the application
          and the ProvisioningPlan's ObjectRequest.
        </Description>
      </Argument>
      <Argument name="accountGroup" type="ManagedAttribute">
        <Description>
          The account group being refreshed.
        </Description>
      </Argument>
      <Argument name="groupApplication" type="Application">
        <Description>
          Application being aggregated.
        </Description>
      </Argument>
    </Inputs>
    <Returns>
      <Argument name="accountGroup" type="ManagedAttribute">
        <Description>
          The refreshed account group object.
        </Description>
      </Argument>
    </Returns>
  </Signature>
  <Source>
   import org.apache.log4j.Logger;
    Logger log = Logger.getLogger("CF-WorkgroupApplication-Rule");

  
  log.info("Account Group Information "+accountGroup.toXml());

if(obj != null){
String desc = obj.getAttribute("Description");
accountGroup.addDescription("en_US",desc );
//log.info("Account Group " +accountGroup.toXml());
return accountGroup;
}</Source>
</Rule>