<?xml version='1.0' encoding='UTF-8'?>
<!DOCTYPE Rule PUBLIC "sailpoint.dtd" "sailpoint.dtd">
<Rule language="beanshell" name="CF-Workgroup-AddMember-Rule" type="Correlation">
  <Description>
    Import template-defined Workgroups from a CSV file.
  </Description>
  <Signature returnType="Map">
    <Inputs>
      <Argument name="log">
        <Description>
          The log object associated with the SailPointContext.
        </Description>
      </Argument>
      <Argument name="context">
        <Description>
          A sailpoint.api.SailPointContext object that can be used to query the database if necessary.
        </Description>
      </Argument>
    </Inputs>
  </Signature>
  <Source>
  // Sample Tool to import Roles.
  import java.io.File;
  import java.util.List;
  import java.util.HashMap;
  import sailpoint.tools.Util;
  import sailpoint.object.Application;
  import sailpoint.object.Bundle;
  import sailpoint.object.Classification;
  import sailpoint.object.ObjectClassification;
  import sailpoint.object.Identity;
  import sailpoint.object.IdentitySelector;
  import sailpoint.object.IdentitySelector.MatchExpression;
  import sailpoint.object.IdentitySelector.MatchTerm;
  import sailpoint.object.IdentitySelector.MatchTerm.Type;
  import sailpoint.object.Link;
  import sailpoint.object.Profile;
  import sailpoint.object.Filter;
  import sailpoint.object.QueryOptions;
  import sailpoint.object.Schema;
  import sailpoint.tools.RFC4180LineIterator;
  import sailpoint.tools.RFC4180LineParser;
  import java.util.ArrayList;
  import java.util.HashMap;
  import sailpoint.object.*;

  
  public void buildWorkgroup (HashMap workgroupHash){
     // Creation of a WorkGroup and setting the owner
		System.out.println("Key Values Map "+workgroupHash);
		String groupName  = (String) workgroupHash.get("groupname");
		String groupOwner  = (String) workgroupHash.get("groupowner");
		String people  = (String) workgroupHash.get("people");
		String [] groupMembers = people.split(",");
    List objects = new ArrayList();
    
   Identity workGroupObj = context.getObjectByName(Identity.class,groupName);
    
   if(workGroupObj == null){
     
   System.out.println("Inside new workgroupcreation");
   workGroupObj = new  sailpoint.object.Identity();
   workGroupObj.setName(groupName);
   workGroupObj.setWorkgroup(true);
    
    
   Filter useridFilter = Filter.eq("userid",groupOwner);

      				if(useridFilter != null){

       				System.out.println("Filter is not null");

        			QueryOptions options = new QueryOptions().addFilter(useridFilter);

        			if (options != null){
          			objects = context.getObjects(Identity.class, options);
          			
              	workGroupObj.setOwner(objects.get(0));
                context.saveObject(workGroupObj);
                context.commitTransaction();
            }
    }
   
  
  }
    
   // Set Owner
   
   Filter useridFilter = Filter.eq("userid",groupOwner);

      				if(useridFilter != null){

       				System.out.println("Filter is not null");

        			QueryOptions options = new QueryOptions().addFilter(useridFilter);

        			if (options != null){
          			objects = context.getObjects(Identity.class, options);
          			System.out.println("objects"+objects);
          			if(objects.isEmpty()){
            					objects=null;
          				}
       	 			}
      			}
	
    if(objects!=null)
          {
      			for(Identity identity:objects)
  					{
            //Identity identity = context.getObjectByName(Identity.class,currentUser);
              	workGroupObj.setWorkgroup(true);
                workGroupObj.setName(groupName);
              
                //System.out.println("Identity*****"+identity.toXml());
              
              	workGroupObj.setOwner(identity);
                context.saveObject(workGroupObj);
                context.commitTransaction();
            }
    }
   
    						
   // Add a workgroup to a user

        //Identity id1;
		for(int i=0; i &lt; groupMembers.length; i++){
      
      List objectsGroupMember = new ArrayList();
    
    	Filter useridFilter = Filter.eq("userid",groupMembers[i]);

      				if(useridFilter != null){

       				System.out.println("Filter is not null");

        			QueryOptions optionsGroupMember = new QueryOptions().addFilter(useridFilter);

        			if (optionsGroupMember != null){
          			objectsGroupMember = context.getObjects(Identity.class, optionsGroupMember);
          			System.out.println("objectsGroupMember"+objectsGroupMember);
          			if(objectsGroupMember.isEmpty()){
            					objectsGroupMember=null;
          				}
       	 			}
      			}
      if(objectsGroupMember!=null)
          {
      			for(Identity identity:objectsGroupMember)
  					{
				//Identity identityMember = context.getObjectByName(Identity.class,groupMembers[i]);
        identity.add(workGroupObj);
        context.saveObject(workGroupObj);
        context.commitTransaction();
            }
      }
		}
	}	
	
  // What delimiter do we want to use in the CSV file.
  String dlm = ",";
  
  String csvFileName ="//home//iqadmin//Data//WorkgroupAddMember.csv";
  //String csvFileName ="////sv-tivdi-p2//e$//CareFirst//Data//BulkRoleImport//ImportRolesDemo//BusinessRoles.csv";

  
  File testFile = new File(csvFileName);
  if ((!testFile.exists()) || (testFile.isDirectory())) {
    System.out.println("Unable to find file: " + csvFileName);
    return;
  }

  System.out.println("Importing Workgroups from: '" + csvFileName + "' ...");

  // Open the CSV file for reading.
  BufferedReader fileIn = new BufferedReader(new FileReader(csvFileName));

  RFC4180LineParser parser = new RFC4180LineParser(dlm);
  System.out.println(" After RFC418 ");
  int lineCounter = 0;
  ArrayList headerStrings = new ArrayList();
  String thisLine = null;
  System.out.println(" Before while ");
  while (null != (thisLine = fileIn.readLine())) {
    System.out.println("Inside while ");

    List tokens = parser.parseLine(thisLine);
    System.out.println(" tokens: " + tokens);

    if (lineCounter == 0) {
      System.out.println(" Inside IF condition: ");
      // Header Line.
      // Assign indexes to each position.
      for (int i=0; i &lt; tokens.size(); i++) {
        headerStrings.add(tokens.get(i).trim());
      }	  
    } else {
      // Data Line.  Read the data elements out.
      HashMap lineHash = new HashMap();
      System.out.println(" Inside else condition: ");
      for (int i=0; i &lt; tokens.size(); i++) {
        String headerString = headerStrings.get(i);
        String valueString = tokens.get(i);
        if (null != valueString) { valueString = valueString.trim(); }
        System.out.println ("header " + headerString + " == " + valueString);
        lineHash.put(headerString, valueString);
      }	
      System.out.println(" Before calling buildWorkgroup: " );
      buildWorkgroup (lineHash);
      System.out.println(" After calling buildWorkgroup: " );

    }

    lineCounter++;

    // Don't let objects accrue in memory, flush them out every so often.
    if ((lineCounter % 20) == 0) { context.decache(); }

  } 

  fileIn.close();

  System.out.println("Workgroup import Complete.");

  return "Success";  
  </Source>
</Rule>