<?xml version='1.0' encoding='UTF-8'?>
<!DOCTYPE Rule PUBLIC "sailpoint.dtd" "sailpoint.dtd">
<Rule language="beanshell" name="CF-ZipariID-Update-Rule" type="IdentityAttributeTarget">
  <Description>Identity attribute target rules are used to transform identity attribute values that are being pushed to targets.</Description>
  <Signature returnType="Object">
    <Inputs>
      <Argument name="log">
        <Description>
          The log object associated with the SailPointContext.
        </Description>
      </Argument>
      <Argument name="context">
        <Description>
          A sailpoint.api.SailPointContext object that can be used to query the database if necessary.
        </Description>
      </Argument>
      <Argument name="value" type="Object">
        <Description>
          The value of the identity attribute.  Note that this could be single value or a list of values.
        </Description>
      </Argument>
      <Argument name="sourceIdentityAttribute">
        <Description>
          The sailpoint.object.ObjectAttribute for this target.
        </Description>
      </Argument>
      <Argument name="sourceIdentityAttributeName">
        <Description>
          The name of the identity attribute for this target.
        </Description>
      </Argument>
      <Argument name="sourceAttributeRequest">
        <Description>
          The sailpoint.object.ProvisioningPlan.AttributeRequest that is
          setting the attribute on the identity.
        </Description>
      </Argument>
      <Argument name="target">
        <Description>
          The sailpoint.object.AttributeTarget that is being processed.
        </Description>
      </Argument>
      <Argument name="link">
        <Description>
          The sailpoint.object.Link that is being processed.
        </Description>
      </Argument>
      <Argument name="identity">
        <Description>
          The sailpoint.object.Identity that is being processed.
        </Description>
      </Argument>
      <Argument name="project">
        <Description>
          The sailpoint.object.ProvisioningProject that has the changes that
          are being requested.
        </Description>
      </Argument>
    </Inputs>
    <Returns>
      <Argument name="attributeValue">
        <Description>
          The transformed value that will be pushed to the target.
        </Description>
      </Argument>
    </Returns>
  </Signature>
  <Source>
  import org.apache.log4j.Logger;
  import sailpoint.object.Application;
  import sailpoint.object.Link;
  import sailpoint.object.Identity;

  Logger log = Logger.getLogger("com.carefirst.ZipariID-Rule");

  log.info("Value SoureAttributeName "+sourceIdentityAttributeName);

  log.info("Value Zipari ID "+value);

  String ziparid = "";

  log.info("Final Value to be updated in External ID "+ziparid);

  //log.info("Identity Value "+identity.toXml());
  Application appObj = context.getObjectByName(Application.class,"Salesforce CX360");

  Link linkObj = identity.getLink(appObj);
  log.info("Link Object "+linkObj.toXml());

  if(linkObj != null @and value!=null @and  linkObj.getAttribute("ProfileId").equalsIgnoreCase("00e3i000000hVu6AAE")){
    ziparid = value.toLowerCase();
    log.info("Inside block it has service center custom");
    return ziparid;
  }
  return ziparid;

  </Source>
</Rule>