<?xml version='1.0' encoding='UTF-8'?>
<!DOCTYPE Rule PUBLIC "sailpoint.dtd" "sailpoint.dtd">
<Rule language="beanshell" name="Disconnected-Role_User_Custom-Rule">
  <Description>
    Import template-defined Roles from a CSV file.
  </Description>
  <Signature returnType="Map">
    <Inputs>
      <Argument name="log">
        <Description>
          The log object associated with the SailPointContext.
        </Description>
      </Argument>
      <Argument name="context">
        <Description>
          A sailpoint.api.SailPointContext object that can be used to query the database if necessary.
        </Description>
      </Argument>
    </Inputs>
  </Signature>
  <Source>
  // Sample Tool to import Roles.
  import java.io.File;
  import java.util.List;
  import java.util.HashMap;
  import sailpoint.tools.Util;
  import sailpoint.object.Application;
  import sailpoint.object.Bundle;
  import sailpoint.object.Custom;
  import sailpoint.object.Classification;
  import sailpoint.object.ObjectClassification;
  import sailpoint.object.Identity;
  import sailpoint.object.IdentitySelector;
  import sailpoint.object.IdentitySelector.MatchExpression;
  import sailpoint.object.IdentitySelector.MatchTerm;
  import sailpoint.object.IdentitySelector.MatchTerm.Type;
  import sailpoint.object.Link;
  import sailpoint.object.Profile;
  import sailpoint.object.Filter;
  import sailpoint.object.Filter.LeafFilter;
  import sailpoint.object.QueryOptions;
  import sailpoint.object.Schema;
  import sailpoint.object.ManagedAttribute;
  import sailpoint.tools.RFC4180LineIterator;
  import sailpoint.tools.RFC4180LineParser;


  // Routine that takes a key/value hash of role data and builds it into roles
  // in IdentityIQ.  
    
    
  public void createCustom (HashMap roleHash) { 
    
      System.out.println(" key Values Map "+roleHash);
    String roleName = (String) roleHash.get("RoleName") != null ? (String) roleHash.get("RoleName") : "";   
    String userName = (String) roleHash.get("UserName") != null ? (String) roleHash.get("UserName"): "";

    //unsused variables
   
    
    Custom customObj = context.getObjectByName(Custom.class,"Disconnected-Role_User-Mapping-Custom3");
          List discRoles = new ArrayList();
    			List userList = new ArrayList();
          
      if(customObj == null){
        customObj = new Custom();
        customObj.setName("Disconnected-Role_User-Mapping-Custom3");
        discRoles.add(roleName);
        userList.add(userName);
        customObj.put(userName, discRoles);
        customObj.put("UserList", userList);
        
        System.out.println("dddddddddddddddddddddddddddd ");

      }
      else{
        
        
        if(customObj.get("UserList") != null){
          userList = customObj.get("UserList");
          if(userList.contains(userName)){
          }
             else{
          userList.add(userName);
             }
          customObj.put("UserList", userList);
                  System.out.println("bbbbbbbbbbbbbbbbbbbbbbbbb ");

        }
        else{
          userList.add(userName);
          customObj.put("UserList", userList);  
                            System.out.println("aaaaaaaaaaaaaaaaaaaaaaaaaaaaaaaaaaa ");

        }
        
        if(customObj.get(userName) != null){
          discRoles = customObj.get(userName);
          discRoles.add(roleName);
          customObj.put(userName, discRoles);
                  System.out.println("bbbbbbbbbbbbbbbbbbbbbbbbb ");

        }
        else{
          discRoles.add(roleName);
          customObj.put(userName, discRoles);  
                            System.out.println("aaaaaaaaaaaaaaaaaaaaaaaaaaaaaaaaaaa ");

        }
        
        
      }

      context.saveObject(customObj);
      context.commitTransaction();
  }
  
      
  // What delimiter do we want to use in the CSV file.
  String dlm = ",";
  
  String csvFileName ="//home//iqadmin//Data//DisconnectedUserList.csv";
  
  

  File testFile = new File(csvFileName);
  if ((!testFile.exists()) || (testFile.isDirectory())) {
    System.out.println("Unable to find file: " + csvFileName);
    return;
  }

  System.out.println("Importing Roles from: '" + csvFileName + "' ...");

  // Open the CSV file for reading.
  BufferedReader fileIn = new BufferedReader(new FileReader(csvFileName));

  RFC4180LineParser parser = new RFC4180LineParser(dlm);
  System.out.println(" After RFC418 ");
  int lineCounter = 0;
  ArrayList headerStrings = new ArrayList();
  String thisLine = null;
  System.out.println(" Before while ");
  while (null != (thisLine = fileIn.readLine())) {
    System.out.println("Inside while ");

    List tokens = parser.parseLine(thisLine);
    System.out.println(" tokens: " + tokens);

    if (lineCounter == 0) {
      System.out.println(" Inside IF condition: ");
      // Header Line.
      // Assign indexes to each position.
      for (int i=0; i &lt; tokens.size(); i++) {
        headerStrings.add(tokens.get(i).trim());
      }	  
    } else {
      // Data Line.  Read the data elements out.
      HashMap lineHash = new HashMap();
      System.out.println(" Inside else condition: ");
      for (int i=0; i &lt; tokens.size(); i++) {
        String headerString = headerStrings.get(i);
        String valueString = tokens.get(i);
        if (null != valueString) { valueString = valueString.trim(); }
        System.out.println ("header " + headerString + " == " + valueString);
        lineHash.put(headerString, valueString);
      }	
    //return lineHash;
      
   createCustom (lineHash);
   //validateBusinessRole(lineHash);
     

    }

    lineCounter++;

    // Don't let objects accrue in memory, flush them out every so often.
    if ((lineCounter % 20) == 0) { context.decache(); }

  } 

  fileIn.close();

  System.out.println(" Completed.");

  return "Success";
  </Source>
</Rule>