<?xml version='1.0' encoding='UTF-8'?>
<!DOCTYPE Rule PUBLIC "sailpoint.dtd" "sailpoint.dtd">
<Rule language="beanshell" name="GnanaTestRule">
  <Description>
    An IdentityIQ Server-Side rule that is executed AFTER the connector's provisioning method is called. 
    This rule is called after accounts have been created on the underlying AD domain.
  </Description>
  <Signature>
    <Inputs>
      <Argument name="log">
        <Description>
          The log object associated with the SailPointContext.
        </Description>
      </Argument>
      <Argument name="context">
        <Description>
          A sailpoint.api.SailPointContext object that can be used to query the database if necessary.
        </Description>
      </Argument>
    </Inputs>
  </Signature>
  <Source>
  import java.net.URL;
import java.util.HashMap;

import javax.xml.datatype.DatatypeConfigurationException;
import javax.xml.datatype.DatatypeFactory;
import javax.xml.datatype.XMLGregorianCalendar;

import com.carefirst.ciam.services.uaas.BaseFault;
import com.carefirst.ciam.services.uaas.CiamSystemFault;
import com.carefirst.ciam.services.uaas.UAAS;
import com.carefirst.ciam.services.uaas.UAASPort;
import com.carefirst.ciam.services.uaas.UserAlreadyExistsFault;
import com.carefirst.ciam.services.uaas.UserAlreadyExistsWarning;
import com.carefirst.ciam.services.uaas.ValidationFault;
import com.insidecarefirst.associate.ciamservices.service.ciam_types.BusinessUnit;
import com.insidecarefirst.associate.ciamservices.service.ciam_types.EditableAssociateInformation;
import com.insidecarefirst.associate.ciamservices.service.ciam_types.EditableContractorInformation;
import com.insidecarefirst.associate.ciamservices.service.ciam_types.FullName;
import com.insidecarefirst.associate.ciamservices.service.ciam_types.Gender;
import com.insidecarefirst.associate.ciamservices.service.ciam_types.PersonStatus;
import com.insidecarefirst.associate.ciamservices.service.ciam_types.PersonType;
import com.insidecarefirst.associate.ciamservices.service.uaas_types.CreateAssociateInput;
import com.insidecarefirst.associate.ciamservices.service.uaas_types.CreateAssociateOutput;
import com.insidecarefirst.associate.ciamservices.service.uaas_types.CreateContractorInput;
import com.insidecarefirst.associate.ciamservices.service.uaas_types.CreateContractorOutput;
import com.insidecarefirst.associate.ciamservices.service.uaas_types.GenerateNextUserIDInput;
import com.insidecarefirst.associate.ciamservices.service.uaas_types.GenerateNextUserIDOutput;
import com.insidecarefirst.associate.ciamservices.service.uaas_types.ReactivatePersonInput;
import com.insidecarefirst.associate.ciamservices.service.uaas_types.ReactivatePersonOutput;
import com.insidecarefirst.associate.ciamservices.service.uaas_types.SuspendPersonInput;
import com.insidecarefirst.associate.ciamservices.service.uaas_types.SuspendPersonOutput;
import com.insidecarefirst.associate.ciamservices.service.uaas_types.TerminatePersonInput;
import com.insidecarefirst.associate.ciamservices.service.uaas_types.TerminatePersonOutput;
import com.insidecarefirst.associate.ciamservices.service.uaas_types.UpdateAssociateInput;
import com.insidecarefirst.associate.ciamservices.service.uaas_types.UpdateAssociateOutput;
import com.insidecarefirst.associate.ciamservices.service.uaas_types.UpdateContractorInput;
import com.insidecarefirst.associate.ciamservices.service.uaas_types.UpdateContractorOutput;
  
  String nextUserId = "";

URL url = new URL("http://associatedev.insidecarefirst.com/UAASCIAMWebServices/services/UAASPort");
		UAAS u = new UAAS(url);
		UAASPort port = u.getUAASPort();
		GenerateNextUserIDInput parameters = new GenerateNextUserIDInput();
		parameters.setUaasAdminUserID("aac5790");
		GenerateNextUserIDOutput s = port.generateNextUserID(parameters);
  System.out.println("s is:::"+s);
		 nextUserId = s.getAvailableUserID();
		System.out.println("Next user id is:::"+nextUserId);
    
  
   
  </Source>
</Rule>