<?xml version='1.0' encoding='UTF-8'?>
<!DOCTYPE Rule PUBLIC "sailpoint.dtd" "sailpoint.dtd">
<Rule language="beanshell" name="Log4j 2 Version">
  <Signature returnType="String">
    <Inputs>
      <Argument name="context">
        <Description>
            A sailpoint.api.SailPointContext object that can be used to
            query the database to aid in correlation.
          </Description>
      </Argument>
      <Argument name="log">
        <Description>
            log for debugging
          </Description>
      </Argument>
    </Inputs>
    <Returns>
      <Argument name="version">
        <Description>
            The Log4j 2.x version
          </Description>
      </Argument>
    </Returns>
  </Signature>
  <Source>
      
        String version = org.apache.logging.log4j.util.PropertiesUtil.class.getPackage().getImplementationVersion();

        return version;
      
    </Source>
</Rule>