<?xml version='1.0' encoding='UTF-8'?>
<!DOCTYPE Rule PUBLIC "sailpoint.dtd" "sailpoint.dtd">
<Rule language="beanshell" name="NN-ImportITRoles-Rule" type="Correlation">
  <Description>
    Import template-defined Roles from a CSV file.
  </Description>
  <Signature returnType="Map">
    <Inputs>
      <Argument name="log">
        <Description>
          The log object associated with the SailPointContext.
        </Description>
      </Argument>
      <Argument name="context">
        <Description>
          A sailpoint.api.SailPointContext object that can be used to query the database if necessary.
        </Description>
      </Argument>
    </Inputs>
  </Signature>
  <Source>
  // Sample Tool to import Roles.
  import java.io.File;
  import java.util.List;
  import java.util.HashMap;
  import sailpoint.tools.Util;
  import sailpoint.object.Application;
  import sailpoint.object.Bundle;
  import sailpoint.object.Classification;
  import sailpoint.object.ObjectClassification;
  import sailpoint.object.Identity;
  import sailpoint.object.IdentitySelector;
  import sailpoint.object.IdentitySelector.MatchExpression;
  import sailpoint.object.IdentitySelector.MatchTerm;
  import sailpoint.object.IdentitySelector.MatchTerm.Type;
  import sailpoint.object.Link;
  import sailpoint.object.Profile;
  import sailpoint.object.Filter;
  import sailpoint.object.Filter.LeafFilter;
  import sailpoint.object.QueryOptions;
  import sailpoint.object.Schema;
  import sailpoint.object.ManagedAttribute;
  import sailpoint.tools.RFC4180LineIterator;
  import sailpoint.tools.RFC4180LineParser;

  // getting the Entitlement values from exisitng role
  public List getEntValues(Bundle bundle){
    List entValueList  = new ArrayList();
    if(null != bundle){
      if(null != bundle.getProfiles()){
        List profiles = bundle.getProfiles();
        for (Profile profile : profiles) {
          List constraints = profile.getConstraints();
          for (Filter filter : constraints) {
            if(filter instanceof Filter.LeafFilter){
              Object value = ((LeafFilter) filter).getValue();
              if(value instanceof String){
                entValueList.add(value);
              }
              if(value instanceof List){
                entValueList.addAll((Collection) value);
              }
            }
          }

        }
        return entValueList; 
      }
    }
  }
  // Routine that takes a key/value hash of role data and builds it into roles
  // in IdentityIQ.  
  public void buildRole (HashMap roleHash) {
    System.out.println(" key Values Map "+roleHash);
    String strCiamAppID  = (String) roleHash.get("CIAM Application ID") != null ? (String) roleHash.get("CIAM Application ID") : "";
    String strCiamAppName  = (String) roleHash.get("CIAM Application Name") != null ? (String) roleHash.get("CIAM Application Name") : "";
    String strCiamBusRoleID  = (String) roleHash.get("CIAM Business Role ID") != null ? (String) roleHash.get("CIAM Business Role ID") : "";
    String strCiamBusinessRoleName  = (String) roleHash.get("CIAM Business Role Name") != null ? (String) roleHash.get("CIAM Business Role Name") : "";
    String strCiamITRoleName  = (String) roleHash.get("CIAM IT Role Name") != null ? (String) roleHash.get("CIAM IT Role Name") : "";
    String strCiamITRoleID  = (String) roleHash.get("CIAM IT Role ID") != null ? (String) roleHash.get("CIAM IT Role ID") : "";
    String strITRoleDesc = (String) roleHash.get("IT Role Description") != null ? (String) roleHash.get("IT Role Description") : "";
    String entsList = (String) roleHash.get("Attribute") != null ? (String) roleHash.get("Attribute") : "";
    String appName = (String) roleHash.get("End Point") != null ? (String) roleHash.get("End Point") : "";
    String attrName = (String) roleHash.get("AttributeName") != null ? (String) roleHash.get("AttributeName") : "";

    //unsused variables
    String strCartRoleID  = (String) roleHash.get("CART Role ID") != null ?  (String) roleHash.get("CART Role ID") : "";

    String strCartAppID  = (String) roleHash.get("CART Applciation ID") != null ?    (String) roleHash.get("CART Applciation ID") : "";
    String strCartAppName  = (String) roleHash.get("CART Application Name") != null ? (String) roleHash.get("CART Application Name")    : "";
    String strRoleProvisionType = (String) roleHash.get("Role Provision Type") != null ?    (String) roleHash.get("Role Provision Type")  : "";
    String strManualProvisionType  = (String) roleHash.get("Manual Provision Team") != null ? (String) roleHash.get("Manual Provision Team")     : "";
    String strUserType = (String) roleHash.get("User Type ( Associate or Contractor)") != null ?(String) roleHash.get("User Type ( Associate or Contractor)")    : "";
    String strRoleSensitivity = (String) roleHash.get("Role Sensitivity") != null ?   (String) roleHash.get("Role Sensitivity"): "";
    String strNofApprovals  = (String) roleHash.get("Number of Approvals") != null ?  (String) roleHash.get("Number of Approvals") : "";
    String strApproval1  = (String) roleHash.get("Approval 1") != null ?   (String) roleHash.get("Approval 1") : "";
    String strApproval2 = (String) roleHash.get("Approval 2") != null ?   (String) roleHash.get("Approval 2") : "";
    String strApproval3  = (String) roleHash.get("Approval 3") != null ? (String) roleHash.get("Approval 3")  : "";
    String strApproval4  = (String) roleHash.get("Approval 4") != null ?  (String) roleHash.get("Approval 4") : "";
    String strApproval5  = (String) roleHash.get("Approval 5") != null ? (String) roleHash.get("Approval 5") : "";
    String strApproval6  = (String) roleHash.get("Approval 6") != null ?  (String) roleHash.get("Approval 6"): "";
    String strApproval7  = (String) roleHash.get("Approval 7") != null ? (String) roleHash.get("Approval 7") : "";
    String strApproval8  = (String) roleHash.get("Approval 8") != null ? (String) roleHash.get("Approval 8") : "";
    String strApproval9  = (String) roleHash.get("Approval 9") != null ?  (String) roleHash.get("Approval 9"): "";

    Bundle role = context.getObject(Bundle.class, strCiamITRoleName);
    if (null == role) {
      System.out.println(" - role does not exist, creating new: " + strCiamITRoleName);
      role = new sailpoint.object.Bundle();
    }   
    if(Util.isNotNullOrEmpty(strCiamITRoleName)) {
      role.setName(strCiamITRoleName);
      role.setDisplayName(strCiamITRoleName);
      role.setType("it");
      role.setAttribute("ciamApplicationID", strCiamAppID);
      role.setAttribute("ciamApplicationName", strCiamAppName);
      role.setAttribute("ciamRoleID", strCiamBusRoleID); // need to add ciamBusinessROleID,and ciamITRoleID in IIQ.
      role.setAttribute("ciamBusinessRoleName", strCiamBusinessRoleName);
      // role.setAttribute("ciamBusinessITRoleName", strCiamBusinessITRoleName);
      // unused attributes
      role.setAttribute("cartRoleId", strCartRoleID);
      role.setAttribute("cartApplicationId", strCartAppID);
      role.setAttribute("cartApplicationName", strCartAppName);
      role.setAttribute("roleProvisionType", strRoleProvisionType);
      role.setAttribute("manualProvisionTeam", strManualProvisionType);
      role.setAttribute("roleSensitivity", strRoleSensitivity);
      role.setAttribute("userType", strUserType);
      role.setAttribute("noofapprovals", strNofApprovals);
      role.setAttribute("approval1", strApproval1);
      role.setAttribute("approval2", strApproval2);
      role.setAttribute("approval3", strApproval3);
      role.setAttribute("approval4", strApproval4);
      role.setAttribute("approval5", strApproval5);
      role.setAttribute("approval6", strApproval6);
      role.setAttribute("approval7", strApproval7);
      role.setAttribute("approval8", strApproval8);
      role.setAttribute("approval9", strApproval9);
    }


    if(Util.isNotNullOrEmpty(strITRoleDesc)) {
      Map descMap  = new HashMap();
      descMap.put("en_US", strITRoleDesc);
      role.setDescriptions(descMap);
    }

    String roleOwner = "";
    Identity ownerId = context.getObject(Identity.class, roleOwner);
    if (null == ownerId) {
      System.out.println(" - WARNING: Could not find owner [" +  roleOwner + "] using 'spadmin' instead.");
      ownerId = context.getObject(Identity.class, "spadmin");
    }
    role.setOwner(ownerId);



    // Lookup the application for the role, if one is required.
    Application appObj = null;
    if ((null != appName) &amp;&amp; (0 &lt; appName.length())) {
      appObj = context.getObject(Application.class, appName);
      if (null == appObj) {
        System.out.println("ERROR: Could not find application: " + appName);
        System.out.println("ERROR: Skipping role creation for " + strCiamITRoleName);
        Application ciamAppObj = context.getObject(Application.class, "CIAM_USER_ROLE_SYNC");
        ManagedAttribute ma=new ManagedAttribute();
        ma.setDisplayName(entsList);
        ma.setValue(entsList);
        ma.setApplication(ciamAppObj);
        ma.setAttribute("entitlement");
        ma.setType("Entitlement");
        ma.setRequestable(false);
        context.saveObject(ma);
        context.commitTransaction();
        appObj = ciamAppObj; 
        //  return;		 

      }
    }

    String entAttrName = "";
    // Make sure the application (if specified) has the specified entitlement.
    if (null != appObj) {
      Schema appSchema = appObj.getSchema("account");
      if (null != appSchema) {
        List entAttrNames = appSchema.getEntitlementAttributeNames();
        if ((null != entAttrNames) &amp;&amp; (1 == entAttrNames.size())) {
          // Deterministic single entitlement name.
          entAttrName = entAttrNames.get(0);
          if (!entAttrName.equals(attrName)) {
            System.out.println(" - WARNING: Replacing CSV attribute [" +     attrName +   "] with schema attribute [" + entAttrName +"] ");
            attrName = entAttrName;
          } 

        }
      }
    }

    // Convert the entitlements list into a java.util.List object.
    if ((null != entsList) &amp;&amp; (0 &lt; entsList.length())) {
      entsList = entsList.replace("\\/", "/");
    }
    // RFC4180LineParser entParser = new RFC4180LineParser("|");
    // List entitlements = entParser.parseLine(entsList);


    // Handle IT-role specifc build out options here.


    // Clear out the previous profiles on the role.
    if (null != role.getProfiles()) {
      // role.getProfiles().clear();
    }	  
    List entitlements = new ArrayList();
    Bundle newRole = context.getObjectByName(Bundle.class,role.getName());
    if(newRole != null){
      entitlements = getEntValues(newRole);
    }
    entitlements.add(entsList);
    // Build the filterString for entitlements matching this IT role.
    String comma = "";
    String filterString = attrName + ".containsAllIgnoreCase({";
    for (String entValue : entitlements) {
      filterString += comma + "\"" + entValue + "\"";
      comma = ",";
    }
    filterString += "})";

    Filter filter = Filter.compile(filterString);   
    List filterList = new ArrayList();
    filterList.add(filter);
System.out.println("Inside create IT Role Method 111111111111111111");
 /*  if(role.getProfiles() != null){
      System.out.println("Inside create IT Role Method 2222222222222222222222222222222");
      List profiles = role.getProfiles();

      for (Profile prof : profiles) {
        if(null != prof.getApplication()){
          System.out.println("Inside create IT Role Method 333333333333333333333333333");
        Application profileObj = prof.getApplication();
          
        if(profileObj.getName().equalsIgnoreCase(appObj.getName())){
        //  prof.setConstraints(filterList);
          System.out.println("Inside iff Application name is same");
          List constraints = prof.getConstraints();
			for (Filter filter : constraints) {
				if(filter instanceof Filter.LeafFilter){
          System.out.println("Inside create IT Role Method 444444444444444444");

				//	filter.getExpression();
					((Filter.LeafFilter) filter).setValue(entitlements);
          System.out.println("Inside create IT Role Method 555555555555555555555");
				prof.addConstraint(filter);
          role.add(prof);
          System.out.println("Inside create IT Role Method 6666666666666666666666666666666");
			}
		}
          //prof.setDescription("Entitlements required by '" + strCiamITRoleName + "' for " + appName);
        //profile.setApplication(appObj);
         // profile.addConstraint(filter);
          //role.add(prof);
        }
        }

      }
    }  
   else
   { */
     System.out.println("Inside create IT Role Method 7777777777777777777");
      Profile profile = new Profile();
      profile.setDescription("Entitlements required by '" + strCiamITRoleName + "' for " + appName);
      profile.setApplication(appObj);
      //profile.addConstraint(filter);
      profile.setConstraints(filterList);
      role.add(profile);
     System.out.println("Inside create IT Role Method 88888888888888888888");

   // }

    System.out.println("role: " + role.toXml());
    context.saveObject(role);
    context.commitTransaction();

    return;
  }

  // What delimiter do we want to use in the CSV file.
  String dlm = ",";

  String csvFileName ="//home//iqadmin//Data//BulkRoleImport//CiamBulkITRole.csv";
  //String csvFileName ="////sv-tivdi-p2//e$//CareFirst//Data//BulkRoleImport//ImportRolesDemo//BusinessRoles.csv";

  File testFile = new File(csvFileName);
  if ((!testFile.exists()) || (testFile.isDirectory())) {
    System.out.println("Unable to find file: " + csvFileName);
    return;
  }

  System.out.println("Importing Roles from: '" + csvFileName + "' ...");

  // Open the CSV file for reading.
  BufferedReader fileIn = new BufferedReader(new FileReader(csvFileName));

  RFC4180LineParser parser = new RFC4180LineParser(dlm);
  System.out.println(" After RFC418 ");
  int lineCounter = 0;
  ArrayList headerStrings = new ArrayList();
  String thisLine = null;
  System.out.println(" Before while ");
  while (null != (thisLine = fileIn.readLine())) {
    System.out.println("Inside while ");

    List tokens = parser.parseLine(thisLine);
    System.out.println(" tokens: " + tokens);

    if (lineCounter == 0) {
      System.out.println(" Inside IF condition: ");
      // Header Line.
      // Assign indexes to each position.
      for (int i=0; i &lt; tokens.size(); i++) {
        headerStrings.add(tokens.get(i).trim());
      }	  
    } else {
      // Data Line.  Read the data elements out.
      HashMap lineHash = new HashMap();
      System.out.println(" Inside else condition: ");
      for (int i=0; i &lt; tokens.size(); i++) {
        String headerString = headerStrings.get(i);
        String valueString = tokens.get(i);
        if (null != valueString) { valueString = valueString.trim(); }
        System.out.println ("header " + headerString + " == " + valueString);
        lineHash.put(headerString, valueString);
      }	
      System.out.println(" Before calling buildRole: " );
      buildRole (lineHash);
      System.out.println(" After calling buildRole: " );

    }

    lineCounter++;

    // Don't let objects accrue in memory, flush them out every so often.
    if ((lineCounter % 20) == 0) { context.decache(); }

  } 

  fileIn.close();

  System.out.println("Role import Complete.");

  return "Success";
  </Source>
</Rule>