<?xml version='1.0' encoding='UTF-8'?>
<!DOCTYPE Rule PUBLIC "sailpoint.dtd" "sailpoint.dtd">
<Rule language="beanshell" name="NN-MailboxReassign-Rule" type="ConnectorAfterCreate">
  <Attributes>
    <Map>
      <entry key="ObjectOrientedScript" value="true"/>
      <entry key="disabled" value="false"/>
      <entry key="extension" value=".ps1"/>
      <entry key="program" value="powershell.exe"/>
      <entry key="timeout" value="150"/>
    </Map>
  </Attributes>
  <Description>
    An IdentityIQ Server-Side rule that is executed AFTER the connector's provisioning method is called. 
    This rule is called after accounts have been created on the underlying AD domain.
  </Description>
  <Signature>
    <Inputs>
      <Argument name="log">
        <Description>
          The log object associated with the SailPointContext.
        </Description>
      </Argument>
      <Argument name="context">
        <Description>
          A sailpoint.api.SailPointContext object that can be used to query the database if necessary.
        </Description>
      </Argument>
      <Argument name="plan">
        <Description>
          The ProvisioningPlan object on its way to the Connector.
        </Description>
      </Argument>
      <Argument name="application">
        <Description>
          The application object that references this before/after script.
        </Description>
      </Argument>
    </Inputs>
  </Signature>
  <Source>
  Add-type -path  E:\IQService\utils.dll


    try{

    ECHO "Before creating the Variables 111111111111****" |Add-Content -path E:\Test\mailboxReassignLogs.txt -FORCE
      $sReader = New-Object System.IO.StringReader([System.String]$env:Request); 
    ECHO "after sreader 2222 ****" |Add-Content -path E:\Test\mailboxReassignLogs.txt -FORCE
      $xmlReader = [System.xml.XmlTextReader]([sailpoint.Utils.xml.XmlUtil]::getReader($sReader)); 
    ECHO "after xmlreader 333333  ****" |Add-Content -path E:\Test\mailboxReassignLogs.txt -FORCE
      $requestObject = New-Object Sailpoint.Utils.objects.AccountRequest($xmlReader);

    ECHO "Declared OOB Varaibles 444444444****" |Add-Content -path E:\Test\mailboxReassignLogs.txt -FORCE


      foreach ($attribute in $requestObject.AttributeRequests){

      if($attribute.Name -eq "identityName"){
        $userID  = $attribute.Value

      }
      if($attribute.Name -eq "manageruserid"){
        $managerUserID  = $attribute.Value

      }
    }
    Add-MailboxPermission -Identity $userID -User  $managerUserID AccessRights FullAccess
      ECHO "User folder  moved to manager Folder 5555555555****" |Add-Content -path E:\Test\mailboxReassignLogs.txt -FORCE
        $path = "E:\Test\"
        $homeDirectory = $path + $managerUserID + $userID
        ECHO "Homedirectory ****" $homeDirectory |Add-Content -path E:\Test\mailboxReassignLogs.txt -FORCE
          $currentACL = Get-ACL -path $homeDirectory
          $AccessRule = New-Object System.Security.AccessControl.FileSystemAccessRule($managerUserID,"Read","Allow")
          $currentACL.SetAccessRule($AccessRule)
          $currentACL | Set-Acl -path $homeDirectory 
          ECHO "Manager added in User folder 6666666666666****" |Add-Content -path E:\Test\mailboxReassignLogs.txt -FORCE

  }

  catch{
    ECHO "error:" $_.exception.message|Add-Content -path E:\mailboxReassignError.txt -FORCE
  }


  </Source>
</Rule>