<?xml version='1.0' encoding='UTF-8'?>
<!DOCTYPE Rule PUBLIC "sailpoint.dtd" "sailpoint.dtd">
<Rule language="beanshell" name="NN-Static-HomedriveCreation-Rule" type="ConnectorAfterCreate">
  <Attributes>
    <Map>
      <entry key="ObjectOrientedScript" value="true"/>
      <entry key="disabled" value="false"/>
      <entry key="extension" value=".ps1"/>
      <entry key="program" value="powershell.exe"/>
      <entry key="timeout" value="50000"/>
    </Map>
  </Attributes>
  <Description>
    An IdentityIQ Server-Side rule that is executed AFTER the connector's provisioning method is called. 
    This rule is called after accounts have been created on the underlying AD domain.
  </Description>
  <Signature>
    <Inputs>
      <Argument name="log">
        <Description>
          The log object associated with the SailPointContext.
        </Description>
      </Argument>
      <Argument name="context">
        <Description>
          A sailpoint.api.SailPointContext object that can be used to query the database if necessary.
        </Description>
      </Argument>
      <Argument name="plan">
        <Description>
          The ProvisioningPlan object on its way to the Connector.
        </Description>
      </Argument>
      <Argument name="application">
        <Description>
          The application object that references this before/after script.
        </Description>
      </Argument>
    </Inputs>
  </Signature>
  <Source>
     #  Add-type -path E:\sailpoint\IQService\utils.dll -ErrorAction Stop
  # Add-type -path E:\IQService\utils.dll
      
        try{
    
    ECHO "**** Testing Homedrive and Homedirectory creation*111***"Get-Date |Add-Content -path E:\Test\static-succes.txt -FORCE
      

 $path = "E:\Test\"
  #  $path ="\\carefirst.com\corp\cdchome\"
      

$homeDirectory = $path + 'APF9495'
      ECHO $homeDirectory  |Add-Content -path E:\Test\succes.txt -FORCE
new-item -path $homeDirectory -itemtype directory;
ECHO "**** Testing Homedrive and Homedirectory Createdd2222****" |Add-Content -path E:\Test\static-succes.txt -FORCE
$Domain = 'BCBSMD'
$userId = 'AD - Security Admins'
$UsersAm = "$Domain\$userId"


$FileSystemAccessRights = [System.Security.AccessControl.FileSystemRights]"FullControl"

$InheritanceFlags = [System.Security.AccessControl.InheritanceFlags]::"ContainerInherit", "ObjectInherit"

$PropagationFlags = [System.Security.AccessControl.PropagationFlags]::None

$AccessControl =[System.Security.AccessControl.AccessControlType]::Allow 

$NewAccessrule = New-Object System.Security.AccessControl.FileSystemAccessRule($UsersAm, $FileSystemAccessRights, $InheritanceFlags, $PropagationFlags, $AccessControl)

  ECHO "**** Testing Homedrive and Homedirectory creation33333333****" |Add-Content -path E:\Test\static-succes.txt -FORCE
    
    
    $currentACL = Get-ACL -path $homeDirectory

$currentACL.SetAccessRule($NewAccessrule)

    
	    ECHO "**** Testing Homedrive and Homedirectory 4444444****" |Add-Content -path E:\Test\static-succes.txt -FORCE
	$acl = Get-Acl -path $homeDirectory
	$AccessRule = New-Object System.Security.AccessControl.FileSystemAccessRule("AAC4398","Read","Allow")
	$acl.SetAccessRule($AccessRule)
	$acl | Set-Acl -path $homeDirectory    
   
     
        
      ECHO "**** Completed ****" |Add-Content -path E:\Test\static-succes.txt -FORCE
    
        
 }
   

  catch{
    ECHO "error:" $_.exception.message|Add-Content -path E:\Test\static-ErrorFile.txt -FORCE
  }

  return "Success";
  </Source>
</Rule>