<?xml version='1.0' encoding='UTF-8'?>
<!DOCTYPE Rule PUBLIC "sailpoint.dtd" "sailpoint.dtd">
<Rule language="beanshell" name="Objects in Requestor's Authorized Scopes" type="RequestObjectSelector">
  <Description>
    This rule returns either a Filter object that will be used to search for objects in the requestor's authorized scopes,
    the boolean value 'true' to indicate that everything should be returned (i.e. no restrictions) 
    or the boolean value 'false' to indicate that no objects are available for this user
  </Description>
  <Signature returnType="sailpoint.object.QueryInfo">
    <Inputs>
      <Argument name="log">
        <Description>
          The log object associated with the SailPointContext.
        </Description>
      </Argument>
      <Argument name="context">
        <Description>
          A sailpoint.api.SailPointContext object that can be used to query the database if necessary.
        </Description>
      </Argument>
      <Argument name="requestor" type="sailpoint.object.Identity">
        <Description>
          Identity that is making the Life Cycle Manager request.
        </Description>
      </Argument>
      <Argument name="requestee" type="sailpoint.object.Identity">
        <Description>
          Identity on whose behalf the Life Cycle Manager request is being made.  In the case of bulk requests,
          this argument will be set to null when determining the roles that are visible to the requestor.
          It will be provided once a selection has been made in order to determine whether or not the given requestee
          should have access to the selected role.
        </Description>
      </Argument>
    </Inputs>
    <Returns>
      <Argument name="filter">
        <Description>
          Either a Filter object that will be used to search for accessible Objects, the boolean value 'true' to indicate that everything should be
          returned (i.e. no restrictions) or the boolean value 'false' to indicate that no objects are available for this population 
        </Description>
      </Argument>
    </Returns>
  </Signature>
  <Source>
    
      import sailpoint.api.ScopeService;
      
      ScopeService scopeService = new ScopeService(context);
      return scopeService.getControlledScopesQueryInfo(requestor);
    
  </Source>
</Rule>