<?xml version='1.0' encoding='UTF-8'?>
<!DOCTYPE Rule PUBLIC "sailpoint.dtd" "sailpoint.dtd">
<Rule language="beanshell" name="Objects in Requestor's Authorized Scopes or Requestee's Assigned Scope" type="RequestObjectSelector">
  <Description>This rule returns a Filter that restricts roles to those in the requestor's authorized scopes or the requestee's assigned scope</Description>
  <Signature returnType="sailpoint.object.QueryInfo">
    <Inputs>
      <Argument name="log">
        <Description>
          The log object associated with the SailPointContext.
        </Description>
      </Argument>
      <Argument name="context">
        <Description>
          A sailpoint.api.SailPointContext object that can be used to query the database if necessary.
        </Description>
      </Argument>
      <Argument name="requestor" type="sailpoint.object.Identity">
        <Description>
          Identity that is making the Life Cycle Manager request.
        </Description>
      </Argument>
      <Argument name="requestee" type="sailpoint.object.Identity">
        <Description>
          Identity on whose behalf the Life Cycle Manager request is being made.  In the case of bulk requests,
          this argument will be set to null when determining the roles that are visible to the requestor.
          It will be provided once a selection has been made in order to determine whether or not the given requestee
          should have access to the selected role.
        </Description>
      </Argument>
    </Inputs>
    <Returns>
      <Argument name="filter">
        <Description>
          A Filter object that will be used to search for accessible objects.
        </Description>
      </Argument>
    </Returns>
  </Signature>
  <Source>
    
        import sailpoint.api.ScopeService;
        import sailpoint.object.Filter;
        import sailpoint.object.Identity;
        import sailpoint.object.QueryInfo;
        import sailpoint.object.QueryOptions;        

        ScopeService scopeService = new ScopeService(context);
        QueryInfo requestorQueryInfo =  scopeService.getControlledScopesQueryInfo(requestor);
        QueryInfo requesteeQueryInfo;
        if (requestee == null) {
            requesteeQueryInfo = null;
        } else {
            requesteeQueryInfo =  scopeService.getAssignedScopeQueryInfo(requestee);
        }

        QueryInfo scopeQueryInfo;
        if (requesteeQueryInfo == null || requesteeQueryInfo.isReturnNone()) {
            // Either no requestee was available or the requestee doesn't have anything in scope.  
            // Only apply the requestor QueryInfo in either case.
            scopeQueryInfo = requestorQueryInfo;
        } else if (requestorQueryInfo != null &amp;&amp; !requestorQueryInfo.isReturnNone()) {
            if (requestorQueryInfo.isReturnAll() || requesteeQueryInfo.isReturnAll()) {
                // If either the requestor or requestee has access to everything create a QueryInfo that grants
                // access to everything
                scopeQueryInfo = new QueryInfo(new QueryOptions());
            } else {
                // Both requestee and requestor filters exist so 'or' them
                scopeQueryInfo = new QueryInfo(Filter.or(requestorQueryInfo.getFilter(), requesteeQueryInfo.getFilter()), false);
            }
        } else {
            // The requestor doesn't have access to anything so only return whatever the requestee has access to
            scopeQueryInfo = requesteeQueryInfo;
        }

        return scopeQueryInfo;
    
  </Source>
</Rule>