<?xml version='1.0' encoding='UTF-8'?>
<!DOCTYPE Rule PUBLIC "sailpoint.dtd" "sailpoint.dtd">
<Rule language="beanshell" name="PolicyViolationPOC-Rule" type="Policy">
  <Description>This rule is used to determine if a Policy has been violated.</Description>
  <Signature returnType="PolicyViolation">
    <Inputs>
      <Argument name="log">
        <Description>
          The log object associated with the SailPointContext.
        </Description>
      </Argument>
      <Argument name="context">
        <Description>
          A sailpoint.api.SailPointContext object that can be used to query the database if necessary.
        </Description>
      </Argument>
      <Argument name="identity">
        <Description>
          The Identity being inspected.
        </Description>
      </Argument>
      <Argument name="policy">
        <Description>
          The Policy being evaluated.
        </Description>
      </Argument>
      <Argument name="constraint">
        <Description>
          The Constraint being evaluated.
        </Description>
      </Argument>
    </Inputs>
    <Returns>
      <Argument name="violation">
        <Description>
          The PolicyViolation object.
        </Description>
      </Argument>
    </Returns>
  </Signature>
  <Source>import sailpoint.object.*;
import java.util.*;
import java.text.*;
import org.apache.log4j.Logger;
import org.apache.log4j.Level;

Logger log = Logger.getLogger("identity.test.sodPolicy");
log.debug("=== ENTER: Test SOD Policy ===");

PolicyViolation polVil = null;
boolean isViolation = false;

if (identity != null) {
String identityName = identity.getName();
// log.debug(" Test SOD : identityName ---"+identityName);
System.out.println(" Test SOD2 : identityName ---"+identityName);

List roleAssigns = identity.getAssignedRoles();
log.debug("Have roleAssigns: " + roleAssigns);


if (roleAssigns != null){
log.debug("# currently assigned = " + roleAssigns.size());

for (Bundle roleAssign : roleAssigns){
String rName = roleAssign.getName();
log.debug("Have role assign: " + rName);
System.out.println(" rName2---"+rName);
System.out.println(" roleAssign.getAttribute2---"+roleAssign.getAttribute("assignment_condition"));
if(rName.equalsIgnoreCase("AD-TEST-ASAP99A RO")){
if(roleAssign.getAttribute("assignment_condition").equals(identityName)){
isViolation=false;
}
else{
isViolation = true;
}
System.out.println(" isViolation 2---"+isViolation);
}
}
}

List links = identity.getLinks();

}

//==Check for Violation
if (isViolation) {
log.debug(" Test SOD : Inside Violation ---");
polVil = new PolicyViolation();
polVil.setActive(true);
polVil.setIdentity(identity);
polVil.setPolicy(policy);
polVil.setDescription("This combination of Role is not allowed for the Identity");
}

log.debug("=== EXIT: Test SOD Policy ===");
return polVil;</Source>
</Rule>