<?xml version='1.0' encoding='UTF-8'?>
<!DOCTYPE Rule PUBLIC "sailpoint.dtd" "sailpoint.dtd">
<Rule language="beanshell" name="RoleProfileRemovalTest-Rule" type="Correlation">
  <Description>
    Import template-defined Roles from a CSV file.
  </Description>
  <Signature returnType="Map">
    <Inputs>
      <Argument name="log">
        <Description>
          The log object associated with the SailPointContext.
        </Description>
      </Argument>
      <Argument name="context">
        <Description>
          A sailpoint.api.SailPointContext object that can be used to query the database if necessary.
        </Description>
      </Argument>
    </Inputs>
  </Signature>
  <Source>
  // Sample Tool to import Roles.
  import java.io.File;
  import java.util.List;
  import java.util.HashMap;
  import sailpoint.tools.Util;
  import sailpoint.object.Application;
  import sailpoint.object.Bundle;
  import sailpoint.object.Custom;
  import sailpoint.object.Classification;
  import sailpoint.object.ObjectClassification;
  import sailpoint.object.Identity;
  import sailpoint.object.IdentitySelector;
  import sailpoint.object.IdentitySelector.MatchExpression;
  import sailpoint.object.IdentitySelector.MatchTerm;
  import sailpoint.object.IdentitySelector.MatchTerm.Type;
  import sailpoint.object.Link;
  import sailpoint.object.Profile;
  import sailpoint.object.Filter;
  import sailpoint.object.Filter.LeafFilter;
  import sailpoint.object.QueryOptions;
  import sailpoint.object.Schema;
  import sailpoint.object.ManagedAttribute;
  import sailpoint.tools.RFC4180LineIterator;
  import sailpoint.tools.RFC4180LineParser;


  // Routine that takes a key/value hash of role data and builds it into roles
  // in IdentityIQ.  
    
  public void validateEntitlement (String entitlement,String application,String roleName) { 
    
      Bundle role = context.getObject(Bundle.class, roleName);
    
    if(role!=null){
    
      Application app = context.getObjectByName(Application.class, application);
      List apps = new ArrayList();
  		apps.add(app);
  //String s = "cn=PX_Blue2_Users,ou=PX Blue2,ou=groups,DC=CAREFIRST,DC=COM";
			boolean flag=false;
      if((role.getProfilesForApplications(apps) != null) @and (role.getProfilesForApplications(apps).size()&gt;0)){
        System.out.println("Inside create IT Role Method 2222222222222222222222222222222");
        List profiles = role.getProfilesForApplications(apps);
       // return profiles;
        int size = profiles.size();
        //return size;
         System.out.println("Inside create IT Role Method profiles size is "+size);
        Profile prof = profiles.get(0);
        
        List constraints = prof.getConstraints();
       // return constraints;
        int c=0;
        role.remove(prof);
        context.saveObject(role);
      context.commitTransaction();
      
      }
        
      
  }
    else{
     System.out.println(" inside role else loop");
      Custom customObj = context.getObjectByName(Custom.class,"Missing-IT-RolesNew");
      if(customObj == null){
        customObj = new Custom();
        customObj.setName("Missing-IT-RolesNew");
        customObj.put(roleName, roleName);

      }
      else{
        customObj.put(roleName, roleName);
      }

      context.saveObject(customObj);
      context.commitTransaction();
    }
  }



  
 /* public void validateBusinessRole (HashMap roleHash) { 
    
      System.out.println(" key Values Map "+roleHash);
    String strCiamBusinessRoleName = (String) roleHash.get("CIAM Business Role Name") != null ? (String) roleHash.get("CIAM Business Role Name") : "";   
    String subRoles = (String) roleHash.get("CIAM Business IT Role Name") != null ? (String) roleHash.get("CIAM Business IT Role Name"): "";

    //unsused variables
    validateITRole(subRoles,strCiamBusinessRoleName);
  }*/
  public void validateRole (HashMap roleHash) { 
    
      System.out.println(" key Values Map "+roleHash);
    String strCiamITRoleName  = (String) roleHash.get("CIAM IT Role Name") != null ? (String) roleHash.get("CIAM IT Role Name") : "";    
    String entitlementName = (String) roleHash.get("Attribute") != null ? (String) roleHash.get("Attribute") : "";
    String appName = (String) roleHash.get("End Point") != null ? (String) roleHash.get("End Point") : "";
    String attrName = (String) roleHash.get("AttributeName") != null ? (String) roleHash.get("AttributeName") : "";

    //unsused variables
    validateEntitlement(entitlementName,appName,strCiamITRoleName);
  }
      
  // What delimiter do we want to use in the CSV file.
  String dlm = ",";
  //String csvFileName ="//home//iqadmin//Data//BulkRoleImport//SP_Managed_DAC-IT-Roles.csv";
 //String csvFileName ="//home//iqadmin//Data//BulkRoleImport//SPManagedMissingITRoles.csv";
  
  
 // String csvFileName ="//home//iqadmin//Data//BulkRoleImport//CIAMRoleSync_ITRoles.csv";
  //String csvFileName ="//home//iqadmin//Data//BulkRoleImport//missingITRoles_retry.csv"; 
  
  
  
//String csvFileName ="//home//iqadmin//Data//BulkRoleImport//NNTestITRoles-SameTarget.csv";
   //String csvFileName ="//home//iqadmin//Data//BulkRoleImport//CIAM_Managed_MAC-IT-Roles.csv";
  //String csvFileName ="//home//iqadmin//Data//BulkRoleImport//RoleUpdate//RoleValidation_Test.csv";
  
  //String csvFileName ="//home//iqadmin//Data//BulkRoleImport//Rnew//SP_Managed_DAC-IT-Roles_b3.csv";
  
  String csvFileName ="//home//iqadmin//Data//BulkRoleImport//Rnew//CIAM Managed_DAC_01_25_21.csv";
  
  //String csvFileName ="//home//iqadmin//Data//BulkRoleImport//Rnew//SemiAuto-IT-Roles.csv";
  
  //String csvFileName ="//home//iqadmin//Data//BulkRoleImport//CIAM_Managed_MAC-IT-Roles.csv";

  // String csvFileName ="//home//iqadmin//Data//NNTestITRoles.csv";


  //String csvFileName ="////sv-tivdi-p2//e$//CareFirst//Data//BulkRoleImport//ImportRolesDemo//BusinessRoles.csv";

  File testFile = new File(csvFileName);
  if ((!testFile.exists()) || (testFile.isDirectory())) {
    System.out.println("Unable to find file: " + csvFileName);
    return;
  }

  System.out.println("Importing Roles from: '" + csvFileName + "' ...");

  // Open the CSV file for reading.
  BufferedReader fileIn = new BufferedReader(new FileReader(csvFileName));

  RFC4180LineParser parser = new RFC4180LineParser(dlm);
  System.out.println(" After RFC418 ");
  int lineCounter = 0;
  ArrayList headerStrings = new ArrayList();
  String thisLine = null;
  System.out.println(" Before while ");
  while (null != (thisLine = fileIn.readLine())) {
    System.out.println("Inside while ");

    List tokens = parser.parseLine(thisLine);
    System.out.println(" tokens: " + tokens);

    if (lineCounter == 0) {
      System.out.println(" Inside IF condition: ");
      // Header Line.
      // Assign indexes to each position.
      for (int i=0; i &lt; tokens.size(); i++) {
        headerStrings.add(tokens.get(i).trim());
      }	  
    } else {
      // Data Line.  Read the data elements out.
      HashMap lineHash = new HashMap();
      System.out.println(" Inside else condition: ");
      for (int i=0; i &lt; tokens.size(); i++) {
        String headerString = headerStrings.get(i);
        String valueString = tokens.get(i);
        if (null != valueString) { valueString = valueString.trim(); }
        System.out.println ("header " + headerString + " == " + valueString);
        lineHash.put(headerString, valueString);
      }	
    //return lineHash;
      System.out.println(" Before calling buildRole: " );
      validateRole (lineHash);
  // validateBusinessRole(lineHash);
      System.out.println(" After calling buildRole: " );

    }

    lineCounter++;

    // Don't let objects accrue in memory, flush them out every so often.
    if ((lineCounter % 20) == 0) { context.decache(); }

  } 

  fileIn.close();

  System.out.println("Role import Complete.");

  return "Success";
  </Source>
</Rule>