<?xml version='1.0' encoding='UTF-8'?>
<!DOCTYPE Rule PUBLIC "sailpoint.dtd" "sailpoint.dtd">
<Rule language="beanshell" name="SP-CIAM-EmailCheck">
  <Description>
    An IdentityIQ Server-Side rule that is executed AFTER the connector's provisioning method is called. 
    This rule is called after accounts have been created on the underlying AD domain.
  </Description>
  <Signature>
    <Inputs>
      <Argument name="log">
        <Description>
          The log object associated with the SailPointContext.
        </Description>
      </Argument>
      <Argument name="context">
        <Description>
          A sailpoint.api.SailPointContext object that can be used to query the database if necessary.
        </Description>
      </Argument>
    </Inputs>
  </Signature>
  <Source>
  
import java.rmi.RemoteException;

import EmailCheck_WebService_thisNamespace.EmailCheck_WebService_definitionNamePortTypeProxy;


		
		//**Email generation logic happens before this */		
		EmailCheck_WebService_definitionNamePortTypeProxy t = new EmailCheck_WebService_definitionNamePortTypeProxy();
		t.setEndpoint("http://associate.insidecarefirst.com/EmailChecker/EmailChecker");
		
		String s = t.emailCheck_WebService("aac5790@carefirst.com");
		
		System.out.println(s);

	
return s;
 
   
  </Source>
</Rule>