<?xml version='1.0' encoding='UTF-8'?>
<!DOCTYPE Rule PUBLIC "sailpoint.dtd" "sailpoint.dtd">
<Rule language="beanshell" name="testPowershell" type="ConnectorAfterCreate">
  <Attributes>
    <Map>
      <entry key="ObjectOrientedScript" value="true"/>
      <entry key="disabled" value="false"/>
      <entry key="extension" value=".ps1"/>
      <entry key="program" value="powershell.exe"/>
      <entry key="timeout" value="120"/>
    </Map>
  </Attributes>
  <Description>  
  This example is for IQService Script.    
  </Description>
  <Signature returnType="Map">
    <Inputs>
      <Argument name="email">
        <Description>
            Email address to call powershell script 
        </Description>
      </Argument>
    </Inputs>
    <Returns>
      <Argument name="response">
        <Description>
            Response of the Powershell script.
          </Description>
      </Argument>
    </Returns>
  </Signature>
  <Source>
Add-type -path "C:\Program Files\IQS\Utils.dll";

# Read the environment variables
$sReader = New-Object System.IO.StringReader([System.String]$env:Request);
   
$xmlReader = [System.xml.XmlTextReader]([sailpoint.Utils.xml.XmlUtil]::getReader($sReader)); 
$requestObject = New-Object Sailpoint.Utils.objects.AccountRequest($xmlReader);
$resultObject = New-Object Sailpoint.Utils.objects.ServiceResult;

#Check if the request was processed successfully
foreach ($attribute in $requestObject.AttributeRequests){
	if($attribute.Name -eq "email"){
		$attribute.Value |  Out-File -filepath C:\Scripts\email.txt
		$result=C:\Scripts\charlietest.ps1 $attribute.Value
	}
}

"Result IS $result $args" | Out-File -filepath C:\Scripts\homedirresult.txt
[System.Collections.ArrayList]$messagesList = @()

if($result -ne 0) {
	$messagesList.Add("An error occured");
	$messagesList.Add($result);
	"ResultObject is $resultObject" | Out-File -Append -filepath C:\Scripts\result.txt
	$resultObject.Errors = $messagesList
	$resultObject.toxml() | Out-File -Append -filepath C:\Scripts\result.txt
}
  
$env:Result = $resultObject.toxml()
$PSCommandPath = $MyInvocation.MyCommand.Path
$PSCommandPath = $PSCommandPath.replace(".ps1",".tmp")
$resultObject.toxml()
$resultObject.toxml() | Out-File -FilePath $PSCommandPath -Append;
  </Source>
</Rule>